{
    "speed": -7.341669913194045e-05,
    "steer": -0.019625812768936157,
    "throttle": 0.0,
    "brake": 1.0,
    "wp_6": [
        -0.01824304461479187,
        0.5039383172988892
    ],
    "wp_5": [
        -0.010514718480408192,
        0.3418719172477722
    ],
    "wp_4": [
        -0.007689961232244968,
        0.2855910062789917
    ],
    "wp_3": [
        -0.004801031667739153,
        0.1869158148765564
    ],
    "wp_2": [
        -0.006067628040909767,
        0.13734188675880432
    ],
    "wp_1": [
        -0.00279293954372406,
        0.11143064498901367
    ],
    "aim": [
        -0.010514718480408192,
        0.3418719172477722
    ],
    "target": [
        0.6201083237392555,
        14.146224646824654
    ],
    "desired_speed": 0.15721089541912078,
    "angle": -0.019573908059966956,
    "angle_last": -0.030334946988312822,
    "angle_target": 0.02788875906467341,
    "angle_final": -0.019573908059966956,
    "delta": 0.15728431211825272,
    "log_entries": [
        "norm1:0.12",
        "norm2:0.16",
        "norm3:0.24",
        "norm4:0.31",
        "norm5:0.42",
        " ",
        " ",
        " ",
        " ",
        " ",
        " ",
        " ",
        " ",
        " ",
        " ",
        " ",
        " ",
        " "
    ],
    "agent": "only_traj",
    "steer_traj": -0.01962581338731634,
    "throttle_traj": 0.0,
    "brake_traj": 1.0,
    "plan": [
        [
            -0.00279293954372406,
            0.11143064498901367
        ],
        [
            -0.006067628040909767,
            0.13734188675880432
        ],
        [
            -0.004801031667739153,
            0.1869158148765564
        ],
        [
            -0.007689961232244968,
            0.2855910062789917
        ],
        [
            -0.010514718480408192,
            0.3418719172477722
        ],
        [
            -0.01824304461479187,
            0.5039383172988892
        ]
    ],
    "command": 3,
    "redefined_command": 3,
    "cmd_softmax_output": [
        0.9999756813049316,
        2.2268381144385785e-05,
        1.9962396891060052e-06
    ],
    "all_plan": [
        [
            [
                0.005437003448605537,
                0.534369945526123
            ],
            [
                -0.006553279235959053,
                0.728850781917572
            ],
            [
                -0.015427996404469013,
                0.7643725275993347
            ],
            [
                -0.0010655159130692482,
                0.6747410297393799
            ],
            [
                -0.011122620664536953,
                0.644481360912323
            ],
            [
                -0.011286549270153046,
                0.7142905592918396
            ]
        ],
        [
            [
                0.012574499472975731,
                0.4294605255126953
            ],
            [
                0.004263719543814659,
                0.5804353952407837
            ],
            [
                -0.0017951899208128452,
                0.6079045534133911
            ],
            [
                -0.0030957264825701714,
                0.5276724100112915
            ],
            [
                -0.015044297091662884,
                0.5093215107917786
            ],
            [
                -0.01876508630812168,
                0.5738710761070251
            ]
        ],
        [
            [
                -0.0005529577611014247,
                0.18886636197566986
            ],
            [
                -0.006464570295065641,
                0.242381751537323
            ],
            [
                -0.008089576847851276,
                0.27731484174728394
            ],
            [
                -0.005559087265282869,
                0.3012128472328186
            ],
            [
                -0.009077165275812149,
                0.33499428629875183
            ],
            [
                -0.01452725287526846,
                0.45947906374931335
            ]
        ],
        [
            [
                -0.00279293954372406,
                0.11143064498901367
            ],
            [
                -0.006067628040909767,
                0.13734188675880432
            ],
            [
                -0.004801031667739153,
                0.1869158148765564
            ],
            [
                -0.007689961232244968,
                0.2855910062789917
            ],
            [
                -0.010514718480408192,
                0.3418719172477722
            ],
            [
                -0.01824304461479187,
                0.5039383172988892
            ]
        ],
        [
            [
                0.00336369127035141,
                0.48916348814964294
            ],
            [
                -0.007220040075480938,
                0.6645521521568298
            ],
            [
                -0.014213068410754204,
                0.7130485773086548
            ],
            [
                -0.0032195132225751877,
                0.6773058772087097
            ],
            [
                -0.012821701355278492,
                0.6682122945785522
            ],
            [
                -0.015248825773596764,
                0.777630627155304
            ]
        ],
        [
            [
                0.02076070010662079,
                0.48596617579460144
            ],
            [
                0.013474345207214355,
                0.662930965423584
            ],
            [
                0.007071171421557665,
                0.6870474219322205
            ],
            [
                -0.0027161273173987865,
                0.5806867480278015
            ],
            [
                -0.019113292917609215,
                0.5437668561935425
            ],
            [
                -0.02330976352095604,
                0.5802474021911621
            ]
        ]
    ],
    "tl_trigger": 0.9999982118606567,
    "tl_status": 0
}