{
    "speed": 1.6311012384200504e-05,
    "steer": -0.022976532578468323,
    "throttle": 0.0,
    "brake": 1.0,
    "wp_6": [
        -0.01879069209098816,
        0.6419017910957336
    ],
    "wp_5": [
        -0.010541639290750027,
        0.44258737564086914
    ],
    "wp_4": [
        -0.009034547954797745,
        0.3693353533744812
    ],
    "wp_3": [
        -0.004898545797914267,
        0.2301446944475174
    ],
    "wp_2": [
        -0.0070864371955394745,
        0.16158515214920044
    ],
    "wp_1": [
        -0.004382520914077759,
        0.12530478835105896
    ],
    "aim": [
        -0.010541639290750027,
        0.44258737564086914
    ],
    "target": [
        -0.48865524048767583,
        13.829278243894192
    ],
    "desired_speed": 0.20679203271865843,
    "angle": -0.015160239818304716,
    "angle_last": -0.026332835589639243,
    "angle_target": -0.022485498510451462,
    "angle_final": -0.015160239818304716,
    "delta": 0.20677572170627423,
    "log_entries": [
        "norm1:0.14",
        "norm2:0.20",
        "norm3:0.30",
        "norm4:0.41",
        "norm5:0.54",
        " ",
        " ",
        " ",
        " ",
        " ",
        " ",
        " ",
        " ",
        " ",
        " ",
        " "
    ],
    "agent": "only_traj",
    "steer_traj": -0.022976532016439268,
    "throttle_traj": 0.0,
    "brake_traj": 1.0,
    "plan": [
        [
            -0.004382520914077759,
            0.12530478835105896
        ],
        [
            -0.0070864371955394745,
            0.16158515214920044
        ],
        [
            -0.004898545797914267,
            0.2301446944475174
        ],
        [
            -0.009034547954797745,
            0.3693353533744812
        ],
        [
            -0.010541639290750027,
            0.44258737564086914
        ],
        [
            -0.01879069209098816,
            0.6419017910957336
        ]
    ],
    "command": 3,
    "redefined_command": 3,
    "cmd_softmax_output": [
        0.9999696016311646,
        2.8642038159887306e-05,
        1.7783439716367866e-06
    ],
    "all_plan": [
        [
            [
                0.01580708473920822,
                0.2439870536327362
            ],
            [
                0.01101793721318245,
                0.31290823221206665
            ],
            [
                0.012004727497696877,
                0.3758808374404907
            ],
            [
                -0.010197274386882782,
                0.39214083552360535
            ],
            [
                -0.02348639816045761,
                0.46126553416252136
            ],
            [
                -0.03914652019739151,
                0.650561511516571
            ]
        ],
        [
            [
                0.016854217275977135,
                0.2382493019104004
            ],
            [
                0.01248143706470728,
                0.30868959426879883
            ],
            [
                0.012831881642341614,
                0.36101675033569336
            ],
            [
                -0.009245159104466438,
                0.3513985574245453
            ],
            [
                -0.020164718851447105,
                0.4117974638938904
            ],
            [
                -0.03330182284116745,
                0.573196530342102
            ]
        ],
        [
            [
                -0.010802337899804115,
                0.20939336717128754
            ],
            [
                -0.012510058470070362,
                0.3482007384300232
            ],
            [
                -0.008763163350522518,
                0.4885849952697754
            ],
            [
                -0.006676350254565477,
                0.6795639991760254
            ],
            [
                0.01457476057112217,
                0.8138665556907654
            ],
            [
                0.018743829801678658,
                1.0769844055175781
            ]
        ],
        [
            [
                -0.004382520914077759,
                0.12530478835105896
            ],
            [
                -0.0070864371955394745,
                0.16158515214920044
            ],
            [
                -0.004898545797914267,
                0.2301446944475174
            ],
            [
                -0.009034547954797745,
                0.3693353533744812
            ],
            [
                -0.010541639290750027,
                0.44258737564086914
            ],
            [
                -0.01879069209098816,
                0.6419017910957336
            ]
        ],
        [
            [
                -0.009938187897205353,
                0.3119114339351654
            ],
            [
                -0.0070325471460819244,
                0.6239551305770874
            ],
            [
                0.005626177415251732,
                0.9395601749420166
            ],
            [
                -0.006366828456521034,
                1.2852554321289062
            ],
            [
                0.0472927987575531,
                1.585050106048584
            ],
            [
                0.06229597330093384,
                2.0487053394317627
            ]
        ],
        [
            [
                0.02587965503334999,
                0.2425723671913147
            ],
            [
                0.026066362857818604,
                0.363320916891098
            ],
            [
                0.03558820113539696,
                0.5227057933807373
            ],
            [
                -0.011474557220935822,
                0.6168968677520752
            ],
            [
                -0.01685098372399807,
                0.8076868653297424
            ],
            [
                -0.03430890664458275,
                1.1107181310653687
            ]
        ]
    ],
    "tl_trigger": 0.9999978542327881,
    "tl_status": 0
}