{
    "speed": 0.0005571609709266543,
    "steer": 0.12201083451509476,
    "throttle": 0.75,
    "brake": 0.0,
    "wp_6": [
        0.886227548122406,
        5.3722453117370605
    ],
    "wp_5": [
        0.399068683385849,
        4.06517219543457
    ],
    "wp_4": [
        0.25699543952941895,
        2.651207685470581
    ],
    "wp_3": [
        0.23673221468925476,
        1.3833478689193726
    ],
    "wp_2": [
        0.12020619958639145,
        0.6042242050170898
    ],
    "wp_1": [
        0.050674811005592346,
        0.1604858934879303
    ],
    "aim": [
        0.25699543952941895,
        2.651207685470581
    ],
    "target": [
        12.581848326958681,
        31.980741681689157
    ],
    "desired_speed": 2.128381812572479,
    "angle": 0.06151865122587109,
    "angle_last": 0.2271212928942585,
    "angle_target": 0.23861827944236286,
    "angle_final": 0.06151865122587109,
    "delta": 0.25,
    "log_entries": [
        "norm1:0.39",
        "norm2:1.01",
        "norm3:2.03",
        "norm4:3.37",
        "norm5:4.76",
        " ",
        " ",
        " ",
        " ",
        " ",
        " ",
        " ",
        " ",
        " ",
        " ",
        " ",
        " ",
        " ",
        " ",
        " "
    ],
    "agent": "only_traj",
    "steer_traj": 0.12201083759154491,
    "throttle_traj": 0.75,
    "brake_traj": 0.0,
    "plan": [
        [
            0.050674811005592346,
            0.1604858934879303
        ],
        [
            0.12020619958639145,
            0.6042242050170898
        ],
        [
            0.23673221468925476,
            1.3833478689193726
        ],
        [
            0.25699543952941895,
            2.651207685470581
        ],
        [
            0.399068683385849,
            4.06517219543457
        ],
        [
            0.886227548122406,
            5.3722453117370605
        ]
    ],
    "command": 3,
    "redefined_command": 3,
    "cmd_softmax_output": [
        0.9951207041740417,
        0.004365124274045229,
        0.0005141458241268992
    ],
    "all_plan": [
        [
            [
                0.07152317464351654,
                0.13998016715049744
            ],
            [
                0.16221141815185547,
                0.5268030166625977
            ],
            [
                0.29412394762039185,
                1.2572498321533203
            ],
            [
                0.25404876470565796,
                2.470003128051758
            ],
            [
                0.409435898065567,
                3.8060882091522217
            ],
            [
                0.9188810586929321,
                4.980207443237305
            ]
        ],
        [
            [
                0.06925524026155472,
                0.1551305204629898
            ],
            [
                0.16942694783210754,
                0.5324311256408691
            ],
            [
                0.3048853278160095,
                1.2421680688858032
            ],
            [
                0.29129883646965027,
                2.429623603820801
            ],
            [
                0.46045637130737305,
                3.739788055419922
            ],
            [
                0.977068305015564,
                4.872750282287598
            ]
        ],
        [
            [
                0.06668855994939804,
                0.2110649049282074
            ],
            [
                0.16565009951591492,
                0.7216107845306396
            ],
            [
                0.31439217925071716,
                1.5843485593795776
            ],
            [
                0.355609655380249,
                2.9691314697265625
            ],
            [
                0.542455792427063,
                4.486025333404541
            ],
            [
                1.1046545505523682,
                5.86279296875
            ]
        ],
        [
            [
                0.050674811005592346,
                0.1604858934879303
            ],
            [
                0.12020619958639145,
                0.6042242050170898
            ],
            [
                0.23673221468925476,
                1.3833478689193726
            ],
            [
                0.25699543952941895,
                2.651207685470581
            ],
            [
                0.399068683385849,
                4.06517219543457
            ],
            [
                0.886227548122406,
                5.3722453117370605
            ]
        ],
        [
            [
                0.07599934935569763,
                0.24776756763458252
            ],
            [
                0.19413599371910095,
                0.7720973491668701
            ],
            [
                0.35767048597335815,
                1.6349314451217651
            ],
            [
                0.4141528606414795,
                3.0201268196105957
            ],
            [
                0.6224914789199829,
                4.537411689758301
            ],
            [
                1.1966769695281982,
                5.904117584228516
            ]
        ],
        [
            [
                0.07636822015047073,
                0.19323010742664337
            ],
            [
                0.18920685350894928,
                0.5460361838340759
            ],
            [
                0.33296096324920654,
                1.1769177913665771
            ],
            [
                0.30309608578681946,
                2.208261489868164
            ],
            [
                0.4844181537628174,
                3.31589937210083
            ],
            [
                0.967680811882019,
                4.237917900085449
            ]
        ]
    ],
    "tl_trigger": 3.981434133493167e-07,
    "tl_status": 0
}