{
    "speed": 2.3275319800064564,
    "steer": 0.19435109198093414,
    "throttle": 0.75,
    "brake": 0.0,
    "wp_6": [
        4.855101585388184,
        17.10686683654785
    ],
    "wp_5": [
        3.4789986610412598,
        13.789948463439941
    ],
    "wp_4": [
        2.383190631866455,
        10.41419506072998
    ],
    "wp_3": [
        2.127969264984131,
        7.065824508666992
    ],
    "wp_2": [
        1.2581489086151123,
        4.430124282836914
    ],
    "wp_1": [
        0.544630765914917,
        2.0413341522216797
    ],
    "aim": [
        0.544630765914917,
        2.0413341522216797
    ],
    "target": [
        8.946858471403111,
        32.83057894725191
    ],
    "desired_speed": 6.306751346588134,
    "angle": 0.16598472497941902,
    "angle_last": 0.2503587348155035,
    "angle_target": 0.1693761309438712,
    "angle_final": 0.16598472497941902,
    "delta": 0.25,
    "log_entries": [
        "norm1:3.36",
        "norm2:5.99",
        "norm3:9.03",
        "norm4:12.45",
        "norm5:16.00",
        " ",
        " ",
        " ",
        " ",
        " ",
        " ",
        " ",
        " ",
        " ",
        " ",
        " ",
        " "
    ],
    "agent": "only_traj",
    "steer_traj": 0.1943510928680032,
    "throttle_traj": 0.75,
    "brake_traj": 0.0,
    "plan": [
        [
            0.544630765914917,
            2.0413341522216797
        ],
        [
            1.2581489086151123,
            4.430124282836914
        ],
        [
            2.127969264984131,
            7.065824508666992
        ],
        [
            2.383190631866455,
            10.41419506072998
        ],
        [
            3.4789986610412598,
            13.789948463439941
        ],
        [
            4.855101585388184,
            17.10686683654785
        ]
    ],
    "command": 3,
    "redefined_command": 3,
    "cmd_softmax_output": [
        0.9977961778640747,
        0.0020782959181815386,
        0.00012548294034786522
    ],
    "all_plan": [
        [
            [
                0.7590178847312927,
                2.3540220260620117
            ],
            [
                1.6093649864196777,
                4.918881416320801
            ],
            [
                2.5171608924865723,
                7.620380401611328
            ],
            [
                2.498634099960327,
                11.066699028015137
            ],
            [
                3.448373317718506,
                14.429378509521484
            ],
            [
                4.654807090759277,
                17.70602798461914
            ]
        ],
        [
            [
                0.8313221335411072,
                2.380028247833252
            ],
            [
                1.7737841606140137,
                4.876144886016846
            ],
            [
                2.7475876808166504,
                7.419333457946777
            ],
            [
                2.7806639671325684,
                10.750489234924316
            ],
            [
                3.745486259460449,
                13.903358459472656
            ],
            [
                4.918736457824707,
                16.951038360595703
            ]
        ],
        [
            [
                0.6761992573738098,
                2.3113794326782227
            ],
            [
                1.5080959796905518,
                4.931353569030762
            ],
            [
                2.4509363174438477,
                7.739626884460449
            ],
            [
                2.6579959392547607,
                11.281240463256836
            ],
            [
                3.7489824295043945,
                14.785318374633789
            ],
            [
                5.09614372253418,
                18.2086238861084
            ]
        ],
        [
            [
                0.544630765914917,
                2.0413341522216797
            ],
            [
                1.2581489086151123,
                4.430124282836914
            ],
            [
                2.127969264984131,
                7.065824508666992
            ],
            [
                2.383190631866455,
                10.41419506072998
            ],
            [
                3.4789986610412598,
                13.789948463439941
            ],
            [
                4.855101585388184,
                17.10686683654785
            ]
        ],
        [
            [
                0.7387292981147766,
                2.3982410430908203
            ],
            [
                1.6084259748458862,
                5.026403427124023
            ],
            [
                2.533864736557007,
                7.752545356750488
            ],
            [
                2.680371046066284,
                11.191397666931152
            ],
            [
                3.6723268032073975,
                14.522282600402832
            ],
            [
                4.878330707550049,
                17.754207611083984
            ]
        ],
        [
            [
                0.8928351402282715,
                2.4691014289855957
            ],
            [
                1.869163990020752,
                5.005743503570557
            ],
            [
                2.839588165283203,
                7.547932147979736
            ],
            [
                2.791224479675293,
                10.863912582397461
            ],
            [
                3.689458131790161,
                13.978830337524414
            ],
            [
                4.7761921882629395,
                16.988903045654297
            ]
        ]
    ],
    "tl_trigger": 4.55592129355864e-07,
    "tl_status": 0
}