{
    "speed": 1.6420538559014437,
    "steer": 0.0011533192591741681,
    "throttle": 0.75,
    "brake": 0.0,
    "wp_6": [
        0.07070039212703705,
        13.54870319366455
    ],
    "wp_5": [
        0.03851243108510971,
        10.996084213256836
    ],
    "wp_4": [
        0.020516738295555115,
        8.29690933227539
    ],
    "wp_3": [
        0.010268572717905045,
        5.5089216232299805
    ],
    "wp_2": [
        0.029756421223282814,
        3.1637349128723145
    ],
    "wp_1": [
        0.015171520411968231,
        1.2908945083618164
    ],
    "aim": [
        0.020516738295555115,
        8.29690933227539
    ],
    "target": [
        -0.25592027325905153,
        27.514847696935814
    ],
    "desired_speed": 4.90329122543335,
    "angle": 0.0015742548851619693,
    "angle_last": 0.008027189940017682,
    "angle_target": -0.005921137920396063,
    "angle_final": 0.0015742548851619693,
    "delta": 0.25,
    "agent": "only_traj",
    "steer_traj": 0.0011533192188012923,
    "throttle_traj": 0.75,
    "brake_traj": 0.0,
    "plan": [
        [
            0.015171520411968231,
            1.2908945083618164
        ],
        [
            0.029756421223282814,
            3.1637349128723145
        ],
        [
            0.010268572717905045,
            5.5089216232299805
        ],
        [
            0.020516738295555115,
            8.29690933227539
        ],
        [
            0.03851243108510971,
            10.996084213256836
        ],
        [
            0.07070039212703705,
            13.54870319366455
        ]
    ],
    "command": 3,
    "all_plan": [
        [
            [
                0.05248868465423584,
                1.5474952459335327
            ],
            [
                0.06833115965127945,
                3.584709644317627
            ],
            [
                0.03965297341346741,
                5.94925594329834
            ],
            [
                0.004033725708723068,
                8.636541366577148
            ],
            [
                -0.008869333192706108,
                11.211690902709961
            ],
            [
                0.011490266770124435,
                13.65311050415039
            ]
        ],
        [
            [
                0.053391389548778534,
                1.6587637662887573
            ],
            [
                0.06821797788143158,
                3.7835144996643066
            ],
            [
                0.04245394468307495,
                6.193418979644775
            ],
            [
                0.019780393689870834,
                8.880435943603516
            ],
            [
                0.011997105553746223,
                11.42203426361084
            ],
            [
                0.047724656760692596,
                13.807116508483887
            ]
        ],
        [
            [
                0.03495665639638901,
                1.5833914279937744
            ],
            [
                0.04910659044981003,
                3.792513608932495
            ],
            [
                0.025605501607060432,
                6.435110092163086
            ],
            [
                0.016039354726672173,
                9.478691101074219
            ],
            [
                0.015501249581575394,
                12.423884391784668
            ],
            [
                0.04691876098513603,
                15.234801292419434
            ]
        ],
        [
            [
                0.015171520411968231,
                1.2908945083618164
            ],
            [
                0.029756421223282814,
                3.1637349128723145
            ],
            [
                0.010268572717905045,
                5.5089216232299805
            ],
            [
                0.020516738295555115,
                8.29690933227539
            ],
            [
                0.03851243108510971,
                10.996084213256836
            ],
            [
                0.07070039212703705,
                13.54870319366455
            ]
        ],
        [
            [
                0.03995177894830704,
                1.7472041845321655
            ],
            [
                0.04367242008447647,
                4.026551246643066
            ],
            [
                0.01129952073097229,
                6.658115863800049
            ],
            [
                -0.025360602885484695,
                9.599614143371582
            ],
            [
                -0.058141957968473434,
                12.431361198425293
            ],
            [
                -0.06275255978107452,
                15.114822387695312
            ]
        ],
        [
            [
                0.0790155753493309,
                1.7764860391616821
            ],
            [
                0.09856785833835602,
                4.003363132476807
            ],
            [
                0.07243309915065765,
                6.497108459472656
            ],
            [
                0.014677908271551132,
                9.218795776367188
            ],
            [
                -0.008995531126856804,
                11.808135032653809
            ],
            [
                0.028661692515015602,
                14.248407363891602
            ]
        ]
    ],
    "tl_trigger": 5.326873520061781e-07,
    "tl_status": 0
}