{
    "speed": 0.6449851164843805,
    "steer": -0.0012689372524619102,
    "throttle": 0.75,
    "brake": 0.0,
    "wp_6": [
        0.1311056911945343,
        3.7852420806884766
    ],
    "wp_5": [
        0.07897751033306122,
        3.350037097930908
    ],
    "wp_4": [
        0.00538366474211216,
        3.0555033683776855
    ],
    "wp_3": [
        0.031249864026904106,
        2.5944771766662598
    ],
    "wp_2": [
        0.02006443589925766,
        2.083468437194824
    ],
    "wp_1": [
        0.007657818496227264,
        1.2265074253082275
    ],
    "aim": [
        0.00538366474211216,
        3.0555033683776855
    ],
    "target": [
        0.8592596537794159,
        17.00107358538559
    ],
    "desired_speed": 1.0287351131439209,
    "angle": 0.0011217169071532356,
    "angle_last": 0.07589179775128282,
    "angle_target": 0.032148359133624536,
    "angle_final": 0.0011217169071532356,
    "delta": 0.25,
    "agent": "only_traj",
    "steer_traj": -0.001268937262191832,
    "throttle_traj": 0.75,
    "brake_traj": 0.0,
    "plan": [
        [
            0.007657818496227264,
            1.2265074253082275
        ],
        [
            0.02006443589925766,
            2.083468437194824
        ],
        [
            0.031249864026904106,
            2.5944771766662598
        ],
        [
            0.00538366474211216,
            3.0555033683776855
        ],
        [
            0.07897751033306122,
            3.350037097930908
        ],
        [
            0.1311056911945343,
            3.7852420806884766
        ]
    ],
    "command": 3,
    "all_plan": [
        [
            [
                0.024246077984571457,
                1.8762246370315552
            ],
            [
                0.026412613689899445,
                3.3277840614318848
            ],
            [
                0.03264257684350014,
                4.380373954772949
            ],
            [
                -0.07210816442966461,
                5.201221942901611
            ],
            [
                -0.060839004814624786,
                5.871604919433594
            ],
            [
                -0.11267106235027313,
                6.63254976272583
            ]
        ],
        [
            [
                0.03575582802295685,
                1.9485890865325928
            ],
            [
                0.04163743555545807,
                3.4936282634735107
            ],
            [
                0.043966569006443024,
                4.570833683013916
            ],
            [
                -0.03086535632610321,
                5.3654608726501465
            ],
            [
                -0.005215028300881386,
                6.024470329284668
            ],
            [
                -0.008322000503540039,
                6.7721452713012695
            ]
        ],
        [
            [
                0.012131057679653168,
                1.67007577419281
            ],
            [
                0.017674731090664864,
                2.891078472137451
            ],
            [
                0.023165401071310043,
                3.65836763381958
            ],
            [
                -0.05705535039305687,
                4.271061897277832
            ],
            [
                -0.012873519212007523,
                4.675327301025391
            ],
            [
                -0.03250959515571594,
                5.131891250610352
            ]
        ],
        [
            [
                0.007657818496227264,
                1.2265074253082275
            ],
            [
                0.02006443589925766,
                2.083468437194824
            ],
            [
                0.031249864026904106,
                2.5944771766662598
            ],
            [
                0.00538366474211216,
                3.0555033683776855
            ],
            [
                0.07897751033306122,
                3.350037097930908
            ],
            [
                0.1311056911945343,
                3.7852420806884766
            ]
        ],
        [
            [
                0.01828613132238388,
                2.096623659133911
            ],
            [
                0.009112194180488586,
                3.7295875549316406
            ],
            [
                -0.006582489237189293,
                4.830203533172607
            ],
            [
                -0.09682925045490265,
                5.629237174987793
            ],
            [
                -0.09847178310155869,
                6.251960754394531
            ],
            [
                -0.15823180973529816,
                6.958060264587402
            ]
        ],
        [
            [
                0.05503363162279129,
                2.071122646331787
            ],
            [
                0.06447208672761917,
                3.8368489742279053
            ],
            [
                0.0679311603307724,
                5.1497015953063965
            ],
            [
                0.01570170745253563,
                6.12928581237793
            ],
            [
                0.046101853251457214,
                6.935183048248291
            ],
            [
                0.08637330681085587,
                7.76817512512207
            ]
        ]
    ],
    "tl_trigger": 0.9999990463256836,
    "tl_status": 0
}