{
    "speed": 2.874141923626131,
    "steer": -0.01745498925447464,
    "throttle": 0.75,
    "brake": 0.0,
    "wp_6": [
        -0.7038959264755249,
        8.92158317565918
    ],
    "wp_5": [
        -0.4906669855117798,
        7.436574459075928
    ],
    "wp_4": [
        -0.3323512077331543,
        5.814612865447998
    ],
    "wp_3": [
        -0.1519818902015686,
        4.173094272613525
    ],
    "wp_2": [
        -0.06444695591926575,
        2.7707958221435547
    ],
    "wp_1": [
        -0.02028975822031498,
        1.4061483144760132
    ],
    "aim": [
        -0.06444695591926575,
        2.7707958221435547
    ],
    "target": [
        -12.814044434801756,
        42.51256835272854
    ],
    "desired_speed": 3.0206788063049315,
    "angle": -0.014804690526510164,
    "angle_last": -0.09079016558794813,
    "angle_target": -0.18637490227258108,
    "angle_final": -0.014804690526510164,
    "delta": 0.1465368826788005,
    "log_entries": [
        "norm1:2.09",
        "norm2:3.47",
        "norm3:5.00",
        "norm4:6.64",
        "norm5:8.20",
        " ",
        " ",
        " ",
        " ",
        " ",
        " ",
        " ",
        " ",
        " ",
        " ",
        " ",
        " "
    ],
    "agent": "only_traj",
    "steer_traj": -0.017454990015928037,
    "throttle_traj": 0.75,
    "brake_traj": 0.0,
    "plan": [
        [
            -0.02028975822031498,
            1.4061483144760132
        ],
        [
            -0.06444695591926575,
            2.7707958221435547
        ],
        [
            -0.1519818902015686,
            4.173094272613525
        ],
        [
            -0.3323512077331543,
            5.814612865447998
        ],
        [
            -0.4906669855117798,
            7.436574459075928
        ],
        [
            -0.7038959264755249,
            8.92158317565918
        ]
    ],
    "command": 3,
    "redefined_command": 3,
    "cmd_softmax_output": [
        0.9997898936271667,
        0.00020826242689508945,
        1.8476154082236462e-06
    ],
    "all_plan": [
        [
            [
                0.013317231088876724,
                1.563814640045166
            ],
            [
                -0.01801345869898796,
                3.0876002311706543
            ],
            [
                -0.09731809794902802,
                4.632565021514893
            ],
            [
                -0.27345985174179077,
                6.391310214996338
            ],
            [
                -0.42278045415878296,
                8.132699012756348
            ],
            [
                -0.637448787689209,
                9.715588569641113
            ]
        ],
        [
            [
                0.01541796326637268,
                1.4953217506408691
            ],
            [
                -0.039438873529434204,
                3.0745317935943604
            ],
            [
                -0.15589606761932373,
                4.757293701171875
            ],
            [
                -0.42241790890693665,
                6.640411853790283
            ],
            [
                -0.6446635723114014,
                8.49194622039795
            ],
            [
                -0.9233989119529724,
                10.214266777038574
            ]
        ],
        [
            [
                0.000406980630941689,
                1.5555448532104492
            ],
            [
                -0.05420944094657898,
                3.1848154067993164
            ],
            [
                -0.1689443737268448,
                4.9153642654418945
            ],
            [
                -0.4194219708442688,
                6.897124290466309
            ],
            [
                -0.6322091817855835,
                8.842248916625977
            ],
            [
                -0.9069116115570068,
                10.636238098144531
            ]
        ],
        [
            [
                -0.02028975822031498,
                1.4061483144760132
            ],
            [
                -0.06444695591926575,
                2.7707958221435547
            ],
            [
                -0.1519818902015686,
                4.173094272613525
            ],
            [
                -0.3323512077331543,
                5.814612865447998
            ],
            [
                -0.4906669855117798,
                7.436574459075928
            ],
            [
                -0.7038959264755249,
                8.92158317565918
            ]
        ],
        [
            [
                -0.01300768181681633,
                1.5931929349899292
            ],
            [
                -0.1046464741230011,
                3.3579068183898926
            ],
            [
                -0.2609521150588989,
                5.258963584899902
            ],
            [
                -0.6056309342384338,
                7.387786865234375
            ],
            [
                -0.9087692499160767,
                9.468406677246094
            ],
            [
                -1.25821852684021,
                11.34726619720459
            ]
        ],
        [
            [
                0.02446010708808899,
                1.5618170499801636
            ],
            [
                -0.038611724972724915,
                3.1655197143554688
            ],
            [
                -0.1723211407661438,
                4.822254657745361
            ],
            [
                -0.4741678535938263,
                6.623302459716797
            ],
            [
                -0.7296273708343506,
                8.359628677368164
            ],
            [
                -1.0292116403579712,
                9.945748329162598
            ]
        ]
    ],
    "tl_trigger": 5.003419119020691e-07,
    "tl_status": 0
}