{
    "speed": 0.000132831167054418,
    "steer": 0.0035324038472026587,
    "throttle": 0.75,
    "brake": 0.0,
    "wp_6": [
        0.07754038274288177,
        5.777790069580078
    ],
    "wp_5": [
        0.05375063419342041,
        4.639832496643066
    ],
    "wp_4": [
        0.0218184944242239,
        3.5020713806152344
    ],
    "wp_3": [
        0.0034550302661955357,
        2.4616925716400146
    ],
    "wp_2": [
        -0.0018321694806218147,
        1.6322154998779297
    ],
    "wp_1": [
        -0.011248567141592503,
        0.8682332038879395
    ],
    "aim": [
        0.0218184944242239,
        3.5020713806152344
    ],
    "target": [
        0.7664156101199182,
        51.88938109318059
    ],
    "desired_speed": 1.9641961812973023,
    "angle": 0.003966187132500435,
    "angle_last": 0.013307002059428317,
    "angle_target": 0.009402306304206836,
    "angle_final": 0.003966187132500435,
    "delta": 0.25,
    "log_entries": [
        "norm1:1.25",
        "norm2:2.05",
        "norm3:2.98",
        "norm4:4.07",
        "norm5:5.21",
        " ",
        " ",
        " ",
        " ",
        " ",
        " ",
        " ",
        " ",
        " ",
        " ",
        " ",
        " ",
        " ",
        " ",
        " ",
        " "
    ],
    "agent": "only_traj",
    "steer_traj": 0.003532403794771837,
    "throttle_traj": 0.75,
    "brake_traj": 0.0,
    "plan": [
        [
            -0.011248567141592503,
            0.8682332038879395
        ],
        [
            -0.0018321694806218147,
            1.6322154998779297
        ],
        [
            0.0034550302661955357,
            2.4616925716400146
        ],
        [
            0.0218184944242239,
            3.5020713806152344
        ],
        [
            0.05375063419342041,
            4.639832496643066
        ],
        [
            0.07754038274288177,
            5.777790069580078
        ]
    ],
    "command": 3,
    "redefined_command": 3,
    "cmd_softmax_output": [
        0.9999481439590454,
        5.02487164339982e-05,
        1.5429103541464428e-06
    ],
    "all_plan": [
        [
            [
                0.0066125355660915375,
                0.8951130509376526
            ],
            [
                0.02020878717303276,
                1.6043747663497925
            ],
            [
                0.02524689771234989,
                2.321411609649658
            ],
            [
                -0.004538478329777718,
                3.204686164855957
            ],
            [
                0.022989999502897263,
                4.202407360076904
            ],
            [
                0.03966282680630684,
                5.203089714050293
            ]
        ],
        [
            [
                0.0016640127869322896,
                0.8335077166557312
            ],
            [
                0.00766582228243351,
                1.6347885131835938
            ],
            [
                0.004816427361220121,
                2.54885196685791
            ],
            [
                -0.03209264203906059,
                3.655723810195923
            ],
            [
                -0.017539886757731438,
                4.862712860107422
            ],
            [
                -0.028180744498968124,
                6.097818374633789
            ]
        ],
        [
            [
                0.002392185851931572,
                0.9411098957061768
            ],
            [
                0.00733577273786068,
                1.8683485984802246
            ],
            [
                -0.00873662531375885,
                2.9181904792785645
            ],
            [
                -0.025042805820703506,
                4.221368789672852
            ],
            [
                -0.02653600089251995,
                5.598204612731934
            ],
            [
                -0.03655596449971199,
                6.918403625488281
            ]
        ],
        [
            [
                -0.011248567141592503,
                0.8682332038879395
            ],
            [
                -0.0018321694806218147,
                1.6322154998779297
            ],
            [
                0.0034550302661955357,
                2.4616925716400146
            ],
            [
                0.0218184944242239,
                3.5020713806152344
            ],
            [
                0.05375063419342041,
                4.639832496643066
            ],
            [
                0.07754038274288177,
                5.777790069580078
            ]
        ],
        [
            [
                0.006685016676783562,
                1.0439331531524658
            ],
            [
                -0.001773858442902565,
                2.123375415802002
            ],
            [
                -0.0388638973236084,
                3.344756603240967
            ],
            [
                -0.08711950480937958,
                4.799837112426758
            ],
            [
                -0.13257375359535217,
                6.306589603424072
            ],
            [
                -0.19927045702934265,
                7.75501012802124
            ]
        ],
        [
            [
                0.017344525083899498,
                0.9882425665855408
            ],
            [
                0.023802725598216057,
                1.9208016395568848
            ],
            [
                0.016616811975836754,
                2.9118130207061768
            ],
            [
                -0.0386539101600647,
                4.025075912475586
            ],
            [
                -0.03053017146885395,
                5.191308498382568
            ],
            [
                -0.03918082267045975,
                6.376468181610107
            ]
        ]
    ],
    "tl_trigger": 5.519998467207188e-07,
    "tl_status": 0
}