{
    "speed": 1.432688972471951,
    "steer": -0.021515553817152977,
    "throttle": 0.24860219657421112,
    "brake": 0.0,
    "wp_6": [
        -0.34200233221054077,
        5.153785228729248
    ],
    "wp_5": [
        -0.20348325371742249,
        4.397740364074707
    ],
    "wp_4": [
        -0.11176051199436188,
        3.6403303146362305
    ],
    "wp_3": [
        0.027741681784391403,
        2.919501781463623
    ],
    "wp_2": [
        0.026793532073497772,
        2.291841506958008
    ],
    "wp_1": [
        0.018393905833363533,
        1.4416636228561401
    ],
    "aim": [
        -0.11176051199436188,
        3.6403303146362305
    ],
    "target": [
        0.01701683896233816,
        8.924152897982891
    ],
    "desired_speed": 1.497462821006775,
    "angle": -0.01953846696727367,
    "angle_last": -0.11535911494239176,
    "angle_target": 0.0012139239590116444,
    "angle_final": -0.01953846696727367,
    "delta": 0.06477384853482415,
    "log_entries": [
        "norm1:1.87",
        "norm2:2.61",
        "norm3:3.28",
        "norm4:4.02",
        "norm5:4.78",
        " ",
        " ",
        " ",
        " ",
        " ",
        " ",
        " ",
        " ",
        " ",
        " ",
        " ",
        " ",
        " ",
        " ",
        " ",
        " ",
        " ",
        " ",
        " ",
        " ",
        " "
    ],
    "agent": "only_traj",
    "steer_traj": -0.021515553130017462,
    "throttle_traj": 0.24860220215932521,
    "brake_traj": 0.0,
    "plan": [
        [
            0.018393905833363533,
            1.4416636228561401
        ],
        [
            0.026793532073497772,
            2.291841506958008
        ],
        [
            0.027741681784391403,
            2.919501781463623
        ],
        [
            -0.11176051199436188,
            3.6403303146362305
        ],
        [
            -0.20348325371742249,
            4.397740364074707
        ],
        [
            -0.34200233221054077,
            5.153785228729248
        ]
    ],
    "command": 3,
    "redefined_command": 3,
    "cmd_softmax_output": [
        0.9997376799583435,
        0.00026076840003952384,
        1.5961566077749012e-06
    ],
    "all_plan": [
        [
            [
                0.014567766338586807,
                1.444339394569397
            ],
            [
                0.021246658638119698,
                2.3517367839813232
            ],
            [
                0.020525040104985237,
                3.061203956604004
            ],
            [
                -0.0980723574757576,
                3.848973274230957
            ],
            [
                -0.16710439324378967,
                4.673647403717041
            ],
            [
                -0.2808525860309601,
                5.4721574783325195
            ]
        ],
        [
            [
                0.008957918733358383,
                1.4970401525497437
            ],
            [
                0.016488322988152504,
                2.4708871841430664
            ],
            [
                0.01768600195646286,
                3.2249443531036377
            ],
            [
                -0.08468857407569885,
                4.044129371643066
            ],
            [
                -0.12924909591674805,
                4.884458541870117
            ],
            [
                -0.21828657388687134,
                5.71333122253418
            ]
        ],
        [
            [
                0.01126878708600998,
                1.5972272157669067
            ],
            [
                0.01776491478085518,
                2.641648769378662
            ],
            [
                0.016893085092306137,
                3.4475927352905273
            ],
            [
                -0.09633462131023407,
                4.3200860023498535
            ],
            [
                -0.15219122171401978,
                5.203520774841309
            ],
            [
                -0.25668737292289734,
                6.067174911499023
            ]
        ],
        [
            [
                0.018393905833363533,
                1.4416636228561401
            ],
            [
                0.026793532073497772,
                2.291841506958008
            ],
            [
                0.027741681784391403,
                2.919501781463623
            ],
            [
                -0.11176051199436188,
                3.6403303146362305
            ],
            [
                -0.20348325371742249,
                4.397740364074707
            ],
            [
                -0.34200233221054077,
                5.153785228729248
            ]
        ],
        [
            [
                0.002443445846438408,
                1.5026668310165405
            ],
            [
                -0.001441663596779108,
                2.5777454376220703
            ],
            [
                -0.02151358500123024,
                3.500514507293701
            ],
            [
                -0.16657407581806183,
                4.593071937561035
            ],
            [
                -0.268635630607605,
                5.719529151916504
            ],
            [
                -0.4293598532676697,
                6.775766849517822
            ]
        ],
        [
            [
                0.014419715851545334,
                1.5260368585586548
            ],
            [
                0.02643592655658722,
                2.5321974754333496
            ],
            [
                0.035974301397800446,
                3.2992169857025146
            ],
            [
                -0.048753105103969574,
                4.065712928771973
            ],
            [
                -0.0595652237534523,
                4.83347749710083
            ],
            [
                -0.10309047996997833,
                5.595766067504883
            ]
        ]
    ],
    "tl_trigger": 5.077531568531413e-07,
    "tl_status": 0
}