{
    "speed": 5.7841165855884044e-05,
    "steer": -0.0028378108981996775,
    "throttle": 0.75,
    "brake": 0.0,
    "wp_6": [
        -0.13881005346775055,
        20.022558212280273
    ],
    "wp_5": [
        -0.08782399445772171,
        15.649694442749023
    ],
    "wp_4": [
        -0.054256245493888855,
        11.312456130981445
    ],
    "wp_3": [
        -0.03574838861823082,
        7.097185134887695
    ],
    "wp_2": [
        -0.02654256485402584,
        3.551802635192871
    ],
    "wp_1": [
        -0.015791431069374084,
        1.1050457954406738
    ],
    "aim": [
        -0.03574838861823082,
        7.097185134887695
    ],
    "target": [
        0.1203367589472951,
        53.86552367343392
    ],
    "desired_speed": 7.567206096649169,
    "angle": -0.0032065739698838446,
    "angle_last": -0.007422394398588048,
    "angle_target": 0.0014222201403925267,
    "angle_final": -0.0032065739698838446,
    "delta": 0.25,
    "log_entries": [
        "norm1:2.33",
        "norm2:5.32",
        "norm3:9.20",
        "norm4:13.48",
        "norm5:17.84",
        " ",
        " ",
        " ",
        " ",
        " ",
        " ",
        " ",
        " ",
        " ",
        " ",
        " ",
        " ",
        " ",
        " ",
        " "
    ],
    "agent": "only_traj",
    "steer_traj": -0.002837810933878144,
    "throttle_traj": 0.75,
    "brake_traj": 0.0,
    "plan": [
        [
            -0.015791431069374084,
            1.1050457954406738
        ],
        [
            -0.02654256485402584,
            3.551802635192871
        ],
        [
            -0.03574838861823082,
            7.097185134887695
        ],
        [
            -0.054256245493888855,
            11.312456130981445
        ],
        [
            -0.08782399445772171,
            15.649694442749023
        ],
        [
            -0.13881005346775055,
            20.022558212280273
        ]
    ],
    "command": 3,
    "redefined_command": 3,
    "cmd_softmax_output": [
        0.9998949766159058,
        9.933027467923239e-05,
        5.725828032154823e-06
    ],
    "all_plan": [
        [
            [
                0.027199260890483856,
                1.5239007472991943
            ],
            [
                0.026843028143048286,
                4.152424335479736
            ],
            [
                0.01743873581290245,
                7.6704206466674805
            ],
            [
                -0.07396101951599121,
                11.693192481994629
            ],
            [
                -0.1325804591178894,
                15.81268310546875
            ],
            [
                -0.18802869319915771,
                19.948339462280273
            ]
        ],
        [
            [
                0.02059139311313629,
                1.5356022119522095
            ],
            [
                0.021506989374756813,
                4.131566524505615
            ],
            [
                0.019721727818250656,
                7.56789493560791
            ],
            [
                -0.049404870718717575,
                11.48356819152832
            ],
            [
                -0.09019064903259277,
                15.4803466796875
            ],
            [
                -0.12362769991159439,
                19.479551315307617
            ]
        ],
        [
            [
                -0.010779216885566711,
                1.3283222913742065
            ],
            [
                -0.018429985269904137,
                3.9204373359680176
            ],
            [
                -0.023355912417173386,
                7.525734901428223
            ],
            [
                -0.04689028859138489,
                11.735380172729492
            ],
            [
                -0.07621826976537704,
                16.03268814086914
            ],
            [
                -0.11431628465652466,
                20.346101760864258
            ]
        ],
        [
            [
                -0.015791431069374084,
                1.1050457954406738
            ],
            [
                -0.02654256485402584,
                3.551802635192871
            ],
            [
                -0.03574838861823082,
                7.097185134887695
            ],
            [
                -0.054256245493888855,
                11.312456130981445
            ],
            [
                -0.08782399445772171,
                15.649694442749023
            ],
            [
                -0.13881005346775055,
                20.022558212280273
            ]
        ],
        [
            [
                0.0006113426061347127,
                1.4979501962661743
            ],
            [
                -0.009226663038134575,
                4.124284744262695
            ],
            [
                -0.016860399395227432,
                7.647497653961182
            ],
            [
                -0.06821202486753464,
                11.684270858764648
            ],
            [
                -0.11564715206623077,
                15.80058479309082
            ],
            [
                -0.1691512167453766,
                19.916603088378906
            ]
        ],
        [
            [
                0.031121402978897095,
                1.680391550064087
            ],
            [
                0.03096545673906803,
                4.317789077758789
            ],
            [
                0.027408991008996964,
                7.704933166503906
            ],
            [
                -0.06689237058162689,
                11.496488571166992
            ],
            [
                -0.12200433760881424,
                15.365083694458008
            ],
            [
                -0.16586239635944366,
                19.22502326965332
            ]
        ]
    ],
    "tl_trigger": 5.437576078293205e-07,
    "tl_status": 0
}