{
    "speed": 1.3542534372177881,
    "steer": -0.15114325284957886,
    "throttle": 0.75,
    "brake": 0.0,
    "wp_6": [
        -0.6850903034210205,
        9.64289665222168
    ],
    "wp_5": [
        -0.8248698711395264,
        7.180088996887207
    ],
    "wp_4": [
        -0.8224718570709229,
        4.715559005737305
    ],
    "wp_3": [
        -0.4232631325721741,
        2.5681469440460205
    ],
    "wp_2": [
        -0.12212811410427094,
        1.3859999179840088
    ],
    "wp_1": [
        0.031394511461257935,
        0.5368360280990601
    ],
    "aim": [
        -0.4232631325721741,
        2.5681469440460205
    ],
    "target": [
        3.1096690078927214,
        17.439769995150375
    ],
    "desired_speed": 3.6793341636657715,
    "angle": -0.10398814012116377,
    "angle_last": 0.03609342382248019,
    "angle_target": 0.11233447742474095,
    "angle_final": -0.10398814012116377,
    "delta": 0.25,
    "log_entries": [
        "norm1:0.96",
        "norm2:2.00",
        "norm3:3.69",
        "norm4:6.00",
        "norm5:8.45",
        " ",
        " ",
        " ",
        " ",
        " ",
        " ",
        " ",
        " ",
        " ",
        " ",
        " ",
        " ",
        " ",
        " ",
        " "
    ],
    "agent": "only_traj",
    "steer_traj": -0.15114326021141256,
    "throttle_traj": 0.75,
    "brake_traj": 0.0,
    "plan": [
        [
            0.031394511461257935,
            0.5368360280990601
        ],
        [
            -0.12212811410427094,
            1.3859999179840088
        ],
        [
            -0.4232631325721741,
            2.5681469440460205
        ],
        [
            -0.8224718570709229,
            4.715559005737305
        ],
        [
            -0.8248698711395264,
            7.180088996887207
        ],
        [
            -0.6850903034210205,
            9.64289665222168
        ]
    ],
    "command": 3,
    "redefined_command": 4,
    "cmd_softmax_output": [
        0.28163468837738037,
        0.7183427214622498,
        2.2620863092015497e-05
    ],
    "all_plan": [
        [
            [
                0.05826311185956001,
                0.3902514576911926
            ],
            [
                0.04646371304988861,
                0.8564927577972412
            ],
            [
                -0.03455577790737152,
                1.6015697717666626
            ],
            [
                -0.432858407497406,
                3.131869077682495
            ],
            [
                -0.6512435674667358,
                5.0837602615356445
            ],
            [
                -0.7678489685058594,
                6.961997032165527
            ]
        ],
        [
            [
                0.04866436868906021,
                0.4380348324775696
            ],
            [
                -0.10936716943979263,
                1.1100361347198486
            ],
            [
                -0.42333370447158813,
                2.1056065559387207
            ],
            [
                -0.9536851644515991,
                4.137290954589844
            ],
            [
                -1.0995473861694336,
                6.583004951477051
            ],
            [
                -1.0784590244293213,
                9.026317596435547
            ]
        ],
        [
            [
                0.037833064794540405,
                0.43639397621154785
            ],
            [
                0.049053363502025604,
                0.9682533740997314
            ],
            [
                0.01786389760673046,
                1.7594633102416992
            ],
            [
                -0.1749763786792755,
                3.2074544429779053
            ],
            [
                -0.24707314372062683,
                4.996519565582275
            ],
            [
                -0.27173271775245667,
                6.723728179931641
            ]
        ],
        [
            [
                0.0543021634221077,
                0.33771055936813354
            ],
            [
                0.08010554313659668,
                0.5165144205093384
            ],
            [
                0.09811224788427353,
                0.6964473724365234
            ],
            [
                -0.23717552423477173,
                1.3934080600738525
            ],
            [
                -0.45821911096572876,
                2.412980079650879
            ],
            [
                -0.7149472236633301,
                3.402801990509033
            ]
        ],
        [
            [
                0.031394511461257935,
                0.5368360280990601
            ],
            [
                -0.12212811410427094,
                1.3859999179840088
            ],
            [
                -0.4232631325721741,
                2.5681469440460205
            ],
            [
                -0.8224718570709229,
                4.715559005737305
            ],
            [
                -0.8248698711395264,
                7.180088996887207
            ],
            [
                -0.6850903034210205,
                9.64289665222168
            ]
        ],
        [
            [
                0.04012485593557358,
                0.5403305888175964
            ],
            [
                -0.16081789135932922,
                1.3893159627914429
            ],
            [
                -0.514950156211853,
                2.6299238204956055
            ],
            [
                -1.0477986335754395,
                4.8408002853393555
            ],
            [
                -1.0794010162353516,
                7.403431415557861
            ],
            [
                -0.9295717477798462,
                10.012847900390625
            ]
        ]
    ],
    "tl_trigger": 5.43929729701631e-07,
    "tl_status": 0
}