{
    "speed": 8.125086564000886,
    "steer": -0.004560775123536587,
    "throttle": 0.07155777513980865,
    "brake": 0.0,
    "wp_6": [
        -0.3299426734447479,
        24.172595977783203
    ],
    "wp_5": [
        -0.23272109031677246,
        20.23181915283203
    ],
    "wp_4": [
        -0.1754116714000702,
        16.21903419494629
    ],
    "wp_3": [
        -0.08703428506851196,
        12.22801399230957
    ],
    "wp_2": [
        -0.04296460002660751,
        8.17742919921875
    ],
    "wp_1": [
        0.0019515902968123555,
        4.086483478546143
    ],
    "aim": [
        -0.04296460002660751,
        8.17742919921875
    ],
    "target": [
        -0.19499656139159044,
        21.371064975216328
    ],
    "desired_speed": 8.03567419052124,
    "angle": -0.003344771464090436,
    "angle_last": -0.015702632729394508,
    "angle_target": -0.005808565078816255,
    "angle_final": -0.003344771464090436,
    "delta": 0.0,
    "log_entries": [
        "norm1:6.13",
        "norm2:10.20",
        "norm3:14.22",
        "norm4:18.23",
        "norm5:22.20",
        " ",
        " ",
        " ",
        " ",
        " ",
        " ",
        " ",
        " ",
        " ",
        " ",
        " ",
        " "
    ],
    "agent": "only_traj",
    "steer_traj": -0.0045607753394440185,
    "throttle_traj": 0.07155777722787111,
    "brake_traj": 0.0,
    "plan": [
        [
            0.0019515902968123555,
            4.086483478546143
        ],
        [
            -0.04296460002660751,
            8.17742919921875
        ],
        [
            -0.08703428506851196,
            12.22801399230957
        ],
        [
            -0.1754116714000702,
            16.21903419494629
        ],
        [
            -0.23272109031677246,
            20.23181915283203
        ],
        [
            -0.3299426734447479,
            24.172595977783203
        ]
    ],
    "command": 3,
    "redefined_command": 3,
    "cmd_softmax_output": [
        0.9998911619186401,
        9.640595089877024e-05,
        1.2452184819267131e-05
    ],
    "all_plan": [
        [
            [
                0.05044357478618622,
                4.038142681121826
            ],
            [
                0.02332199551165104,
                8.068780899047852
            ],
            [
                -0.01754690520465374,
                12.053825378417969
            ],
            [
                -0.18212822079658508,
                15.953889846801758
            ],
            [
                -0.2708292603492737,
                19.902503967285156
            ],
            [
                -0.3784683048725128,
                23.79458999633789
            ]
        ],
        [
            [
                0.05064139515161514,
                4.027712345123291
            ],
            [
                0.03987603634595871,
                8.063774108886719
            ],
            [
                0.02201959677040577,
                12.051021575927734
            ],
            [
                -0.08541744202375412,
                15.973531723022461
            ],
            [
                -0.1279197484254837,
                19.937286376953125
            ],
            [
                -0.1908300518989563,
                23.83936309814453
            ]
        ],
        [
            [
                0.009420737624168396,
                4.1021728515625
            ],
            [
                -0.025003649294376373,
                8.2357177734375
            ],
            [
                -0.05843736231327057,
                12.334955215454102
            ],
            [
                -0.13229140639305115,
                16.389877319335938
            ],
            [
                -0.1754293441772461,
                20.46871566772461
            ],
            [
                -0.256113737821579,
                24.47884750366211
            ]
        ],
        [
            [
                0.0019515902968123555,
                4.086483478546143
            ],
            [
                -0.04296460002660751,
                8.17742919921875
            ],
            [
                -0.08703428506851196,
                12.22801399230957
            ],
            [
                -0.1754116714000702,
                16.21903419494629
            ],
            [
                -0.23272109031677246,
                20.23181915283203
            ],
            [
                -0.3299426734447479,
                24.172595977783203
            ]
        ],
        [
            [
                0.011264704167842865,
                4.0734944343566895
            ],
            [
                -0.042174726724624634,
                8.174899101257324
            ],
            [
                -0.1048361286520958,
                12.24868392944336
            ],
            [
                -0.25282663106918335,
                16.2635555267334
            ],
            [
                -0.35240980982780457,
                20.30255699157715
            ],
            [
                -0.4771212935447693,
                24.26671028137207
            ]
        ],
        [
            [
                0.059015266597270966,
                3.9383320808410645
            ],
            [
                0.05600839853286743,
                7.878120422363281
            ],
            [
                0.04513276368379593,
                11.764795303344727
            ],
            [
                -0.06306163966655731,
                15.584415435791016
            ],
            [
                -0.09918076545000076,
                19.44729995727539
            ],
            [
                -0.14964096248149872,
                23.251361846923828
            ]
        ]
    ],
    "tl_trigger": 4.866176368523156e-07,
    "tl_status": 0
}