{
    "speed": 0.020282922305079623,
    "steer": 0.07611456513404846,
    "throttle": 0.75,
    "brake": 0.0,
    "wp_6": [
        1.786482810974121,
        10.774238586425781
    ],
    "wp_5": [
        1.1472080945968628,
        8.089184761047363
    ],
    "wp_4": [
        0.6296956539154053,
        5.458019256591797
    ],
    "wp_3": [
        0.300292432308197,
        2.9750261306762695
    ],
    "wp_2": [
        0.07394619286060333,
        1.235458493232727
    ],
    "wp_1": [
        -0.009950673207640648,
        0.2244671881198883
    ],
    "aim": [
        0.6296956539154053,
        5.458019256591797
    ],
    "target": [
        0.9390822355326067,
        14.330288056372481
    ],
    "desired_speed": 4.2860513687133786,
    "angle": 0.07312397742662133,
    "angle_last": 0.14880019670063926,
    "angle_target": 0.041658949165775824,
    "angle_final": 0.041658949165775824,
    "delta": 0.25,
    "agent": "only_traj",
    "steer_traj": 0.07611456732829698,
    "throttle_traj": 0.75,
    "brake_traj": 0.0,
    "plan": [
        [
            -0.009950673207640648,
            0.2244671881198883
        ],
        [
            0.07394619286060333,
            1.235458493232727
        ],
        [
            0.300292432308197,
            2.9750261306762695
        ],
        [
            0.6296956539154053,
            5.458019256591797
        ],
        [
            1.1472080945968628,
            8.089184761047363
        ],
        [
            1.786482810974121,
            10.774238586425781
        ]
    ],
    "command": 1,
    "all_plan": [
        [
            [
                -0.007191181182861328,
                -0.03854942321777344
            ],
            [
                0.03135693073272705,
                0.9387344717979431
            ],
            [
                0.13328427076339722,
                2.9736061096191406
            ],
            [
                0.2899027466773987,
                5.848752021789551
            ],
            [
                0.5212984681129456,
                9.033661842346191
            ],
            [
                0.7848171591758728,
                12.406795501708984
            ]
        ],
        [
            [
                -0.009950673207640648,
                0.2244671881198883
            ],
            [
                0.07394619286060333,
                1.235458493232727
            ],
            [
                0.300292432308197,
                2.9750261306762695
            ],
            [
                0.6296956539154053,
                5.458019256591797
            ],
            [
                1.1472080945968628,
                8.089184761047363
            ],
            [
                1.786482810974121,
                10.774238586425781
            ]
        ],
        [
            [
                -0.030268386006355286,
                0.043151676654815674
            ],
            [
                0.005239516496658325,
                1.1424782276153564
            ],
            [
                0.13227654993534088,
                3.2105605602264404
            ],
            [
                0.3870038390159607,
                6.10689115524292
            ],
            [
                0.7425332069396973,
                9.268199920654297
            ],
            [
                1.1605827808380127,
                12.614739418029785
            ]
        ],
        [
            [
                -0.023559439927339554,
                -0.014699995517730713
            ],
            [
                -0.00033060647547245026,
                0.9865342974662781
            ],
            [
                0.0667366087436676,
                2.935352087020874
            ],
            [
                0.25832390785217285,
                5.678501605987549
            ],
            [
                0.45910775661468506,
                8.733055114746094
            ],
            [
                0.6974736452102661,
                12.006631851196289
            ]
        ],
        [
            [
                -0.026352444663643837,
                0.07508468627929688
            ],
            [
                0.013321159407496452,
                1.122528314590454
            ],
            [
                0.14144273102283478,
                3.0943710803985596
            ],
            [
                0.3749189078807831,
                5.886600494384766
            ],
            [
                0.7137096524238586,
                8.937886238098145
            ],
            [
                1.1077158451080322,
                12.135525703430176
            ]
        ],
        [
            [
                0.04174310714006424,
                0.3185931444168091
            ],
            [
                0.15056701004505157,
                1.513841986656189
            ],
            [
                0.33372417092323303,
                3.485516309738159
            ],
            [
                0.5535098910331726,
                6.152987480163574
            ],
            [
                0.9347230195999146,
                8.98769760131836
            ],
            [
                1.3962129354476929,
                11.902159690856934
            ]
        ]
    ],
    "tl_trigger": 4.399718420700083e-07,
    "tl_status": 0
}