{
    "speed": 0.0377823408684547,
    "steer": 0.08181652426719666,
    "throttle": 0.75,
    "brake": 0.0,
    "wp_6": [
        2.912871837615967,
        9.095725059509277
    ],
    "wp_5": [
        1.8893787860870361,
        7.060578346252441
    ],
    "wp_4": [
        1.1226792335510254,
        4.933509826660156
    ],
    "wp_3": [
        0.7100509405136108,
        2.8784008026123047
    ],
    "wp_2": [
        0.2991487979888916,
        1.5156593322753906
    ],
    "wp_1": [
        0.0796927809715271,
        0.5454260110855103
    ],
    "aim": [
        1.1226792335510254,
        4.933509826660156
    ],
    "target": [
        1.3599089508658349,
        10.995500217752701
    ],
    "desired_speed": 3.6213019609451296,
    "angle": 0.1424447056779424,
    "angle_last": 0.29664692682067995,
    "angle_target": 0.07833847673022624,
    "angle_final": 0.07833847673022624,
    "delta": 0.25,
    "agent": "only_traj",
    "steer_traj": 0.08181652157338411,
    "throttle_traj": 0.75,
    "brake_traj": 0.0,
    "plan": [
        [
            0.0796927809715271,
            0.5454260110855103
        ],
        [
            0.2991487979888916,
            1.5156593322753906
        ],
        [
            0.7100509405136108,
            2.8784008026123047
        ],
        [
            1.1226792335510254,
            4.933509826660156
        ],
        [
            1.8893787860870361,
            7.060578346252441
        ],
        [
            2.912871837615967,
            9.095725059509277
        ]
    ],
    "command": 1,
    "all_plan": [
        [
            [
                0.05788344889879227,
                0.21018484234809875
            ],
            [
                0.22384214401245117,
                1.109514832496643
            ],
            [
                0.5266785621643066,
                2.6696994304656982
            ],
            [
                0.7598848342895508,
                4.964482307434082
            ],
            [
                1.2985472679138184,
                7.386747360229492
            ],
            [
                2.046304702758789,
                9.79937744140625
            ]
        ],
        [
            [
                0.0796927809715271,
                0.5454260110855103
            ],
            [
                0.2991487979888916,
                1.5156593322753906
            ],
            [
                0.7100509405136108,
                2.8784008026123047
            ],
            [
                1.1226792335510254,
                4.933509826660156
            ],
            [
                1.8893787860870361,
                7.060578346252441
            ],
            [
                2.912871837615967,
                9.095725059509277
            ]
        ],
        [
            [
                0.04186714440584183,
                0.4633423686027527
            ],
            [
                0.22363710403442383,
                1.6755290031433105
            ],
            [
                0.5786243677139282,
                3.459895372390747
            ],
            [
                0.9998964071273804,
                6.009430885314941
            ],
            [
                1.6992378234863281,
                8.617073059082031
            ],
            [
                2.6081018447875977,
                11.21358585357666
            ]
        ],
        [
            [
                -0.003373540937900543,
                0.401813805103302
            ],
            [
                0.11188752204179764,
                1.522047996520996
            ],
            [
                0.37681859731674194,
                3.1444056034088135
            ],
            [
                0.7723616361618042,
                5.366523742675781
            ],
            [
                1.3668501377105713,
                7.59403133392334
            ],
            [
                2.106307029724121,
                9.858230590820312
            ]
        ],
        [
            [
                0.0600118488073349,
                0.5800598859786987
            ],
            [
                0.27188530564308167,
                1.7883037328720093
            ],
            [
                0.6796708106994629,
                3.502211093902588
            ],
            [
                1.1468932628631592,
                5.98923397064209
            ],
            [
                1.93799889087677,
                8.547372817993164
            ],
            [
                2.9455883502960205,
                11.06893253326416
            ]
        ],
        [
            [
                0.13090023398399353,
                0.6010033488273621
            ],
            [
                0.37305909395217896,
                1.7870335578918457
            ],
            [
                0.7444771528244019,
                3.5135891437530518
            ],
            [
                0.9644284248352051,
                5.825265884399414
            ],
            [
                1.5456974506378174,
                8.258113861083984
            ],
            [
                2.2891016006469727,
                10.72874927520752
            ]
        ]
    ],
    "tl_trigger": 4.965802986589551e-07,
    "tl_status": 0
}