{
    "speed": 0.0879311088818017,
    "steer": 0.04150921106338501,
    "throttle": 0.75,
    "brake": 0.0,
    "wp_6": [
        2.8914308547973633,
        12.466689109802246
    ],
    "wp_5": [
        1.9365694522857666,
        9.561717987060547
    ],
    "wp_4": [
        1.1750788688659668,
        6.691647529602051
    ],
    "wp_3": [
        0.8107229471206665,
        3.9416756629943848
    ],
    "wp_2": [
        0.3690983057022095,
        1.9479398727416992
    ],
    "wp_1": [
        0.11054768413305283,
        0.6034980416297913
    ],
    "aim": [
        1.1750788688659668,
        6.691647529602051
    ],
    "target": [
        0.3304307814404268,
        12.794294580101429
    ],
    "desired_speed": 4.884957408905029,
    "angle": 0.11066459437978084,
    "angle_last": 0.20217387516880533,
    "angle_target": 0.01643795335674838,
    "angle_final": 0.01643795335674838,
    "delta": 0.25,
    "agent": "only_traj",
    "steer_traj": 0.041509212309458095,
    "throttle_traj": 0.75,
    "brake_traj": 0.0,
    "plan": [
        [
            0.11054768413305283,
            0.6034980416297913
        ],
        [
            0.3690983057022095,
            1.9479398727416992
        ],
        [
            0.8107229471206665,
            3.9416756629943848
        ],
        [
            1.1750788688659668,
            6.691647529602051
        ],
        [
            1.9365694522857666,
            9.561717987060547
        ],
        [
            2.8914308547973633,
            12.466689109802246
        ]
    ],
    "command": 1,
    "all_plan": [
        [
            [
                0.10892709344625473,
                0.42213737964630127
            ],
            [
                0.3161553740501404,
                1.7981353998184204
            ],
            [
                0.65181565284729,
                4.043729305267334
            ],
            [
                0.8776768445968628,
                7.049221038818359
            ],
            [
                1.437208890914917,
                10.224711418151855
            ],
            [
                2.1790874004364014,
                13.498778343200684
            ]
        ],
        [
            [
                0.11054768413305283,
                0.6034980416297913
            ],
            [
                0.3690983057022095,
                1.9479398727416992
            ],
            [
                0.8107229471206665,
                3.9416756629943848
            ],
            [
                1.1750788688659668,
                6.691647529602051
            ],
            [
                1.9365694522857666,
                9.561717987060547
            ],
            [
                2.8914308547973633,
                12.466689109802246
            ]
        ],
        [
            [
                0.07780768722295761,
                0.48279401659965515
            ],
            [
                0.2945631742477417,
                1.92612624168396
            ],
            [
                0.6831109523773193,
                4.20310115814209
            ],
            [
                1.0541952848434448,
                7.332085609436035
            ],
            [
                1.7664761543273926,
                10.577510833740234
            ],
            [
                2.674685001373291,
                13.882925987243652
            ]
        ],
        [
            [
                0.03645401448011398,
                0.4843161702156067
            ],
            [
                0.19630128145217896,
                1.8209099769592285
            ],
            [
                0.5184617042541504,
                3.845867395401001
            ],
            [
                0.8937220573425293,
                6.604391098022461
            ],
            [
                1.5524475574493408,
                9.403243064880371
            ],
            [
                2.402707576751709,
                12.2326021194458
            ]
        ],
        [
            [
                0.08319889008998871,
                0.555293083190918
            ],
            [
                0.30840548872947693,
                2.0103657245635986
            ],
            [
                0.7058489322662354,
                4.236711502075195
            ],
            [
                1.0831586122512817,
                7.27983283996582
            ],
            [
                1.8133912086486816,
                10.453825950622559
            ],
            [
                2.711613178253174,
                13.69340705871582
            ]
        ],
        [
            [
                0.19240106642246246,
                0.8235892653465271
            ],
            [
                0.46560347080230713,
                2.399548292160034
            ],
            [
                0.8264161944389343,
                4.648602485656738
            ],
            [
                0.9841561317443848,
                7.502374649047852
            ],
            [
                1.5085740089416504,
                10.560742378234863
            ],
            [
                2.189272403717041,
                13.697551727294922
            ]
        ]
    ],
    "tl_trigger": 4.591991284996766e-07,
    "tl_status": 0
}