{
    "speed": 3.077944834427059,
    "steer": 0.006770063191652298,
    "throttle": 0.0,
    "brake": 1.0,
    "wp_6": [
        0.16969400644302368,
        8.44386100769043
    ],
    "wp_5": [
        0.1153024435043335,
        7.382406234741211
    ],
    "wp_4": [
        0.05568639189004898,
        6.222825527191162
    ],
    "wp_3": [
        0.1673632562160492,
        4.829496383666992
    ],
    "wp_2": [
        0.1247386783361435,
        3.32663631439209
    ],
    "wp_1": [
        0.08041419833898544,
        1.7118055820465088
    ],
    "aim": [
        0.05568639189004898,
        6.222825527191162
    ],
    "target": [
        0.3062734061762031,
        26.735385994214255
    ],
    "desired_speed": 2.69626407623291,
    "angle": 0.005696805286200111,
    "angle_last": 0.0325934831097841,
    "angle_target": 0.00729262624177161,
    "angle_final": 0.005696805286200111,
    "delta": 0.0,
    "agent": "only_traj",
    "steer_traj": 0.006770063044581356,
    "throttle_traj": 0.0,
    "brake_traj": 1.0,
    "plan": [
        [
            0.08041419833898544,
            1.7118055820465088
        ],
        [
            0.1247386783361435,
            3.32663631439209
        ],
        [
            0.1673632562160492,
            4.829496383666992
        ],
        [
            0.05568639189004898,
            6.222825527191162
        ],
        [
            0.1153024435043335,
            7.382406234741211
        ],
        [
            0.16969400644302368,
            8.44386100769043
        ]
    ],
    "command": 3,
    "all_plan": [
        [
            [
                0.1306208223104477,
                1.9567652940750122
            ],
            [
                0.1775629073381424,
                3.7990822792053223
            ],
            [
                0.19874368607997894,
                5.489284992218018
            ],
            [
                0.025790467858314514,
                7.0346903800964355
            ],
            [
                0.029431989416480064,
                8.321044921875
            ],
            [
                0.06270237267017365,
                9.421707153320312
            ]
        ],
        [
            [
                0.13835351169109344,
                1.9693751335144043
            ],
            [
                0.18508721888065338,
                3.9208340644836426
            ],
            [
                0.19791752099990845,
                5.766756534576416
            ],
            [
                0.03806707262992859,
                7.487935543060303
            ],
            [
                0.03670627623796463,
                8.93291187286377
            ],
            [
                0.08618548512458801,
                10.180651664733887
            ]
        ],
        [
            [
                0.11386480182409286,
                1.9817551374435425
            ],
            [
                0.1642867624759674,
                3.955984115600586
            ],
            [
                0.1920914351940155,
                5.823239803314209
            ],
            [
                0.07043405622243881,
                7.603463172912598
            ],
            [
                0.1084614098072052,
                9.099475860595703
            ],
            [
                0.18216872215270996,
                10.415241241455078
            ]
        ],
        [
            [
                0.08041419833898544,
                1.7118055820465088
            ],
            [
                0.1247386783361435,
                3.32663631439209
            ],
            [
                0.1673632562160492,
                4.829496383666992
            ],
            [
                0.05568639189004898,
                6.222825527191162
            ],
            [
                0.1153024435043335,
                7.382406234741211
            ],
            [
                0.16969400644302368,
                8.44386100769043
            ]
        ],
        [
            [
                0.1322013884782791,
                2.155566692352295
            ],
            [
                0.18057304620742798,
                4.2970428466796875
            ],
            [
                0.1940673142671585,
                6.2994794845581055
            ],
            [
                0.053250476717948914,
                8.198199272155762
            ],
            [
                0.06152363866567612,
                9.784638404846191
            ],
            [
                0.12072823941707611,
                11.142708778381348
            ]
        ],
        [
            [
                0.1388338804244995,
                1.9602880477905273
            ],
            [
                0.18493854999542236,
                3.8865244388580322
            ],
            [
                0.19849127531051636,
                5.703771591186523
            ],
            [
                0.04209230840206146,
                7.3736677169799805
            ],
            [
                0.04101892560720444,
                8.761332511901855
            ],
            [
                0.09590056538581848,
                9.953679084777832
            ]
        ]
    ],
    "tl_trigger": 0.9999911785125732,
    "tl_status": 0
}