{
    "speed": 3.638342358357427,
    "steer": -0.0017598732374608517,
    "throttle": 0.0,
    "brake": 1.0,
    "wp_6": [
        -0.013634167611598969,
        10.425017356872559
    ],
    "wp_5": [
        -0.0019085276871919632,
        9.231402397155762
    ],
    "wp_4": [
        -0.01513805240392685,
        7.899801254272461
    ],
    "wp_3": [
        0.06121149659156799,
        6.258893013000488
    ],
    "wp_2": [
        0.05110345035791397,
        4.411067008972168
    ],
    "wp_1": [
        0.04203973710536957,
        2.2922048568725586
    ],
    "aim": [
        -0.01513805240392685,
        7.899801254272461
    ],
    "target": [
        -0.1860065648006326,
        24.971125934234692
    ],
    "desired_speed": 3.2539031982421873,
    "angle": -0.0012198996132994691,
    "angle_last": -0.006253673140608088,
    "angle_target": -0.004742007517379257,
    "angle_final": -0.0012198996132994691,
    "delta": 0.0,
    "agent": "only_traj",
    "steer_traj": -0.0017598731902902934,
    "throttle_traj": 0.0,
    "brake_traj": 1.0,
    "plan": [
        [
            0.04203973710536957,
            2.2922048568725586
        ],
        [
            0.05110345035791397,
            4.411067008972168
        ],
        [
            0.06121149659156799,
            6.258893013000488
        ],
        [
            -0.01513805240392685,
            7.899801254272461
        ],
        [
            -0.0019085276871919632,
            9.231402397155762
        ],
        [
            -0.013634167611598969,
            10.425017356872559
        ]
    ],
    "command": 3,
    "all_plan": [
        [
            [
                0.09018263965845108,
                2.442747116088867
            ],
            [
                0.10647787153720856,
                4.808163642883301
            ],
            [
                0.09389831870794296,
                7.000217437744141
            ],
            [
                -0.03673366457223892,
                9.065396308898926
            ],
            [
                -0.07764321565628052,
                10.778556823730469
            ],
            [
                -0.11126301437616348,
                12.251418113708496
            ]
        ],
        [
            [
                0.09566662460565567,
                2.4952621459960938
            ],
            [
                0.11696970462799072,
                4.921639442443848
            ],
            [
                0.11305499821901321,
                7.127654552459717
            ],
            [
                0.003483325242996216,
                9.167496681213379
            ],
            [
                -0.014617973938584328,
                10.823140144348145
            ],
            [
                -0.004469752311706543,
                12.209037780761719
            ]
        ],
        [
            [
                0.06328653544187546,
                2.5391407012939453
            ],
            [
                0.0727468878030777,
                5.027530193328857
            ],
            [
                0.06833229213953018,
                7.304688453674316
            ],
            [
                -0.011941954493522644,
                9.428287506103516
            ],
            [
                -0.02328048087656498,
                11.154765129089355
            ],
            [
                -0.029884949326515198,
                12.61841869354248
            ]
        ],
        [
            [
                0.04203973710536957,
                2.2922048568725586
            ],
            [
                0.05110345035791397,
                4.411067008972168
            ],
            [
                0.06121149659156799,
                6.258893013000488
            ],
            [
                -0.01513805240392685,
                7.899801254272461
            ],
            [
                -0.0019085276871919632,
                9.231402397155762
            ],
            [
                -0.013634167611598969,
                10.425017356872559
            ]
        ],
        [
            [
                0.06263982504606247,
                2.5689148902893066
            ],
            [
                0.0636129304766655,
                5.139845848083496
            ],
            [
                0.04914206266403198,
                7.517125606536865
            ],
            [
                -0.03293687850236893,
                9.714585304260254
            ],
            [
                -0.06465891003608704,
                11.48226547241211
            ],
            [
                -0.08936584740877151,
                12.968528747558594
            ]
        ],
        [
            [
                0.10551238805055618,
                2.4773364067077637
            ],
            [
                0.13048622012138367,
                4.9319915771484375
            ],
            [
                0.12777598202228546,
                7.183058261871338
            ],
            [
                0.02445068210363388,
                9.263815879821777
            ],
            [
                0.012544987723231316,
                10.953815460205078
            ],
            [
                0.04698070138692856,
                12.36829662322998
            ]
        ]
    ],
    "tl_trigger": 0.993794322013855,
    "tl_status": 0
}