{
    "speed": -1.1537323478420951e-05,
    "steer": 0.0024881656281650066,
    "throttle": 0.75,
    "brake": 0.0,
    "wp_6": [
        -0.012120125815272331,
        2.1617379188537598
    ],
    "wp_5": [
        0.002018693834543228,
        1.4945635795593262
    ],
    "wp_4": [
        -0.0027091074734926224,
        0.8723462224006653
    ],
    "wp_3": [
        0.021135998889803886,
        0.3514636754989624
    ],
    "wp_2": [
        0.012520991265773773,
        0.008929148316383362
    ],
    "wp_1": [
        0.004546239972114563,
        -0.0863579511642456
    ],
    "aim": [
        -0.0027091074734926224,
        0.8723462224006653
    ],
    "target": [
        0.2724221399251057,
        19.26625815997477
    ],
    "desired_speed": 0.8997002184391022,
    "angle": -0.0019769881372999937,
    "angle_last": -0.013489271983356487,
    "angle_target": 0.009001112848368827,
    "angle_final": -0.0019769881372999937,
    "delta": 0.25,
    "agent": "only_traj",
    "steer_traj": 0.0024881656675831893,
    "throttle_traj": 0.75,
    "brake_traj": 0.0,
    "plan": [
        [
            0.004546239972114563,
            -0.0863579511642456
        ],
        [
            0.012520991265773773,
            0.008929148316383362
        ],
        [
            0.021135998889803886,
            0.3514636754989624
        ],
        [
            -0.0027091074734926224,
            0.8723462224006653
        ],
        [
            0.002018693834543228,
            1.4945635795593262
        ],
        [
            -0.012120125815272331,
            2.1617379188537598
        ]
    ],
    "command": 3,
    "all_plan": [
        [
            [
                0.004440825432538986,
                0.005521953105926514
            ],
            [
                0.005089892074465752,
                0.01495179533958435
            ],
            [
                0.007627229671925306,
                0.027891460806131363
            ],
            [
                -0.0006943647749722004,
                0.05404704436659813
            ],
            [
                -0.0006333391647785902,
                0.0760873407125473
            ],
            [
                -0.0009284357074648142,
                0.09359236061573029
            ]
        ],
        [
            [
                0.00717342272400856,
                0.02970847487449646
            ],
            [
                0.00971902720630169,
                0.050525516271591187
            ],
            [
                0.014047261327505112,
                0.08307573199272156
            ],
            [
                -0.001884177327156067,
                0.1324898600578308
            ],
            [
                -0.0018557403236627579,
                0.18365590274333954
            ],
            [
                -0.0028722304850816727,
                0.22704030573368073
            ]
        ],
        [
            [
                0.009910347871482372,
                -0.01968023180961609
            ],
            [
                0.015148052014410496,
                0.009259350597858429
            ],
            [
                0.028852343559265137,
                0.1473647952079773
            ],
            [
                -0.006259474903345108,
                0.32292699813842773
            ],
            [
                -0.00192174781113863,
                0.5222232937812805
            ],
            [
                -0.011380692012608051,
                0.7513359785079956
            ]
        ],
        [
            [
                0.004546239972114563,
                -0.0863579511642456
            ],
            [
                0.012520991265773773,
                0.008929148316383362
            ],
            [
                0.021135998889803886,
                0.3514636754989624
            ],
            [
                -0.0027091074734926224,
                0.8723462224006653
            ],
            [
                0.002018693834543228,
                1.4945635795593262
            ],
            [
                -0.012120125815272331,
                2.1617379188537598
            ]
        ],
        [
            [
                0.008185441605746746,
                -0.07015442848205566
            ],
            [
                0.015274607576429844,
                -0.0129995197057724
            ],
            [
                0.03727050870656967,
                0.23242762684822083
            ],
            [
                -0.008691880851984024,
                0.5351038575172424
            ],
            [
                0.006759434938430786,
                0.8693357706069946
            ],
            [
                -0.006228847429156303,
                1.2721201181411743
            ]
        ],
        [
            [
                0.008890960365533829,
                0.044545888900756836
            ],
            [
                0.012637024745345116,
                0.07243719696998596
            ],
            [
                0.018094580620527267,
                0.11724045872688293
            ],
            [
                -0.0026202350854873657,
                0.1812986433506012
            ],
            [
                -0.00260890438221395,
                0.25065314769744873
            ],
            [
                -0.004067897796630859,
                0.3100552260875702
            ]
        ]
    ],
    "tl_trigger": 0.005241869483143091,
    "tl_status": 0
}