{
    "speed": 3.3116141930457603,
    "steer": 0.003189103677868843,
    "throttle": 0.75,
    "brake": 0.0,
    "wp_6": [
        0.11995001882314682,
        14.476588249206543
    ],
    "wp_5": [
        0.06328865885734558,
        11.958337783813477
    ],
    "wp_4": [
        0.03973790630698204,
        9.275074005126953
    ],
    "wp_3": [
        0.009318515658378601,
        6.47838020324707
    ],
    "wp_2": [
        0.0060717519372701645,
        3.929492950439453
    ],
    "wp_1": [
        0.001617554691620171,
        1.709478735923767
    ],
    "aim": [
        0.03973790630698204,
        9.275074005126953
    ],
    "target": [
        0.8502666972062973,
        16.53327648762686
    ],
    "desired_speed": 5.107208919525147,
    "angle": 0.0027274943810232334,
    "angle_last": 0.014321740497119878,
    "angle_target": 0.03271100805630482,
    "angle_final": 0.0027274943810232334,
    "delta": 0.25,
    "agent": "only_traj",
    "steer_traj": 0.003189103642824898,
    "throttle_traj": 0.75,
    "brake_traj": 0.0,
    "plan": [
        [
            0.001617554691620171,
            1.709478735923767
        ],
        [
            0.0060717519372701645,
            3.929492950439453
        ],
        [
            0.009318515658378601,
            6.47838020324707
        ],
        [
            0.03973790630698204,
            9.275074005126953
        ],
        [
            0.06328865885734558,
            11.958337783813477
        ],
        [
            0.11995001882314682,
            14.476588249206543
        ]
    ],
    "command": 3,
    "all_plan": [
        [
            [
                0.07763484865427017,
                1.8248687982559204
            ],
            [
                0.1150374785065651,
                4.09800910949707
            ],
            [
                0.1411205679178238,
                6.682074546813965
            ],
            [
                0.06194203346967697,
                9.433235168457031
            ],
            [
                0.06062540411949158,
                12.200672149658203
            ],
            [
                0.11049290746450424,
                14.919157028198242
            ]
        ],
        [
            [
                0.0878886952996254,
                1.7846428155899048
            ],
            [
                0.1398753523826599,
                4.029271125793457
            ],
            [
                0.18534018099308014,
                6.60334587097168
            ],
            [
                0.11402671784162521,
                9.341004371643066
            ],
            [
                0.1322362720966339,
                12.126604080200195
            ],
            [
                0.20752668380737305,
                14.890722274780273
            ]
        ],
        [
            [
                0.036180175840854645,
                1.8466945886611938
            ],
            [
                0.05612605810165405,
                4.222311019897461
            ],
            [
                0.07808858901262283,
                6.9471540451049805
            ],
            [
                0.05378167703747749,
                9.8731050491333
            ],
            [
                0.06653376668691635,
                12.773244857788086
            ],
            [
                0.12108378112316132,
                15.591115951538086
            ]
        ],
        [
            [
                0.001617554691620171,
                1.709478735923767
            ],
            [
                0.0060717519372701645,
                3.929492950439453
            ],
            [
                0.009318515658378601,
                6.47838020324707
            ],
            [
                0.03973790630698204,
                9.275074005126953
            ],
            [
                0.06328865885734558,
                11.958337783813477
            ],
            [
                0.11995001882314682,
                14.476588249206543
            ]
        ],
        [
            [
                0.04864317178726196,
                1.893118143081665
            ],
            [
                0.06525181233882904,
                4.273274898529053
            ],
            [
                0.08341534435749054,
                7.006946086883545
            ],
            [
                0.018339328467845917,
                9.898298263549805
            ],
            [
                0.006498483940958977,
                12.828892707824707
            ],
            [
                0.03077947348356247,
                15.732080459594727
            ]
        ],
        [
            [
                0.11009017378091812,
                1.8524694442749023
            ],
            [
                0.1952594816684723,
                4.109464645385742
            ],
            [
                0.2770172655582428,
                6.63478946685791
            ],
            [
                0.23257751762866974,
                9.310250282287598
            ],
            [
                0.2958112359046936,
                12.019908905029297
            ],
            [
                0.42380642890930176,
                14.694034576416016
            ]
        ]
    ],
    "tl_trigger": 0.9977816939353943,
    "tl_status": 2
}