{
    "speed": 3.7708487014846717,
    "steer": -0.25799471139907837,
    "throttle": 0.75,
    "brake": 0.0,
    "wp_6": [
        -9.196941375732422,
        11.53011703491211
    ],
    "wp_5": [
        -6.858584403991699,
        10.677367210388184
    ],
    "wp_4": [
        -4.174178600311279,
        9.260509490966797
    ],
    "wp_3": [
        -1.402000069618225,
        7.205427169799805
    ],
    "wp_2": [
        -0.46821096539497375,
        4.533086776733398
    ],
    "wp_1": [
        0.10902897268533707,
        2.135829210281372
    ],
    "aim": [
        -4.174178600311279,
        9.260509490966797
    ],
    "target": [
        -7.603226613019687,
        13.518366174592522
    ],
    "desired_speed": 5.708713340759277,
    "angle": -0.2695943486661177,
    "angle_last": -0.7773794501413612,
    "angle_target": -0.326166696986864,
    "angle_final": -0.2695943486661177,
    "delta": 0.25,
    "agent": "only_traj",
    "steer_traj": -0.2579947089214491,
    "throttle_traj": 0.75,
    "brake_traj": 0.0,
    "plan": [
        [
            0.10902897268533707,
            2.135829210281372
        ],
        [
            -0.46821096539497375,
            4.533086776733398
        ],
        [
            -1.402000069618225,
            7.205427169799805
        ],
        [
            -4.174178600311279,
            9.260509490966797
        ],
        [
            -6.858584403991699,
            10.677367210388184
        ],
        [
            -9.196941375732422,
            11.53011703491211
        ]
    ],
    "command": 0,
    "all_plan": [
        [
            [
                0.10902897268533707,
                2.135829210281372
            ],
            [
                -0.46821096539497375,
                4.533086776733398
            ],
            [
                -1.402000069618225,
                7.205427169799805
            ],
            [
                -4.174178600311279,
                9.260509490966797
            ],
            [
                -6.858584403991699,
                10.677367210388184
            ],
            [
                -9.196941375732422,
                11.53011703491211
            ]
        ],
        [
            [
                0.1477150022983551,
                2.022036075592041
            ],
            [
                -0.24879077076911926,
                4.415798187255859
            ],
            [
                -1.0261725187301636,
                7.162269115447998
            ],
            [
                -3.8525466918945312,
                9.238733291625977
            ],
            [
                -6.566476345062256,
                10.730100631713867
            ],
            [
                -8.911178588867188,
                11.675856590270996
            ]
        ],
        [
            [
                0.3449178636074066,
                2.1252074241638184
            ],
            [
                0.17550434172153473,
                4.601126670837402
            ],
            [
                -0.4209256172180176,
                7.4228715896606445
            ],
            [
                -2.905785322189331,
                9.630910873413086
            ],
            [
                -5.231366157531738,
                11.330780029296875
            ],
            [
                -7.2607645988464355,
                12.496427536010742
            ]
        ],
        [
            [
                0.24359655380249023,
                1.8047984838485718
            ],
            [
                0.12987835705280304,
                3.93827486038208
            ],
            [
                -0.332527220249176,
                6.343505859375
            ],
            [
                -2.1541104316711426,
                8.303936004638672
            ],
            [
                -3.9181275367736816,
                9.751921653747559
            ],
            [
                -5.464954376220703,
                10.709222793579102
            ]
        ],
        [
            [
                0.24690327048301697,
                2.173363447189331
            ],
            [
                -0.06808361411094666,
                4.723105430603027
            ],
            [
                -0.7882046699523926,
                7.5736846923828125
            ],
            [
                -3.5757758617401123,
                9.680028915405273
            ],
            [
                -6.23432731628418,
                11.223897933959961
            ],
            [
                -8.547588348388672,
                12.227906227111816
            ]
        ],
        [
            [
                0.06499315053224564,
                2.18253231048584
            ],
            [
                -0.4393550157546997,
                4.686010360717773
            ],
            [
                -1.2871172428131104,
                7.443330764770508
            ],
            [
                -4.123819351196289,
                9.532548904418945
            ],
            [
                -6.802179336547852,
                11.046404838562012
            ],
            [
                -9.110140800476074,
                11.995586395263672
            ]
        ]
    ],
    "tl_trigger": 4.6938180275901686e-07,
    "tl_status": 0
}