{
    "speed": 5.814797213888996,
    "steer": 0.00011600366997299716,
    "throttle": 0.75,
    "brake": 0.0,
    "wp_6": [
        -0.03538358211517334,
        19.634765625
    ],
    "wp_5": [
        -0.018433446064591408,
        16.401988983154297
    ],
    "wp_4": [
        -0.0026393234729766846,
        13.047025680541992
    ],
    "wp_3": [
        0.0328080840408802,
        9.634395599365234
    ],
    "wp_2": [
        0.028699466958642006,
        6.277189254760742
    ],
    "wp_1": [
        0.02827368676662445,
        3.020599365234375
    ],
    "aim": [
        -0.0026393234729766846,
        13.047025680541992
    ],
    "target": [
        -0.0329905374061055,
        10.056517548101821
    ],
    "desired_speed": 6.645773696899415,
    "angle": -0.00012873894789454325,
    "angle_last": -0.003337865383929645,
    "angle_target": -0.0020884320017058714,
    "angle_final": -0.00012873894789454325,
    "delta": 0.25,
    "agent": "only_traj",
    "steer_traj": 0.00011600366966387022,
    "throttle_traj": 0.75,
    "brake_traj": 0.0,
    "plan": [
        [
            0.02827368676662445,
            3.020599365234375
        ],
        [
            0.028699466958642006,
            6.277189254760742
        ],
        [
            0.0328080840408802,
            9.634395599365234
        ],
        [
            -0.0026393234729766846,
            13.047025680541992
        ],
        [
            -0.018433446064591408,
            16.401988983154297
        ],
        [
            -0.03538358211517334,
            19.634765625
        ]
    ],
    "command": 3,
    "all_plan": [
        [
            [
                0.07206053286790848,
                2.9397459030151367
            ],
            [
                0.09780421108007431,
                6.088203430175781
            ],
            [
                0.12833794951438904,
                9.340900421142578
            ],
            [
                0.06894232332706451,
                12.613454818725586
            ],
            [
                0.050677768886089325,
                15.81976318359375
            ],
            [
                0.044653549790382385,
                18.89675521850586
            ]
        ],
        [
            [
                0.058160729706287384,
                2.871033191680908
            ],
            [
                0.08600736409425735,
                5.97271728515625
            ],
            [
                0.13128125667572021,
                9.210411071777344
            ],
            [
                0.1202545315027237,
                12.498507499694824
            ],
            [
                0.12447013705968857,
                15.712336540222168
            ],
            [
                0.14340882003307343,
                18.77366828918457
            ]
        ],
        [
            [
                0.030636154115200043,
                3.1786584854125977
            ],
            [
                0.03520725667476654,
                6.553032875061035
            ],
            [
                0.0546826496720314,
                10.086785316467285
            ],
            [
                0.014901984483003616,
                13.672257423400879
            ],
            [
                0.018218541517853737,
                17.33535385131836
            ],
            [
                0.0023121722042560577,
                21.00418472290039
            ]
        ],
        [
            [
                0.02827368676662445,
                3.020599365234375
            ],
            [
                0.028699466958642006,
                6.277189254760742
            ],
            [
                0.0328080840408802,
                9.634395599365234
            ],
            [
                -0.0026393234729766846,
                13.047025680541992
            ],
            [
                -0.018433446064591408,
                16.401988983154297
            ],
            [
                -0.03538358211517334,
                19.634765625
            ]
        ],
        [
            [
                0.019590534269809723,
                3.041719436645508
            ],
            [
                0.00886760838329792,
                6.306629180908203
            ],
            [
                0.019880954176187515,
                9.75700855255127
            ],
            [
                -0.01297508180141449,
                13.254688262939453
            ],
            [
                -0.03506643325090408,
                16.786376953125
            ],
            [
                -0.07759784162044525,
                20.273954391479492
            ]
        ],
        [
            [
                0.06327194720506668,
                2.91318416595459
            ],
            [
                0.09749014675617218,
                6.014472961425781
            ],
            [
                0.14625181257724762,
                9.17473030090332
            ],
            [
                0.15565168857574463,
                12.363764762878418
            ],
            [
                0.1661306917667389,
                15.400568962097168
            ],
            [
                0.2025514841079712,
                18.213274002075195
            ]
        ]
    ],
    "tl_trigger": 5.578625064117659e-07,
    "tl_status": 0
}