{
    "speed": 2.049950190719014,
    "steer": 8.072126365732402e-05,
    "throttle": 0.75,
    "brake": 0.0,
    "wp_6": [
        0.045878566801548004,
        8.889426231384277
    ],
    "wp_5": [
        0.0276959091424942,
        7.427152633666992
    ],
    "wp_4": [
        0.007088714744895697,
        5.7910237312316895
    ],
    "wp_3": [
        0.008140644058585167,
        4.036843299865723
    ],
    "wp_2": [
        0.01697627082467079,
        2.4942007064819336
    ],
    "wp_1": [
        0.00784088671207428,
        1.1584869623184204
    ],
    "aim": [
        0.007088714744895697,
        5.7910237312316895
    ],
    "target": [
        0.3747343239014767,
        25.526921487341852
    ],
    "desired_speed": 3.092495632171631,
    "angle": 0.000779296756763263,
    "angle_last": 0.00791563018357414,
    "angle_target": 0.009344884983823375,
    "angle_final": 0.000779296756763263,
    "delta": 0.25,
    "agent": "only_traj",
    "steer_traj": 8.072126692435503e-05,
    "throttle_traj": 0.75,
    "brake_traj": 0.0,
    "plan": [
        [
            0.00784088671207428,
            1.1584869623184204
        ],
        [
            0.01697627082467079,
            2.4942007064819336
        ],
        [
            0.008140644058585167,
            4.036843299865723
        ],
        [
            0.007088714744895697,
            5.7910237312316895
        ],
        [
            0.0276959091424942,
            7.427152633666992
        ],
        [
            0.045878566801548004,
            8.889426231384277
        ]
    ],
    "command": 3,
    "all_plan": [
        [
            [
                0.022800039499998093,
                1.1540755033493042
            ],
            [
                0.02559223584830761,
                2.507113456726074
            ],
            [
                0.015528660267591476,
                4.013368606567383
            ],
            [
                -0.017623484134674072,
                5.631074905395508
            ],
            [
                -0.016870075836777687,
                7.169609069824219
            ],
            [
                -0.02004079520702362,
                8.658367156982422
            ]
        ],
        [
            [
                0.025638315826654434,
                1.1969770193099976
            ],
            [
                0.02736719511449337,
                2.62259578704834
            ],
            [
                0.01620020717382431,
                4.21351957321167
            ],
            [
                -0.009942155331373215,
                5.909132957458496
            ],
            [
                -0.010048365220427513,
                7.514067649841309
            ],
            [
                -0.004560571629554033,
                9.060805320739746
            ]
        ],
        [
            [
                0.008660592138767242,
                1.221962809562683
            ],
            [
                0.006164642050862312,
                2.6785407066345215
            ],
            [
                -0.008487861603498459,
                4.308657169342041
            ],
            [
                -0.014127686619758606,
                6.088406562805176
            ],
            [
                -0.011011714115738869,
                7.77859354019165
            ],
            [
                -0.00849422812461853,
                9.384493827819824
            ]
        ],
        [
            [
                0.00784088671207428,
                1.1584869623184204
            ],
            [
                0.01697627082467079,
                2.4942007064819336
            ],
            [
                0.008140644058585167,
                4.036843299865723
            ],
            [
                0.007088714744895697,
                5.7910237312316895
            ],
            [
                0.0276959091424942,
                7.427152633666992
            ],
            [
                0.045878566801548004,
                8.889426231384277
            ]
        ],
        [
            [
                0.011849097907543182,
                1.2767834663391113
            ],
            [
                8.323974907398224e-05,
                2.770569086074829
            ],
            [
                -0.024049390107393265,
                4.416182518005371
            ],
            [
                -0.04923810064792633,
                6.163860321044922
            ],
            [
                -0.07293467968702316,
                7.816809177398682
            ],
            [
                -0.10319915413856506,
                9.393272399902344
            ]
        ],
        [
            [
                0.03279023617506027,
                1.259123682975769
            ],
            [
                0.03802919387817383,
                2.762439727783203
            ],
            [
                0.028840700164437294,
                4.424518585205078
            ],
            [
                0.008102064952254295,
                6.182065010070801
            ],
            [
                0.01439804956316948,
                7.830533027648926
            ],
            [
                0.038588084280490875,
                9.408965110778809
            ]
        ]
    ],
    "tl_trigger": 6.317727638815995e-07,
    "tl_status": 0
}