{
    "speed": 5.215947735666787,
    "steer": 0.16897697746753693,
    "throttle": 0.75,
    "brake": 0.0,
    "wp_6": [
        5.795388221740723,
        20.324630737304688
    ],
    "wp_5": [
        4.416101455688477,
        16.911954879760742
    ],
    "wp_4": [
        3.109367609024048,
        13.3927001953125
    ],
    "wp_3": [
        2.028834342956543,
        9.720412254333496
    ],
    "wp_2": [
        1.1033936738967896,
        6.354761123657227
    ],
    "wp_1": [
        0.36502620577812195,
        2.973154067993164
    ],
    "aim": [
        3.109367609024048,
        13.3927001953125
    ],
    "target": [
        9.471844626333251,
        29.645485072433267
    ],
    "desired_speed": 7.285877704620361,
    "angle": 0.1452303603854367,
    "angle_last": 0.24452082034991207,
    "angle_target": 0.19687641871885744,
    "angle_final": 0.1452303603854367,
    "delta": 0.25,
    "agent": "only_traj",
    "steer_traj": 0.16897697486144075,
    "throttle_traj": 0.75,
    "brake_traj": 0.0,
    "plan": [
        [
            0.36502620577812195,
            2.973154067993164
        ],
        [
            1.1033936738967896,
            6.354761123657227
        ],
        [
            2.028834342956543,
            9.720412254333496
        ],
        [
            3.109367609024048,
            13.3927001953125
        ],
        [
            4.416101455688477,
            16.911954879760742
        ],
        [
            5.795388221740723,
            20.324630737304688
        ]
    ],
    "command": 3,
    "all_plan": [
        [
            [
                0.5645259618759155,
                3.125460624694824
            ],
            [
                1.4452311992645264,
                6.538381576538086
            ],
            [
                2.410233974456787,
                9.857635498046875
            ],
            [
                3.2631821632385254,
                13.490870475769043
            ],
            [
                4.422018051147461,
                16.935138702392578
            ],
            [
                5.601763725280762,
                20.320722579956055
            ]
        ],
        [
            [
                0.5841661691665649,
                3.165902614593506
            ],
            [
                1.5331164598464966,
                6.606151580810547
            ],
            [
                2.5953798294067383,
                9.928177833557129
            ],
            [
                3.5614917278289795,
                13.550338745117188
            ],
            [
                4.836437702178955,
                16.987483978271484
            ],
            [
                6.100050926208496,
                20.374311447143555
            ]
        ],
        [
            [
                0.44182124733924866,
                3.189541816711426
            ],
            [
                1.2809875011444092,
                6.782103538513184
            ],
            [
                2.292189359664917,
                10.333104133605957
            ],
            [
                3.402359962463379,
                14.161964416503906
            ],
            [
                4.734992980957031,
                17.82985496520996
            ],
            [
                6.093116760253906,
                21.4078311920166
            ]
        ],
        [
            [
                0.36502620577812195,
                2.973154067993164
            ],
            [
                1.1033936738967896,
                6.354761123657227
            ],
            [
                2.028834342956543,
                9.720412254333496
            ],
            [
                3.109367609024048,
                13.3927001953125
            ],
            [
                4.416101455688477,
                16.911954879760742
            ],
            [
                5.795388221740723,
                20.324630737304688
            ]
        ],
        [
            [
                0.46174922585487366,
                3.1513404846191406
            ],
            [
                1.2704386711120605,
                6.62415885925293
            ],
            [
                2.238213062286377,
                10.025100708007812
            ],
            [
                3.1447248458862305,
                13.684491157531738
            ],
            [
                4.365961074829102,
                17.195423126220703
            ],
            [
                5.602640628814697,
                20.61798858642578
            ]
        ],
        [
            [
                0.6093569993972778,
                3.2680435180664062
            ],
            [
                1.5871409177780151,
                6.771545886993408
            ],
            [
                2.679511070251465,
                10.115362167358398
            ],
            [
                3.627103805541992,
                13.711204528808594
            ],
            [
                4.9006242752075195,
                17.092063903808594
            ],
            [
                6.132350921630859,
                20.417877197265625
            ]
        ]
    ],
    "tl_trigger": 6.158689416224661e-07,
    "tl_status": 0
}