{
    "speed": 5.169027688450754,
    "steer": -0.18531431257724762,
    "throttle": 0.75,
    "brake": 0.0,
    "wp_6": [
        -4.096338272094727,
        15.956233024597168
    ],
    "wp_5": [
        -3.012589931488037,
        13.489396095275879
    ],
    "wp_4": [
        -1.7750391960144043,
        10.822285652160645
    ],
    "wp_3": [
        -0.4681534171104431,
        8.051029205322266
    ],
    "wp_2": [
        -0.06956717371940613,
        5.0736846923828125
    ],
    "wp_1": [
        0.10450471937656403,
        2.435429096221924
    ],
    "aim": [
        -1.7750391960144043,
        10.822285652160645
    ],
    "target": [
        -3.6822976678603982,
        20.750700863878695
    ],
    "desired_speed": 5.738596725463868,
    "angle": -0.10349500046308885,
    "angle_last": -0.2635242836597366,
    "angle_target": -0.11180690794392376,
    "angle_final": -0.10349500046308885,
    "delta": 0.25,
    "agent": "only_traj",
    "steer_traj": -0.1853143080762734,
    "throttle_traj": 0.75,
    "brake_traj": 0.0,
    "plan": [
        [
            0.10450471937656403,
            2.435429096221924
        ],
        [
            -0.06956717371940613,
            5.0736846923828125
        ],
        [
            -0.4681534171104431,
            8.051029205322266
        ],
        [
            -1.7750391960144043,
            10.822285652160645
        ],
        [
            -3.012589931488037,
            13.489396095275879
        ],
        [
            -4.096338272094727,
            15.956233024597168
        ]
    ],
    "command": 0,
    "all_plan": [
        [
            [
                0.10450471937656403,
                2.435429096221924
            ],
            [
                -0.06956717371940613,
                5.0736846923828125
            ],
            [
                -0.4681534171104431,
                8.051029205322266
            ],
            [
                -1.7750391960144043,
                10.822285652160645
            ],
            [
                -3.012589931488037,
                13.489396095275879
            ],
            [
                -4.096338272094727,
                15.956233024597168
            ]
        ],
        [
            [
                0.13333778083324432,
                2.4873647689819336
            ],
            [
                -0.024466052651405334,
                5.191933631896973
            ],
            [
                -0.3810693025588989,
                8.220695495605469
            ],
            [
                -1.5234110355377197,
                11.07763385772705
            ],
            [
                -2.5735931396484375,
                13.861207962036133
            ],
            [
                -3.475576162338257,
                16.47834014892578
            ]
        ],
        [
            [
                0.05765490233898163,
                2.8640995025634766
            ],
            [
                -0.1741441935300827,
                5.879063606262207
            ],
            [
                -0.6484100818634033,
                9.128287315368652
            ],
            [
                -2.04429292678833,
                12.10054874420166
            ],
            [
                -3.3458948135375977,
                14.909940719604492
            ],
            [
                -4.455392360687256,
                17.483535766601562
            ]
        ],
        [
            [
                0.00896240770816803,
                2.461243152618408
            ],
            [
                -0.20805931091308594,
                5.0654754638671875
            ],
            [
                -0.6604809165000916,
                7.926768779754639
            ],
            [
                -2.0636680126190186,
                10.566648483276367
            ],
            [
                -3.3918604850769043,
                13.002714157104492
            ],
            [
                -4.545195579528809,
                15.139116287231445
            ]
        ],
        [
            [
                0.07562524080276489,
                2.866398811340332
            ],
            [
                -0.17738673090934753,
                5.82772159576416
            ],
            [
                -0.6902718544006348,
                9.016997337341309
            ],
            [
                -2.1742751598358154,
                11.911287307739258
            ],
            [
                -3.558727264404297,
                14.631277084350586
            ],
            [
                -4.741246223449707,
                17.112878799438477
            ]
        ],
        [
            [
                0.13406355679035187,
                2.6697940826416016
            ],
            [
                -0.04087969660758972,
                5.536376953125
            ],
            [
                -0.40747761726379395,
                8.72098445892334
            ],
            [
                -1.516091227531433,
                11.761429786682129
            ],
            [
                -2.5095114707946777,
                14.784834861755371
            ],
            [
                -3.3608040809631348,
                17.66918182373047
            ]
        ]
    ],
    "tl_trigger": 4.129216790715873e-07,
    "tl_status": 0
}