{
    "speed": 7.116703840834996,
    "steer": -0.0005068419268354774,
    "throttle": 0.75,
    "brake": 0.0,
    "wp_6": [
        0.15343977510929108,
        22.49033546447754
    ],
    "wp_5": [
        0.1184525415301323,
        18.98774528503418
    ],
    "wp_4": [
        0.04403369128704071,
        15.216851234436035
    ],
    "wp_3": [
        -0.03396674245595932,
        11.3280029296875
    ],
    "wp_2": [
        -0.047599196434020996,
        7.512158393859863
    ],
    "wp_1": [
        -0.03852161020040512,
        3.7459936141967773
    ],
    "aim": [
        0.04403369128704071,
        15.216851234436035
    ],
    "target": [
        -0.02978529886471659,
        38.085246194646345
    ],
    "desired_speed": 7.498427295684815,
    "angle": 0.001842225973598803,
    "angle_last": 0.006358954180737458,
    "angle_target": -0.0004978806286387645,
    "angle_final": -0.0004978806286387645,
    "delta": 0.25,
    "agent": "only_traj",
    "steer_traj": -0.0005068419400975261,
    "throttle_traj": 0.75,
    "brake_traj": 0.0,
    "plan": [
        [
            -0.03852161020040512,
            3.7459936141967773
        ],
        [
            -0.047599196434020996,
            7.512158393859863
        ],
        [
            -0.03396674245595932,
            11.3280029296875
        ],
        [
            0.04403369128704071,
            15.216851234436035
        ],
        [
            0.1184525415301323,
            18.98774528503418
        ],
        [
            0.15343977510929108,
            22.49033546447754
        ]
    ],
    "command": 3,
    "all_plan": [
        [
            [
                0.014744371175765991,
                3.6241564750671387
            ],
            [
                0.019035274162888527,
                7.277329444885254
            ],
            [
                0.031204167753458023,
                10.961250305175781
            ],
            [
                0.016166970133781433,
                14.671775817871094
            ],
            [
                0.04416646808385849,
                18.33411407470703
            ],
            [
                0.04638771712779999,
                21.802499771118164
            ]
        ],
        [
            [
                -0.00012265134137123823,
                3.5161986351013184
            ],
            [
                0.0363229364156723,
                7.149709701538086
            ],
            [
                0.13089801371097565,
                10.780193328857422
            ],
            [
                0.1894162893295288,
                14.411026000976562
            ],
            [
                0.2978344261646271,
                18.045724868774414
            ],
            [
                0.37670058012008667,
                21.590042114257812
            ]
        ],
        [
            [
                -0.03276107460260391,
                3.8052592277526855
            ],
            [
                -0.030463261529803276,
                7.710018157958984
            ],
            [
                0.009225720539689064,
                11.632972717285156
            ],
            [
                0.09490948915481567,
                15.60608196258545
            ],
            [
                0.1841716170310974,
                19.515289306640625
            ],
            [
                0.23505762219429016,
                23.263893127441406
            ]
        ],
        [
            [
                -0.03852161020040512,
                3.7459936141967773
            ],
            [
                -0.047599196434020996,
                7.512158393859863
            ],
            [
                -0.03396674245595932,
                11.3280029296875
            ],
            [
                0.04403369128704071,
                15.216851234436035
            ],
            [
                0.1184525415301323,
                18.98774528503418
            ],
            [
                0.15343977510929108,
                22.49033546447754
            ]
        ],
        [
            [
                -0.04266490787267685,
                3.694936752319336
            ],
            [
                -0.0533294603228569,
                7.491015434265137
            ],
            [
                -0.015155240893363953,
                11.30114459991455
            ],
            [
                0.05141361802816391,
                15.127452850341797
            ],
            [
                0.11911159753799438,
                18.926692962646484
            ],
            [
                0.141902357339859,
                22.59724235534668
            ]
        ],
        [
            [
                -0.01969805359840393,
                3.407525062561035
            ],
            [
                0.007628524675965309,
                6.943802833557129
            ],
            [
                0.10834508389234543,
                10.487089157104492
            ],
            [
                0.17601874470710754,
                14.019536972045898
            ],
            [
                0.28187912702560425,
                17.560644149780273
            ],
            [
                0.35101693868637085,
                21.010520935058594
            ]
        ]
    ],
    "tl_trigger": 4.7045739393070107e-07,
    "tl_status": 0
}