{
    "speed": 7.974495546488832,
    "steer": -0.00029130984330549836,
    "throttle": 0.05844389647245407,
    "brake": 0.0,
    "wp_6": [
        -0.16411887109279633,
        23.665895462036133
    ],
    "wp_5": [
        -0.10049379616975784,
        19.75580406188965
    ],
    "wp_4": [
        -0.04811231791973114,
        15.809431076049805
    ],
    "wp_3": [
        0.11463269591331482,
        11.933916091918945
    ],
    "wp_2": [
        0.11808893829584122,
        7.987479209899902
    ],
    "wp_1": [
        0.10020998865365982,
        3.9965357780456543
    ],
    "aim": [
        -0.04811231791973114,
        15.809431076049805
    ],
    "target": [
        -0.5682676940337565,
        23.222286157512944
    ],
    "desired_speed": 7.869472789764404,
    "angle": -0.0019373730401139196,
    "angle_last": -0.010358161485841086,
    "angle_target": -0.015575480456909024,
    "angle_final": -0.0019373730401139196,
    "delta": 0.0,
    "agent": "only_traj",
    "steer_traj": -0.00029130985607233337,
    "throttle_traj": 0.05844389741869194,
    "brake_traj": 0.0,
    "plan": [
        [
            0.10020998865365982,
            3.9965357780456543
        ],
        [
            0.11808893829584122,
            7.987479209899902
        ],
        [
            0.11463269591331482,
            11.933916091918945
        ],
        [
            -0.04811231791973114,
            15.809431076049805
        ],
        [
            -0.10049379616975784,
            19.75580406188965
        ],
        [
            -0.16411887109279633,
            23.665895462036133
        ]
    ],
    "command": 3,
    "all_plan": [
        [
            [
                0.1837255358695984,
                3.966581344604492
            ],
            [
                0.23572222888469696,
                7.888611793518066
            ],
            [
                0.2433640956878662,
                11.751134872436523
            ],
            [
                -0.03410658240318298,
                15.496601104736328
            ],
            [
                -0.12619686126708984,
                19.354524612426758
            ],
            [
                -0.19901606440544128,
                23.1915283203125
            ]
        ],
        [
            [
                0.18000558018684387,
                3.9391908645629883
            ],
            [
                0.2389330416917801,
                7.854058742523193
            ],
            [
                0.25601401925086975,
                11.713711738586426
            ],
            [
                0.0052626729011535645,
                15.479063034057617
            ],
            [
                -0.06413712352514267,
                19.347900390625
            ],
            [
                -0.1087636947631836,
                23.18769073486328
            ]
        ],
        [
            [
                0.12758153676986694,
                4.022893905639648
            ],
            [
                0.1616959571838379,
                8.051553726196289
            ],
            [
                0.16704364120960236,
                12.040603637695312
            ],
            [
                -0.02072814106941223,
                15.963154792785645
            ],
            [
                -0.07614009827375412,
                19.963504791259766
            ],
            [
                -0.13105466961860657,
                23.92517852783203
            ]
        ],
        [
            [
                0.10020998865365982,
                3.9965357780456543
            ],
            [
                0.11808893829584122,
                7.987479209899902
            ],
            [
                0.11463269591331482,
                11.933916091918945
            ],
            [
                -0.04811231791973114,
                15.809431076049805
            ],
            [
                -0.10049379616975784,
                19.75580406188965
            ],
            [
                -0.16411887109279633,
                23.665895462036133
            ]
        ],
        [
            [
                0.14950571954250336,
                4.016828536987305
            ],
            [
                0.1804671287536621,
                8.021007537841797
            ],
            [
                0.17237381637096405,
                11.980806350708008
            ],
            [
                -0.07515731453895569,
                15.847312927246094
            ],
            [
                -0.16889673471450806,
                19.80719566345215
            ],
            [
                -0.25464239716529846,
                23.732301712036133
            ]
        ],
        [
            [
                0.17671814560890198,
                3.891240119934082
            ],
            [
                0.23465067148208618,
                7.742371082305908
            ],
            [
                0.2520830035209656,
                11.528525352478027
            ],
            [
                0.008600249886512756,
                15.21428108215332
            ],
            [
                -0.05593789368867874,
                19.003873825073242
            ],
            [
                -0.0950465053319931,
                22.76877212524414
            ]
        ]
    ],
    "tl_trigger": 6.382148285410949e-07,
    "tl_status": 0
}