{
    "speed": 5.17178398407445,
    "steer": -0.0014075466897338629,
    "throttle": 0.75,
    "brake": 0.0,
    "wp_6": [
        -0.18583324551582336,
        22.044052124023438
    ],
    "wp_5": [
        -0.12719184160232544,
        18.200105667114258
    ],
    "wp_4": [
        -0.07679781317710876,
        14.291945457458496
    ],
    "wp_3": [
        -0.026598792523145676,
        10.395071029663086
    ],
    "wp_2": [
        -0.00916953943669796,
        6.612525463104248
    ],
    "wp_1": [
        0.012713722884654999,
        3.106698513031006
    ],
    "aim": [
        -0.07679781317710876,
        14.291945457458496
    ],
    "target": [
        -0.962822766943577,
        9.833369930334323
    ],
    "desired_speed": 7.5754230499267585,
    "angle": -0.003420814236849911,
    "angle_last": -0.00971119078945932,
    "angle_target": -0.06213580819546675,
    "angle_final": -0.003420814236849911,
    "delta": 0.25,
    "agent": "only_traj",
    "steer_traj": -0.0014075466821845699,
    "throttle_traj": 0.75,
    "brake_traj": 0.0,
    "plan": [
        [
            0.012713722884654999,
            3.106698513031006
        ],
        [
            -0.00916953943669796,
            6.612525463104248
        ],
        [
            -0.026598792523145676,
            10.395071029663086
        ],
        [
            -0.07679781317710876,
            14.291945457458496
        ],
        [
            -0.12719184160232544,
            18.200105667114258
        ],
        [
            -0.18583324551582336,
            22.044052124023438
        ]
    ],
    "command": 3,
    "all_plan": [
        [
            [
                0.13627654314041138,
                3.479062080383301
            ],
            [
                0.17564386129379272,
                7.08125114440918
            ],
            [
                0.18556994199752808,
                10.761428833007812
            ],
            [
                0.010692819952964783,
                14.426437377929688
            ],
            [
                -0.06920937448740005,
                18.121658325195312
            ],
            [
                -0.13178010284900665,
                21.74645233154297
            ]
        ],
        [
            [
                0.13705472648143768,
                3.4343137741088867
            ],
            [
                0.19171684980392456,
                7.028264999389648
            ],
            [
                0.22421862185001373,
                10.72942066192627
            ],
            [
                0.08946657180786133,
                14.440502166748047
            ],
            [
                0.049124039709568024,
                18.168859481811523
            ],
            [
                0.033883750438690186,
                21.827804565429688
            ]
        ],
        [
            [
                0.04044608026742935,
                3.3526611328125
            ],
            [
                0.03502180427312851,
                7.028902053833008
            ],
            [
                0.03067365474998951,
                10.975881576538086
            ],
            [
                -0.0557737872004509,
                15.016382217407227
            ],
            [
                -0.09823526442050934,
                19.159605026245117
            ],
            [
                -0.15885567665100098,
                23.32355499267578
            ]
        ],
        [
            [
                0.012713722884654999,
                3.106698513031006
            ],
            [
                -0.00916953943669796,
                6.612525463104248
            ],
            [
                -0.026598792523145676,
                10.395071029663086
            ],
            [
                -0.07679781317710876,
                14.291945457458496
            ],
            [
                -0.12719184160232544,
                18.200105667114258
            ],
            [
                -0.18583324551582336,
                22.044052124023438
            ]
        ],
        [
            [
                0.05927514284849167,
                3.3732151985168457
            ],
            [
                0.04932419955730438,
                7.0044660568237305
            ],
            [
                0.03538117557764053,
                10.877201080322266
            ],
            [
                -0.0919872596859932,
                14.786863327026367
            ],
            [
                -0.16509458422660828,
                18.794157028198242
            ],
            [
                -0.2535138726234436,
                22.82156753540039
            ]
        ],
        [
            [
                0.15867871046066284,
                3.7356462478637695
            ],
            [
                0.2197284698486328,
                7.4876017570495605
            ],
            [
                0.24365009367465973,
                11.212602615356445
            ],
            [
                0.0719330906867981,
                14.886919975280762
            ],
            [
                0.021980859339237213,
                18.59723472595215
            ],
            [
                -0.0006238799542188644,
                22.23933982849121
            ]
        ]
    ],
    "tl_trigger": 5.320324589774827e-07,
    "tl_status": 0
}