{
    "speed": 7.296897668878835,
    "steer": 0.003103401279076934,
    "throttle": 0.75,
    "brake": 0.0,
    "wp_6": [
        0.17845195531845093,
        23.16069984436035
    ],
    "wp_5": [
        0.13537195324897766,
        19.34037208557129
    ],
    "wp_4": [
        0.09099774062633514,
        15.458943367004395
    ],
    "wp_3": [
        0.13797131180763245,
        11.608725547790527
    ],
    "wp_2": [
        0.10211245715618134,
        7.750608444213867
    ],
    "wp_1": [
        0.06650220602750778,
        3.8495335578918457
    ],
    "aim": [
        0.09099774062633514,
        15.458943367004395
    ],
    "target": [
        0.49316317160385137,
        27.592493713614946
    ],
    "desired_speed": 7.724911499023438,
    "angle": 0.0037473934060876933,
    "angle_last": 0.007178576881138987,
    "angle_target": 0.011377152233825493,
    "angle_final": 0.0037473934060876933,
    "delta": 0.25,
    "agent": "only_traj",
    "steer_traj": 0.0031034012237301034,
    "throttle_traj": 0.75,
    "brake_traj": 0.0,
    "plan": [
        [
            0.06650220602750778,
            3.8495335578918457
        ],
        [
            0.10211245715618134,
            7.750608444213867
        ],
        [
            0.13797131180763245,
            11.608725547790527
        ],
        [
            0.09099774062633514,
            15.458943367004395
        ],
        [
            0.13537195324897766,
            19.34037208557129
        ],
        [
            0.17845195531845093,
            23.16069984436035
        ]
    ],
    "command": 3,
    "all_plan": [
        [
            [
                0.14336761832237244,
                3.795076847076416
            ],
            [
                0.2129075825214386,
                7.6277055740356445
            ],
            [
                0.26141607761383057,
                11.422409057617188
            ],
            [
                0.1131337434053421,
                15.183588027954102
            ],
            [
                0.12398885935544968,
                19.019433975219727
            ],
            [
                0.16252179443836212,
                22.812419891357422
            ]
        ],
        [
            [
                0.14936257898807526,
                3.7057318687438965
            ],
            [
                0.23066329956054688,
                7.492328643798828
            ],
            [
                0.2941405475139618,
                11.282280921936035
            ],
            [
                0.15667228400707245,
                15.061910629272461
            ],
            [
                0.18231280148029327,
                18.918560028076172
            ],
            [
                0.2371809184551239,
                22.739599227905273
            ]
        ],
        [
            [
                0.07985656708478928,
                3.8618969917297363
            ],
            [
                0.12293311208486557,
                7.801340103149414
            ],
            [
                0.16136407852172852,
                11.714662551879883
            ],
            [
                0.10059858858585358,
                15.634714126586914
            ],
            [
                0.13992834091186523,
                19.590524673461914
            ],
            [
                0.18453481793403625,
                23.482219696044922
            ]
        ],
        [
            [
                0.06650220602750778,
                3.8495335578918457
            ],
            [
                0.10211245715618134,
                7.750608444213867
            ],
            [
                0.13797131180763245,
                11.608725547790527
            ],
            [
                0.09099774062633514,
                15.458943367004395
            ],
            [
                0.13537195324897766,
                19.34037208557129
            ],
            [
                0.17845195531845093,
                23.16069984436035
            ]
        ],
        [
            [
                0.08365000039339066,
                3.802187442779541
            ],
            [
                0.11506077647209167,
                7.700496673583984
            ],
            [
                0.13776494562625885,
                11.610816955566406
            ],
            [
                0.04119478911161423,
                15.521568298339844
            ],
            [
                0.046792417764663696,
                19.48750877380371
            ],
            [
                0.05465494841337204,
                23.40825653076172
            ]
        ],
        [
            [
                0.17030392587184906,
                3.6734962463378906
            ],
            [
                0.26262548565864563,
                7.384956359863281
            ],
            [
                0.330802857875824,
                11.065421104431152
            ],
            [
                0.17211578786373138,
                14.714446067810059
            ],
            [
                0.19298996031284332,
                18.446626663208008
            ],
            [
                0.251357764005661,
                22.141395568847656
            ]
        ]
    ],
    "tl_trigger": 4.813476266463113e-07,
    "tl_status": 0
}