{
    "speed": -0.22157351718502924,
    "steer": 0.17428693175315857,
    "throttle": 0.75,
    "brake": 0.0,
    "wp_6": [
        2.7316675186157227,
        10.964991569519043
    ],
    "wp_5": [
        1.8357746601104736,
        8.839810371398926
    ],
    "wp_4": [
        1.234046220779419,
        6.55208683013916
    ],
    "wp_3": [
        1.0805412530899048,
        4.265165328979492
    ],
    "wp_2": [
        0.6238812208175659,
        2.5960776805877686
    ],
    "wp_1": [
        0.2639566957950592,
        1.1453440189361572
    ],
    "aim": [
        1.234046220779419,
        6.55208683013916
    ],
    "target": [
        5.642419963330444,
        21.20010322276551
    ],
    "desired_speed": 4.075619554519653,
    "angle": 0.11851513792080273,
    "angle_last": 0.25398192249722296,
    "angle_target": 0.16559786291150036,
    "angle_final": 0.11851513792080273,
    "delta": 0.25,
    "agent": "only_traj",
    "steer_traj": 0.17428693549080493,
    "throttle_traj": 0.75,
    "brake_traj": 0.0,
    "plan": [
        [
            0.2639566957950592,
            1.1453440189361572
        ],
        [
            0.6238812208175659,
            2.5960776805877686
        ],
        [
            1.0805412530899048,
            4.265165328979492
        ],
        [
            1.234046220779419,
            6.55208683013916
        ],
        [
            1.8357746601104736,
            8.839810371398926
        ],
        [
            2.7316675186157227,
            10.964991569519043
        ]
    ],
    "command": 3,
    "all_plan": [
        [
            [
                0.3506644666194916,
                1.2143405675888062
            ],
            [
                0.7601401805877686,
                2.6722025871276855
            ],
            [
                1.2141501903533936,
                4.309030055999756
            ],
            [
                1.1953810453414917,
                6.549345016479492
            ],
            [
                1.6890603303909302,
                8.735417366027832
            ],
            [
                2.461062431335449,
                10.708159446716309
            ]
        ],
        [
            [
                0.3928378224372864,
                1.2634831666946411
            ],
            [
                0.8298046588897705,
                2.7002344131469727
            ],
            [
                1.2895376682281494,
                4.256371021270752
            ],
            [
                1.2504647970199585,
                6.407453536987305
            ],
            [
                1.7079542875289917,
                8.438008308410645
            ],
            [
                2.4309446811676025,
                10.228724479675293
            ]
        ],
        [
            [
                0.39577171206474304,
                1.39381742477417
            ],
            [
                0.8718898892402649,
                3.0951642990112305
            ],
            [
                1.4290263652801514,
                5.014470100402832
            ],
            [
                1.496663212776184,
                7.608756065368652
            ],
            [
                2.151660203933716,
                10.199594497680664
            ],
            [
                3.1023495197296143,
                12.639984130859375
            ]
        ],
        [
            [
                0.2639566957950592,
                1.1453440189361572
            ],
            [
                0.6238812208175659,
                2.5960776805877686
            ],
            [
                1.0805412530899048,
                4.265165328979492
            ],
            [
                1.234046220779419,
                6.55208683013916
            ],
            [
                1.8357746601104736,
                8.839810371398926
            ],
            [
                2.7316675186157227,
                10.964991569519043
            ]
        ],
        [
            [
                0.39084136486053467,
                1.37498939037323
            ],
            [
                0.8453068733215332,
                3.006251811981201
            ],
            [
                1.357125997543335,
                4.813783168792725
            ],
            [
                1.3743396997451782,
                7.246767997741699
            ],
            [
                1.9447920322418213,
                9.649022102355957
            ],
            [
                2.7822346687316895,
                11.876294136047363
            ]
        ],
        [
            [
                0.3889191746711731,
                1.2925091981887817
            ],
            [
                0.8116034269332886,
                2.7359395027160645
            ],
            [
                1.2432632446289062,
                4.255242824554443
            ],
            [
                1.1687051057815552,
                6.324052810668945
            ],
            [
                1.591220736503601,
                8.211413383483887
            ],
            [
                2.2467386722564697,
                9.840533256530762
            ]
        ]
    ],
    "tl_trigger": 5.192887897464971e-07,
    "tl_status": 0
}