{
    "speed": 0.0028979143570910916,
    "steer": 0.02451913058757782,
    "throttle": 0.75,
    "brake": 0.0,
    "wp_6": [
        0.5171005725860596,
        11.972601890563965
    ],
    "wp_5": [
        0.27705472707748413,
        9.16176700592041
    ],
    "wp_4": [
        0.1652950495481491,
        6.410884857177734
    ],
    "wp_3": [
        0.21039915084838867,
        3.847221612930298
    ],
    "wp_2": [
        0.1509970724582672,
        1.8305120468139648
    ],
    "wp_1": [
        0.08215030282735825,
        0.5303221344947815
    ],
    "aim": [
        0.1652950495481491,
        6.410884857177734
    ],
    "target": [
        1.4595624238321712,
        19.06551900057829
    ],
    "desired_speed": 4.583149337768554,
    "angle": 0.016410640018282113,
    "angle_last": 0.054235848186858844,
    "angle_target": 0.04864160440386478,
    "angle_final": 0.016410640018282113,
    "delta": 0.25,
    "agent": "only_traj",
    "steer_traj": 0.02451913071228962,
    "throttle_traj": 0.75,
    "brake_traj": 0.0,
    "plan": [
        [
            0.08215030282735825,
            0.5303221344947815
        ],
        [
            0.1509970724582672,
            1.8305120468139648
        ],
        [
            0.21039915084838867,
            3.847221612930298
        ],
        [
            0.1652950495481491,
            6.410884857177734
        ],
        [
            0.27705472707748413,
            9.16176700592041
        ],
        [
            0.5171005725860596,
            11.972601890563965
        ]
    ],
    "command": 3,
    "all_plan": [
        [
            [
                0.12175235897302628,
                0.5950606465339661
            ],
            [
                0.21869012713432312,
                1.9829108715057373
            ],
            [
                0.3011123538017273,
                4.07621955871582
            ],
            [
                0.23127585649490356,
                6.67021369934082
            ],
            [
                0.35473594069480896,
                9.430395126342773
            ],
            [
                0.5828317403793335,
                12.247255325317383
            ]
        ],
        [
            [
                0.12015482038259506,
                0.5106729865074158
            ],
            [
                0.22825442254543304,
                1.8260557651519775
            ],
            [
                0.3352600336074829,
                3.8549842834472656
            ],
            [
                0.2813909947872162,
                6.403597831726074
            ],
            [
                0.4297660291194916,
                9.09958553314209
            ],
            [
                0.6874969601631165,
                11.842145919799805
            ]
        ],
        [
            [
                0.17341496050357819,
                0.8319915533065796
            ],
            [
                0.30260390043258667,
                2.504429340362549
            ],
            [
                0.4112730026245117,
                4.935060024261475
            ],
            [
                0.2826562225818634,
                7.873650550842285
            ],
            [
                0.3945368528366089,
                11.090886116027832
            ],
            [
                0.6321534514427185,
                14.409163475036621
            ]
        ],
        [
            [
                0.08215030282735825,
                0.5303221344947815
            ],
            [
                0.1509970724582672,
                1.8305120468139648
            ],
            [
                0.21039915084838867,
                3.847221612930298
            ],
            [
                0.1652950495481491,
                6.410884857177734
            ],
            [
                0.27705472707748413,
                9.16176700592041
            ],
            [
                0.5171005725860596,
                11.972601890563965
            ]
        ],
        [
            [
                0.1715732216835022,
                0.8414803743362427
            ],
            [
                0.2933650016784668,
                2.514434814453125
            ],
            [
                0.38858237862586975,
                4.928627014160156
            ],
            [
                0.2674826681613922,
                7.824226379394531
            ],
            [
                0.3614692986011505,
                10.97792911529541
            ],
            [
                0.5559027194976807,
                14.22549819946289
            ]
        ],
        [
            [
                0.17517586052417755,
                0.8218091726303101
            ],
            [
                0.3257825970649719,
                2.370532512664795
            ],
            [
                0.4594431519508362,
                4.52801513671875
            ],
            [
                0.3865000009536743,
                7.127901077270508
            ],
            [
                0.557180643081665,
                9.872689247131348
            ],
            [
                0.8198991417884827,
                12.645142555236816
            ]
        ]
    ],
    "tl_trigger": 5.301968144522107e-07,
    "tl_status": 0
}