{
    "speed": 0.004812224433572459,
    "steer": 0.014734775759279728,
    "throttle": 0.75,
    "brake": 0.0,
    "wp_6": [
        0.575477123260498,
        12.965658187866211
    ],
    "wp_5": [
        0.34465354681015015,
        9.980802536010742
    ],
    "wp_4": [
        0.23432067036628723,
        7.06243371963501
    ],
    "wp_3": [
        0.32051441073417664,
        4.364935398101807
    ],
    "wp_2": [
        0.23422583937644958,
        2.179563522338867
    ],
    "wp_1": [
        0.13186776638031006,
        0.7052181959152222
    ],
    "aim": [
        0.23432067036628723,
        7.06243371963501
    ],
    "target": [
        0.22221429406859983,
        18.918529871250918
    ],
    "desired_speed": 4.911226034164429,
    "angle": 0.02111428773570678,
    "angle_last": 0.04913301385794231,
    "angle_target": 0.00747729918854519,
    "angle_final": 0.00747729918854519,
    "delta": 0.25,
    "agent": "only_traj",
    "steer_traj": 0.014734776021153913,
    "throttle_traj": 0.75,
    "brake_traj": 0.0,
    "plan": [
        [
            0.13186776638031006,
            0.7052181959152222
        ],
        [
            0.23422583937644958,
            2.179563522338867
        ],
        [
            0.32051441073417664,
            4.364935398101807
        ],
        [
            0.23432067036628723,
            7.06243371963501
        ],
        [
            0.34465354681015015,
            9.980802536010742
        ],
        [
            0.575477123260498,
            12.965658187866211
        ]
    ],
    "command": 3,
    "all_plan": [
        [
            [
                0.2344426065683365,
                0.9729927778244019
            ],
            [
                0.4071412980556488,
                2.5848546028137207
            ],
            [
                0.5554310083389282,
                4.7909674644470215
            ],
            [
                0.37813013792037964,
                7.386180877685547
            ],
            [
                0.5160344839096069,
                10.256793022155762
            ],
            [
                0.7654430866241455,
                13.198978424072266
            ]
        ],
        [
            [
                0.26672181487083435,
                1.055914282798767
            ],
            [
                0.49812737107276917,
                2.65700101852417
            ],
            [
                0.7233536243438721,
                4.7682108879089355
            ],
            [
                0.5837037563323975,
                7.249930381774902
            ],
            [
                0.8010415434837341,
                9.967019081115723
            ],
            [
                1.128065586090088,
                12.719463348388672
            ]
        ],
        [
            [
                0.2663629651069641,
                1.1913354396820068
            ],
            [
                0.47416484355926514,
                3.098621129989624
            ],
            [
                0.6552234292030334,
                5.652984619140625
            ],
            [
                0.4841216802597046,
                8.650301933288574
            ],
            [
                0.633773684501648,
                11.965265274047852
            ],
            [
                0.9063346982002258,
                15.34677505493164
            ]
        ],
        [
            [
                0.13186776638031006,
                0.7052181959152222
            ],
            [
                0.23422583937644958,
                2.179563522338867
            ],
            [
                0.32051441073417664,
                4.364935398101807
            ],
            [
                0.23432067036628723,
                7.06243371963501
            ],
            [
                0.34465354681015015,
                9.980802536010742
            ],
            [
                0.575477123260498,
                12.965658187866211
            ]
        ],
        [
            [
                0.28677380084991455,
                1.2822511196136475
            ],
            [
                0.5076338052749634,
                3.18611216545105
            ],
            [
                0.7022534608840942,
                5.667078495025635
            ],
            [
                0.5101192593574524,
                8.541424751281738
            ],
            [
                0.6624681949615479,
                11.729682922363281
            ],
            [
                0.9317106604576111,
                14.97276496887207
            ]
        ],
        [
            [
                0.33964812755584717,
                1.3999603986740112
            ],
            [
                0.625103235244751,
                3.2400994300842285
            ],
            [
                0.883939266204834,
                5.459888935089111
            ],
            [
                0.6968445181846619,
                8.010860443115234
            ],
            [
                0.9343152046203613,
                10.770317077636719
            ],
            [
                1.2948501110076904,
                13.522536277770996
            ]
        ]
    ],
    "tl_trigger": 5.326212999534619e-07,
    "tl_status": 0
}