{
    "speed": 0.0033637942294286708,
    "steer": 0.02977943606674671,
    "throttle": 0.75,
    "brake": 0.0,
    "wp_6": [
        0.6192057132720947,
        13.724566459655762
    ],
    "wp_5": [
        0.35400137305259705,
        10.164061546325684
    ],
    "wp_4": [
        0.19509410858154297,
        6.789775848388672
    ],
    "wp_3": [
        0.18785713613033295,
        3.7219271659851074
    ],
    "wp_2": [
        0.11114010214805603,
        1.4003840684890747
    ],
    "wp_1": [
        0.053969867527484894,
        0.1420046091079712
    ],
    "aim": [
        0.19509410858154297,
        6.789775848388672
    ],
    "target": [
        1.2597652421206096,
        19.135753285181814
    ],
    "desired_speed": 5.439495515823364,
    "angle": 0.018287272438238505,
    "angle_last": 0.04733120995489294,
    "angle_target": 0.04185023944756781,
    "angle_final": 0.018287272438238505,
    "delta": 0.25,
    "agent": "only_traj",
    "steer_traj": 0.029779436475476866,
    "throttle_traj": 0.75,
    "brake_traj": 0.0,
    "plan": [
        [
            0.053969867527484894,
            0.1420046091079712
        ],
        [
            0.11114010214805603,
            1.4003840684890747
        ],
        [
            0.18785713613033295,
            3.7219271659851074
        ],
        [
            0.19509410858154297,
            6.789775848388672
        ],
        [
            0.35400137305259705,
            10.164061546325684
        ],
        [
            0.6192057132720947,
            13.724566459655762
        ]
    ],
    "command": 3,
    "all_plan": [
        [
            [
                0.07656437158584595,
                0.187636137008667
            ],
            [
                0.14684519171714783,
                1.4244506359100342
            ],
            [
                0.23133039474487305,
                3.6687724590301514
            ],
            [
                0.16846325993537903,
                6.571942329406738
            ],
            [
                0.30125880241394043,
                9.73623275756836
            ],
            [
                0.5266462564468384,
                13.067667007446289
            ]
        ],
        [
            [
                0.05573663115501404,
                0.13437575101852417
            ],
            [
                0.13902613520622253,
                1.2660834789276123
            ],
            [
                0.24992552399635315,
                3.3242228031158447
            ],
            [
                0.2697162628173828,
                6.076694965362549
            ],
            [
                0.46972501277923584,
                8.997237205505371
            ],
            [
                0.7600076198577881,
                11.98989200592041
            ]
        ],
        [
            [
                0.09252607077360153,
                0.35977301001548767
            ],
            [
                0.19585177302360535,
                1.8792108297348022
            ],
            [
                0.3215024471282959,
                4.457294464111328
            ],
            [
                0.35067275166511536,
                7.776995658874512
            ],
            [
                0.5762154459953308,
                11.390567779541016
            ],
            [
                0.9100061058998108,
                15.176712989807129
            ]
        ],
        [
            [
                0.053969867527484894,
                0.1420046091079712
            ],
            [
                0.11114010214805603,
                1.4003840684890747
            ],
            [
                0.18785713613033295,
                3.7219271659851074
            ],
            [
                0.19509410858154297,
                6.789775848388672
            ],
            [
                0.35400137305259705,
                10.164061546325684
            ],
            [
                0.6192057132720947,
                13.724566459655762
            ]
        ],
        [
            [
                0.09672009199857712,
                0.34706324338912964
            ],
            [
                0.19601967930793762,
                1.7659740447998047
            ],
            [
                0.3107618987560272,
                4.1740899085998535
            ],
            [
                0.30914759635925293,
                7.271288871765137
            ],
            [
                0.5011759996414185,
                10.64355754852295
            ],
            [
                0.7814462184906006,
                14.17052173614502
            ]
        ],
        [
            [
                0.12255842238664627,
                0.4849482774734497
            ],
            [
                0.2506504952907562,
                1.899617075920105
            ],
            [
                0.3823475241661072,
                4.1246514320373535
            ],
            [
                0.36401963233947754,
                6.9272780418396
            ],
            [
                0.5538874864578247,
                9.880168914794922
            ],
            [
                0.8076503872871399,
                12.905241966247559
            ]
        ]
    ],
    "tl_trigger": 5.41568454082153e-07,
    "tl_status": 0
}