{
    "speed": 0.003440035449801684,
    "steer": 0.036997146904468536,
    "throttle": 0.75,
    "brake": 0.0,
    "wp_6": [
        0.9020107388496399,
        13.710474967956543
    ],
    "wp_5": [
        0.5146704912185669,
        10.234617233276367
    ],
    "wp_4": [
        0.27974098920822144,
        6.916764259338379
    ],
    "wp_3": [
        0.24942955374717712,
        3.8548812866210938
    ],
    "wp_2": [
        0.1309201419353485,
        1.5250991582870483
    ],
    "wp_1": [
        0.05781561881303787,
        0.21626102924346924
    ],
    "aim": [
        0.27974098920822144,
        6.916764259338379
    ],
    "target": [
        2.390734663084192,
        18.97616740246472
    ],
    "desired_speed": 5.411695337295532,
    "angle": 0.02573339288940485,
    "angle_last": 0.07065167662004904,
    "angle_target": 0.07978493008671854,
    "angle_final": 0.02573339288940485,
    "delta": 0.25,
    "agent": "only_traj",
    "steer_traj": 0.03699714642858496,
    "throttle_traj": 0.75,
    "brake_traj": 0.0,
    "plan": [
        [
            0.05781561881303787,
            0.21626102924346924
        ],
        [
            0.1309201419353485,
            1.5250991582870483
        ],
        [
            0.24942955374717712,
            3.8548812866210938
        ],
        [
            0.27974098920822144,
            6.916764259338379
        ],
        [
            0.5146704912185669,
            10.234617233276367
        ],
        [
            0.9020107388496399,
            13.710474967956543
        ]
    ],
    "command": 3,
    "all_plan": [
        [
            [
                0.11541945487260818,
                0.38459691405296326
            ],
            [
                0.24072140455245972,
                1.7597006559371948
            ],
            [
                0.4071640372276306,
                4.079708576202393
            ],
            [
                0.3858722150325775,
                7.063282012939453
            ],
            [
                0.6366947293281555,
                10.312210083007812
            ],
            [
                1.0350887775421143,
                13.709949493408203
            ]
        ],
        [
            [
                0.09278269857168198,
                0.33321413397789
            ],
            [
                0.2327272891998291,
                1.6233776807785034
            ],
            [
                0.4385358691215515,
                3.787889003753662
            ],
            [
                0.5204713940620422,
                6.654601097106934
            ],
            [
                0.8536558151245117,
                9.694446563720703
            ],
            [
                1.3325636386871338,
                12.815450668334961
            ]
        ],
        [
            [
                0.12980632483959198,
                0.5300847291946411
            ],
            [
                0.2950342297554016,
                2.148376941680908
            ],
            [
                0.5086528658866882,
                4.739531517028809
            ],
            [
                0.5851469039916992,
                8.065741539001465
            ],
            [
                0.933642566204071,
                11.651634216308594
            ],
            [
                1.4343819618225098,
                15.37620735168457
            ]
        ],
        [
            [
                0.05781561881303787,
                0.21626102924346924
            ],
            [
                0.1309201419353485,
                1.5250991582870483
            ],
            [
                0.24942955374717712,
                3.8548812866210938
            ],
            [
                0.27974098920822144,
                6.916764259338379
            ],
            [
                0.5146704912185669,
                10.234617233276367
            ],
            [
                0.9020107388496399,
                13.710474967956543
            ]
        ],
        [
            [
                0.13114693760871887,
                0.5244932174682617
            ],
            [
                0.2885593771934509,
                2.0667614936828613
            ],
            [
                0.4901849031448364,
                4.53132438659668
            ],
            [
                0.5493822693824768,
                7.688229560852051
            ],
            [
                0.8697226047515869,
                11.102522850036621
            ],
            [
                1.326832890510559,
                14.648736000061035
            ]
        ],
        [
            [
                0.17142274975776672,
                0.7163630723953247
            ],
            [
                0.3697616457939148,
                2.3166885375976562
            ],
            [
                0.6046773195266724,
                4.687065601348877
            ],
            [
                0.6393197178840637,
                7.653400897979736
            ],
            [
                0.9768412113189697,
                10.802679061889648
            ],
            [
                1.4346505403518677,
                14.026727676391602
            ]
        ]
    ],
    "tl_trigger": 5.365151309888461e-07,
    "tl_status": 0
}