{
    "speed": 1.9703072130905102,
    "steer": -0.006379228550940752,
    "throttle": 0.75,
    "brake": 0.0,
    "wp_6": [
        0.21562916040420532,
        11.841266632080078
    ],
    "wp_5": [
        0.14341804385185242,
        9.237773895263672
    ],
    "wp_4": [
        0.07899241149425507,
        6.641496658325195
    ],
    "wp_3": [
        0.03745501488447189,
        4.095444202423096
    ],
    "wp_2": [
        0.02755984477698803,
        2.075251579284668
    ],
    "wp_1": [
        0.0026954934000968933,
        0.6717545986175537
    ],
    "aim": [
        0.07899241149425507,
        6.641496658325195
    ],
    "target": [
        -0.23287224957074004,
        32.14288506242369
    ],
    "desired_speed": 4.468758153915406,
    "angle": 0.007571464540396276,
    "angle_last": 0.017652899646325874,
    "angle_target": -0.004612171075218314,
    "angle_final": -0.004612171075218314,
    "delta": 0.25,
    "agent": "only_traj",
    "steer_traj": -0.006379228716721218,
    "throttle_traj": 0.75,
    "brake_traj": 0.0,
    "plan": [
        [
            0.0026954934000968933,
            0.6717545986175537
        ],
        [
            0.02755984477698803,
            2.075251579284668
        ],
        [
            0.03745501488447189,
            4.095444202423096
        ],
        [
            0.07899241149425507,
            6.641496658325195
        ],
        [
            0.14341804385185242,
            9.237773895263672
        ],
        [
            0.21562916040420532,
            11.841266632080078
        ]
    ],
    "command": 3,
    "all_plan": [
        [
            [
                0.035449691116809845,
                0.8271952867507935
            ],
            [
                0.06388095021247864,
                2.3230204582214355
            ],
            [
                0.0685974583029747,
                4.363067150115967
            ],
            [
                0.07082946598529816,
                6.841684341430664
            ],
            [
                0.11547226458787918,
                9.338744163513184
            ],
            [
                0.18710944056510925,
                11.818062782287598
            ]
        ],
        [
            [
                0.04611901193857193,
                0.9764962792396545
            ],
            [
                0.0708385482430458,
                2.576890707015991
            ],
            [
                0.06630992144346237,
                4.668020248413086
            ],
            [
                0.059022996574640274,
                7.143877983093262
            ],
            [
                0.08417332917451859,
                9.605369567871094
            ],
            [
                0.14552605152130127,
                12.030112266540527
            ]
        ],
        [
            [
                0.018397368490695953,
                0.8567230701446533
            ],
            [
                0.03988979756832123,
                2.461440086364746
            ],
            [
                0.03679710626602173,
                4.670916557312012
            ],
            [
                0.06112445518374443,
                7.3816237449646
            ],
            [
                0.09966282546520233,
                10.107027053833008
            ],
            [
                0.1571398377418518,
                12.811835289001465
            ]
        ],
        [
            [
                0.0026954934000968933,
                0.6717545986175537
            ],
            [
                0.02755984477698803,
                2.075251579284668
            ],
            [
                0.03745501488447189,
                4.095444202423096
            ],
            [
                0.07899241149425507,
                6.641496658325195
            ],
            [
                0.14341804385185242,
                9.237773895263672
            ],
            [
                0.21562916040420532,
                11.841266632080078
            ]
        ],
        [
            [
                0.030195191502571106,
                1.092958688735962
            ],
            [
                0.04197830706834793,
                2.827859401702881
            ],
            [
                0.023442240431904793,
                5.057299613952637
            ],
            [
                0.022608978673815727,
                7.6873321533203125
            ],
            [
                0.025174010545015335,
                10.284862518310547
            ],
            [
                0.05018146336078644,
                12.825315475463867
            ]
        ],
        [
            [
                0.05907071381807327,
                1.1147041320800781
            ],
            [
                0.08473048359155655,
                2.8105525970458984
            ],
            [
                0.0757916271686554,
                4.93761682510376
            ],
            [
                0.06179862841963768,
                7.399450302124023
            ],
            [
                0.0799131989479065,
                9.81385612487793
            ],
            [
                0.14802396297454834,
                12.17010498046875
            ]
        ]
    ],
    "tl_trigger": 4.5618079980158655e-07,
    "tl_status": 0
}