{
    "speed": 1.2285727937700603,
    "steer": -0.0008670368115417659,
    "throttle": 0.75,
    "brake": 0.0,
    "wp_6": [
        0.9033502340316772,
        13.342934608459473
    ],
    "wp_5": [
        0.5064662098884583,
        10.056010246276855
    ],
    "wp_4": [
        0.2762080132961273,
        6.897710800170898
    ],
    "wp_3": [
        0.24212929606437683,
        3.960048198699951
    ],
    "wp_2": [
        0.12833181023597717,
        1.7129147052764893
    ],
    "wp_1": [
        0.052706338465213776,
        0.36748266220092773
    ],
    "aim": [
        0.2762080132961273,
        6.897710800170898
    ],
    "target": [
        -0.1367634019619539,
        23.032193432850267
    ],
    "desired_speed": 5.205163908004761,
    "angle": 0.025478854506335708,
    "angle_last": 0.07649915335047851,
    "angle_target": -0.0037801550604610627,
    "angle_final": -0.0037801550604610627,
    "delta": 0.25,
    "agent": "only_traj",
    "steer_traj": -0.0008670368211476909,
    "throttle_traj": 0.75,
    "brake_traj": 0.0,
    "plan": [
        [
            0.052706338465213776,
            0.36748266220092773
        ],
        [
            0.12833181023597717,
            1.7129147052764893
        ],
        [
            0.24212929606437683,
            3.960048198699951
        ],
        [
            0.2762080132961273,
            6.897710800170898
        ],
        [
            0.5064662098884583,
            10.056010246276855
        ],
        [
            0.9033502340316772,
            13.342934608459473
        ]
    ],
    "command": 3,
    "all_plan": [
        [
            [
                0.08641419559717178,
                0.48499631881713867
            ],
            [
                0.1797676980495453,
                1.8574399948120117
            ],
            [
                0.3042551875114441,
                4.049605369567871
            ],
            [
                0.2755489647388458,
                6.853631973266602
            ],
            [
                0.4891858398914337,
                9.881685256958008
            ],
            [
                0.8897756338119507,
                13.021013259887695
            ]
        ],
        [
            [
                0.08458017557859421,
                0.483062207698822
            ],
            [
                0.1827744096517563,
                1.8625810146331787
            ],
            [
                0.32209306955337524,
                4.0697784423828125
            ],
            [
                0.3219534754753113,
                6.893163681030273
            ],
            [
                0.5675606727600098,
                9.929306983947754
            ],
            [
                0.9988977909088135,
                13.081106185913086
            ]
        ],
        [
            [
                0.06409255415201187,
                0.4692648649215698
            ],
            [
                0.14699915051460266,
                1.958133578300476
            ],
            [
                0.26113414764404297,
                4.364162445068359
            ],
            [
                0.2820356488227844,
                7.451394081115723
            ],
            [
                0.5082517862319946,
                10.757392883300781
            ],
            [
                0.8990583419799805,
                14.19232177734375
            ]
        ],
        [
            [
                0.052706338465213776,
                0.36748266220092773
            ],
            [
                0.12833181023597717,
                1.7129147052764893
            ],
            [
                0.24212929606437683,
                3.960048198699951
            ],
            [
                0.2762080132961273,
                6.897710800170898
            ],
            [
                0.5064662098884583,
                10.056010246276855
            ],
            [
                0.9033502340316772,
                13.342934608459473
            ]
        ],
        [
            [
                0.07259189337491989,
                0.5557805299758911
            ],
            [
                0.15008844435214996,
                2.0802440643310547
            ],
            [
                0.24196171760559082,
                4.46934175491333
            ],
            [
                0.23552767932415009,
                7.479386329650879
            ],
            [
                0.4109405279159546,
                10.7078857421875
            ],
            [
                0.7209138870239258,
                14.059303283691406
            ]
        ],
        [
            [
                0.11171849817037582,
                0.6113841533660889
            ],
            [
                0.23074451088905334,
                2.084536552429199
            ],
            [
                0.3806489109992981,
                4.321464538574219
            ],
            [
                0.3862365484237671,
                7.13688850402832
            ],
            [
                0.6389632225036621,
                10.136735916137695
            ],
            [
                1.0730037689208984,
                13.222010612487793
            ]
        ]
    ],
    "tl_trigger": 4.2505604369580396e-07,
    "tl_status": 0
}