{
    "speed": 4.808685437544952,
    "steer": 0.014340094290673733,
    "throttle": 0.057562585920095444,
    "brake": 0.0,
    "wp_6": [
        0.3627636134624481,
        13.853621482849121
    ],
    "wp_5": [
        0.25051552057266235,
        12.441206932067871
    ],
    "wp_4": [
        0.18943972885608673,
        10.371530532836914
    ],
    "wp_3": [
        0.18792933225631714,
        7.774600028991699
    ],
    "wp_2": [
        0.1626313328742981,
        5.300163745880127
    ],
    "wp_1": [
        0.08969836682081223,
        2.7038135528564453
    ],
    "aim": [
        0.18943972885608673,
        10.371530532836914
    ],
    "target": [
        -0.6710163575319695,
        24.83087808713307
    ],
    "desired_speed": 4.46252646446228,
    "angle": 0.011626775523605179,
    "angle_last": 0.05048766804332817,
    "angle_target": -0.017199486020094797,
    "angle_final": 0.011626775523605179,
    "delta": 0.0,
    "agent": "only_traj",
    "steer_traj": 0.01434009425989059,
    "throttle_traj": 0.057562586271182194,
    "brake_traj": 0.0,
    "plan": [
        [
            0.08969836682081223,
            2.7038135528564453
        ],
        [
            0.1626313328742981,
            5.300163745880127
        ],
        [
            0.18792933225631714,
            7.774600028991699
        ],
        [
            0.18943972885608673,
            10.371530532836914
        ],
        [
            0.25051552057266235,
            12.441206932067871
        ],
        [
            0.3627636134624481,
            13.853621482849121
        ]
    ],
    "command": 3,
    "all_plan": [
        [
            [
                0.1260056495666504,
                2.862990379333496
            ],
            [
                0.20464631915092468,
                5.6548871994018555
            ],
            [
                0.2346150279045105,
                8.193587303161621
            ],
            [
                0.19733096659183502,
                10.565084457397461
            ],
            [
                0.2459239959716797,
                12.285738945007324
            ],
            [
                0.3546852767467499,
                13.496940612792969
            ]
        ],
        [
            [
                0.1478492021560669,
                2.807382583618164
            ],
            [
                0.2661536633968353,
                5.651744842529297
            ],
            [
                0.34506291151046753,
                8.286364555358887
            ],
            [
                0.36036351323127747,
                10.775059700012207
            ],
            [
                0.46489405632019043,
                12.565483093261719
            ],
            [
                0.6353903412818909,
                13.83234977722168
            ]
        ],
        [
            [
                0.11153904348611832,
                2.8919873237609863
            ],
            [
                0.20209333300590515,
                5.738268852233887
            ],
            [
                0.24219077825546265,
                8.441729545593262
            ],
            [
                0.2618619501590729,
                11.223654747009277
            ],
            [
                0.3321097493171692,
                13.40854263305664
            ],
            [
                0.46395063400268555,
                14.916864395141602
            ]
        ],
        [
            [
                0.08969836682081223,
                2.7038135528564453
            ],
            [
                0.1626313328742981,
                5.300163745880127
            ],
            [
                0.18792933225631714,
                7.774600028991699
            ],
            [
                0.18943972885608673,
                10.371530532836914
            ],
            [
                0.25051552057266235,
                12.441206932067871
            ],
            [
                0.3627636134624481,
                13.853621482849121
            ]
        ],
        [
            [
                0.10917235165834427,
                2.8756494522094727
            ],
            [
                0.19288869202136993,
                5.765523910522461
            ],
            [
                0.23258855938911438,
                8.494503021240234
            ],
            [
                0.2516113817691803,
                11.192000389099121
            ],
            [
                0.31578636169433594,
                13.224344253540039
            ],
            [
                0.43731987476348877,
                14.627896308898926
            ]
        ],
        [
            [
                0.16337302327156067,
                2.755650043487549
            ],
            [
                0.29972609877586365,
                5.5798234939575195
            ],
            [
                0.40084826946258545,
                8.166987419128418
            ],
            [
                0.42778465151786804,
                10.585982322692871
            ],
            [
                0.5542780160903931,
                12.303730964660645
            ],
            [
                0.7512934803962708,
                13.559789657592773
            ]
        ]
    ],
    "tl_trigger": 5.174176749278558e-07,
    "tl_status": 0
}