{
    "speed": 0.06613150192154393,
    "steer": -0.27011412382125854,
    "throttle": 0.75,
    "brake": 0.0,
    "wp_6": [
        -5.751407623291016,
        12.437091827392578
    ],
    "wp_5": [
        -4.424743175506592,
        10.08961296081543
    ],
    "wp_4": [
        -2.821227550506592,
        7.542670249938965
    ],
    "wp_3": [
        -1.0225987434387207,
        4.992656707763672
    ],
    "wp_2": [
        -0.35541337728500366,
        2.7051749229431152
    ],
    "wp_1": [
        0.0198703333735466,
        1.2097681760787964
    ],
    "aim": [
        -2.821227550506592,
        7.542670249938965
    ],
    "target": [
        -4.223354070936071,
        6.56345206557668
    ],
    "desired_speed": 5.100477838516236,
    "angle": -0.22786204461932133,
    "angle_last": -0.3274745859486582,
    "angle_target": -0.36399863987284464,
    "angle_final": -0.22786204461932133,
    "delta": 0.25,
    "agent": "only_traj",
    "steer_traj": -0.2701141285015549,
    "throttle_traj": 0.75,
    "brake_traj": 0.0,
    "plan": [
        [
            0.0198703333735466,
            1.2097681760787964
        ],
        [
            -0.35541337728500366,
            2.7051749229431152
        ],
        [
            -1.0225987434387207,
            4.992656707763672
        ],
        [
            -2.821227550506592,
            7.542670249938965
        ],
        [
            -4.424743175506592,
            10.08961296081543
        ],
        [
            -5.751407623291016,
            12.437091827392578
        ]
    ],
    "command": 0,
    "all_plan": [
        [
            [
                0.0198703333735466,
                1.2097681760787964
            ],
            [
                -0.35541337728500366,
                2.7051749229431152
            ],
            [
                -1.0225987434387207,
                4.992656707763672
            ],
            [
                -2.821227550506592,
                7.542670249938965
            ],
            [
                -4.424743175506592,
                10.08961296081543
            ],
            [
                -5.751407623291016,
                12.437091827392578
            ]
        ],
        [
            [
                0.035294726490974426,
                1.0491938591003418
            ],
            [
                -0.28188711404800415,
                2.402453899383545
            ],
            [
                -0.8354764580726624,
                4.498170852661133
            ],
            [
                -2.3313910961151123,
                6.901050090789795
            ],
            [
                -3.657473087310791,
                9.321910858154297
            ],
            [
                -4.774777412414551,
                11.549352645874023
            ]
        ],
        [
            [
                -0.018690913915634155,
                1.009860873222351
            ],
            [
                -0.42484143376350403,
                2.422618865966797
            ],
            [
                -1.1386032104492188,
                4.742950439453125
            ],
            [
                -3.031122922897339,
                7.357776641845703
            ],
            [
                -4.732551574707031,
                9.992531776428223
            ],
            [
                -6.111317157745361,
                12.471389770507812
            ]
        ],
        [
            [
                -0.029790401458740234,
                0.8433683514595032
            ],
            [
                -0.44510412216186523,
                2.0485663414001465
            ],
            [
                -1.1651175022125244,
                4.121785640716553
            ],
            [
                -3.1031508445739746,
                6.410160541534424
            ],
            [
                -4.860389709472656,
                8.703109741210938
            ],
            [
                -6.261754989624023,
                10.845179557800293
            ]
        ],
        [
            [
                -0.02670915424823761,
                1.1965006589889526
            ],
            [
                -0.43992555141448975,
                2.7218446731567383
            ],
            [
                -1.150377631187439,
                5.053771495819092
            ],
            [
                -3.0279903411865234,
                7.629880905151367
            ],
            [
                -4.696324348449707,
                10.210387229919434
            ],
            [
                -6.064045429229736,
                12.603062629699707
            ]
        ],
        [
            [
                -0.02493175119161606,
                1.331887125968933
            ],
            [
                -0.39504167437553406,
                2.8783340454101562
            ],
            [
                -0.9976372718811035,
                5.055311679840088
            ],
            [
                -2.519554615020752,
                7.454633712768555
            ],
            [
                -3.8654398918151855,
                9.874371528625488
            ],
            [
                -5.0197834968566895,
                12.101868629455566
            ]
        ]
    ],
    "tl_trigger": 3.698181103573006e-07,
    "tl_status": 0
}