{
    "speed": 10.614394295523347,
    "steer": -0.01610945165157318,
    "throttle": 0.10324740409851074,
    "brake": 0.0,
    "wp_6": [
        -0.8347437381744385,
        30.770191192626953
    ],
    "wp_5": [
        -0.6430246233940125,
        25.71076774597168
    ],
    "wp_4": [
        -0.43725916743278503,
        20.694503784179688
    ],
    "wp_3": [
        -0.17160725593566895,
        15.838115692138672
    ],
    "wp_2": [
        -0.0745532214641571,
        10.740509986877441
    ],
    "wp_1": [
        -0.002728588879108429,
        5.4986748695373535
    ],
    "aim": [
        -0.43725916743278503,
        20.694503784179688
    ],
    "target": [
        -0.15152414169320383,
        5.008602234817209
    ],
    "desired_speed": 10.115217018127442,
    "angle": -0.01344927743121652,
    "angle_last": -0.02411218930848654,
    "angle_target": -0.01925364552982901,
    "angle_final": -0.01344927743121652,
    "delta": 0.0,
    "agent": "only_traj",
    "steer_traj": -0.016109451852457685,
    "throttle_traj": 0.1032474072159365,
    "brake_traj": 0.0,
    "plan": [
        [
            -0.002728588879108429,
            5.4986748695373535
        ],
        [
            -0.0745532214641571,
            10.740509986877441
        ],
        [
            -0.17160725593566895,
            15.838115692138672
        ],
        [
            -0.43725916743278503,
            20.694503784179688
        ],
        [
            -0.6430246233940125,
            25.71076774597168
        ],
        [
            -0.8347437381744385,
            30.770191192626953
        ]
    ],
    "command": 3,
    "all_plan": [
        [
            [
                0.4995283782482147,
                4.377257347106934
            ],
            [
                0.2964247763156891,
                8.495084762573242
            ],
            [
                -0.23685309290885925,
                12.622865676879883
            ],
            [
                -2.026765823364258,
                16.17020034790039
            ],
            [
                -3.505629539489746,
                19.529766082763672
            ],
            [
                -4.716635704040527,
                22.550735473632812
            ]
        ],
        [
            [
                0.26585665345191956,
                4.662192344665527
            ],
            [
                0.1981576383113861,
                9.040288925170898
            ],
            [
                -0.04674045741558075,
                13.415666580200195
            ],
            [
                -1.3151084184646606,
                17.33104133605957
            ],
            [
                -2.1336965560913086,
                21.50050163269043
            ],
            [
                -2.731928825378418,
                25.677661895751953
            ]
        ],
        [
            [
                0.047387026250362396,
                4.962585926055908
            ],
            [
                -0.009452760219573975,
                9.838134765625
            ],
            [
                -0.10958666354417801,
                14.686744689941406
            ],
            [
                -0.43499764800071716,
                19.400636672973633
            ],
            [
                -0.6597586870193481,
                24.290897369384766
            ],
            [
                -0.8593791723251343,
                29.199539184570312
            ]
        ],
        [
            [
                -0.002728588879108429,
                5.4986748695373535
            ],
            [
                -0.0745532214641571,
                10.740509986877441
            ],
            [
                -0.17160725593566895,
                15.838115692138672
            ],
            [
                -0.43725916743278503,
                20.694503784179688
            ],
            [
                -0.6430246233940125,
                25.71076774597168
            ],
            [
                -0.8347437381744385,
                30.770191192626953
            ]
        ],
        [
            [
                0.08861144632101059,
                4.62148380279541
            ],
            [
                0.008546456694602966,
                9.193670272827148
            ],
            [
                -0.15813042223453522,
                13.80242919921875
            ],
            [
                -0.8336299657821655,
                18.20022201538086
            ],
            [
                -1.2686588764190674,
                22.8306884765625
            ],
            [
                -1.617123007774353,
                27.502582550048828
            ]
        ],
        [
            [
                0.38007286190986633,
                4.428997039794922
            ],
            [
                0.23708531260490417,
                8.383003234863281
            ],
            [
                -0.15102621912956238,
                12.310307502746582
            ],
            [
                -1.8901803493499756,
                15.561882019042969
            ],
            [
                -3.0437233448028564,
                19.03903579711914
            ],
            [
                -3.9253244400024414,
                22.546396255493164
            ]
        ]
    ],
    "tl_trigger": 4.933798436468351e-07,
    "tl_status": 0
}