{
    "speed": 0.07062759825538414,
    "steer": 0.22394122183322906,
    "throttle": 0.75,
    "brake": 0.0,
    "wp_6": [
        5.889590263366699,
        12.395990371704102
    ],
    "wp_5": [
        3.964238166809082,
        9.811261177062988
    ],
    "wp_4": [
        2.522879123687744,
        7.089995861053467
    ],
    "wp_3": [
        1.6337406635284424,
        4.3983612060546875
    ],
    "wp_2": [
        0.7598505616188049,
        2.586132526397705
    ],
    "wp_1": [
        0.24519580602645874,
        1.1278560161590576
    ],
    "aim": [
        2.522879123687744,
        7.089995861053467
    ],
    "target": [
        9.179739369739204,
        35.598692512095525
    ],
    "desired_speed": 5.078189420700073,
    "angle": 0.21763795468664968,
    "angle_last": 0.4075805066993129,
    "angle_target": 0.16066333844593872,
    "angle_final": 0.16066333844593872,
    "delta": 0.25,
    "agent": "only_traj",
    "steer_traj": 0.2239412155758661,
    "throttle_traj": 0.75,
    "brake_traj": 0.0,
    "plan": [
        [
            0.24519580602645874,
            1.1278560161590576
        ],
        [
            0.7598505616188049,
            2.586132526397705
        ],
        [
            1.6337406635284424,
            4.3983612060546875
        ],
        [
            2.522879123687744,
            7.089995861053467
        ],
        [
            3.964238166809082,
            9.811261177062988
        ],
        [
            5.889590263366699,
            12.395990371704102
        ]
    ],
    "command": 2,
    "all_plan": [
        [
            [
                0.24254314601421356,
                1.119861125946045
            ],
            [
                0.7380649447441101,
                2.563523292541504
            ],
            [
                1.5476408004760742,
                4.323465347290039
            ],
            [
                2.3404181003570557,
                6.892948150634766
            ],
            [
                3.644871950149536,
                9.46041488647461
            ],
            [
                5.40191650390625,
                11.879989624023438
            ]
        ],
        [
            [
                0.2581026554107666,
                1.1642054319381714
            ],
            [
                0.7874429225921631,
                2.6314749717712402
            ],
            [
                1.653762698173523,
                4.403008460998535
            ],
            [
                2.5180065631866455,
                6.9990997314453125
            ],
            [
                3.9175243377685547,
                9.59340763092041
            ],
            [
                5.768212795257568,
                12.045585632324219
            ]
        ],
        [
            [
                0.24519580602645874,
                1.1278560161590576
            ],
            [
                0.7598505616188049,
                2.586132526397705
            ],
            [
                1.6337406635284424,
                4.3983612060546875
            ],
            [
                2.522879123687744,
                7.089995861053467
            ],
            [
                3.964238166809082,
                9.811261177062988
            ],
            [
                5.889590263366699,
                12.395990371704102
            ]
        ],
        [
            [
                0.22448673844337463,
                1.0547459125518799
            ],
            [
                0.7011528015136719,
                2.429922580718994
            ],
            [
                1.526839017868042,
                4.159611701965332
            ],
            [
                2.366447925567627,
                6.7419633865356445
            ],
            [
                3.7405848503112793,
                9.371648788452148
            ],
            [
                5.592559337615967,
                11.882877349853516
            ]
        ],
        [
            [
                0.25405222177505493,
                1.1549649238586426
            ],
            [
                0.7836647033691406,
                2.621687173843384
            ],
            [
                1.6689133644104004,
                4.416337966918945
            ],
            [
                2.5741634368896484,
                7.069036483764648
            ],
            [
                4.024563312530518,
                9.737854957580566
            ],
            [
                5.939398765563965,
                12.269673347473145
            ]
        ],
        [
            [
                0.26102712750434875,
                1.2442816495895386
            ],
            [
                0.7920204401016235,
                2.8192596435546875
            ],
            [
                1.6167051792144775,
                4.6626296043396
            ],
            [
                2.432891607284546,
                7.288433074951172
            ],
            [
                3.746002197265625,
                9.876727104187012
            ],
            [
                5.442958831787109,
                12.30764389038086
            ]
        ]
    ],
    "tl_trigger": 4.754308520205086e-07,
    "tl_status": 0
}