{
    "speed": 0.014312843247974227,
    "steer": 0.14801175892353058,
    "throttle": 0.75,
    "brake": 0.0,
    "wp_6": [
        5.102680206298828,
        15.749526023864746
    ],
    "wp_5": [
        3.461395263671875,
        12.280656814575195
    ],
    "wp_4": [
        2.1809911727905273,
        8.772088050842285
    ],
    "wp_3": [
        1.4280006885528564,
        5.342777729034424
    ],
    "wp_2": [
        0.6633906364440918,
        2.872819662094116
    ],
    "wp_1": [
        0.20565159618854523,
        1.0655689239501953
    ],
    "aim": [
        2.1809911727905273,
        8.772088050842285
    ],
    "target": [
        4.853848069980527,
        30.93301380655161
    ],
    "desired_speed": 6.21335391998291,
    "angle": 0.155136259629697,
    "angle_last": 0.28134479867715567,
    "angle_target": 0.09908709498920726,
    "angle_final": 0.09908709498920726,
    "delta": 0.25,
    "agent": "only_traj",
    "steer_traj": 0.14801175536319883,
    "throttle_traj": 0.75,
    "brake_traj": 0.0,
    "plan": [
        [
            0.20565159618854523,
            1.0655689239501953
        ],
        [
            0.6633906364440918,
            2.872819662094116
        ],
        [
            1.4280006885528564,
            5.342777729034424
        ],
        [
            2.1809911727905273,
            8.772088050842285
        ],
        [
            3.461395263671875,
            12.280656814575195
        ],
        [
            5.102680206298828,
            15.749526023864746
        ]
    ],
    "command": 2,
    "all_plan": [
        [
            [
                0.2060578316450119,
                1.0547301769256592
            ],
            [
                0.6470361948013306,
                2.838087797164917
            ],
            [
                1.355568289756775,
                5.253146171569824
            ],
            [
                2.0134406089782715,
                8.560791015625
            ],
            [
                3.1677050590515137,
                11.927322387695312
            ],
            [
                4.6639275550842285,
                15.246786117553711
            ]
        ],
        [
            [
                0.22222721576690674,
                1.2669024467468262
            ],
            [
                0.7034170627593994,
                3.088040828704834
            ],
            [
                1.4634264707565308,
                5.326098918914795
            ],
            [
                2.238492250442505,
                8.444925308227539
            ],
            [
                3.501133441925049,
                11.56058406829834
            ],
            [
                5.12550163269043,
                14.5316162109375
            ]
        ],
        [
            [
                0.20565159618854523,
                1.0655689239501953
            ],
            [
                0.6633906364440918,
                2.872819662094116
            ],
            [
                1.4280006885528564,
                5.342777729034424
            ],
            [
                2.1809911727905273,
                8.772088050842285
            ],
            [
                3.461395263671875,
                12.280656814575195
            ],
            [
                5.102680206298828,
                15.749526023864746
            ]
        ],
        [
            [
                0.170487642288208,
                0.9101482033729553
            ],
            [
                0.5711413025856018,
                2.587430953979492
            ],
            [
                1.2667675018310547,
                4.969252586364746
            ],
            [
                1.9675754308700562,
                8.303262710571289
            ],
            [
                3.157230854034424,
                11.729517936706543
            ],
            [
                4.700892925262451,
                15.137022018432617
            ]
        ],
        [
            [
                0.22412806749343872,
                1.228394627571106
            ],
            [
                0.7123849987983704,
                3.0896430015563965
            ],
            [
                1.4988110065460205,
                5.468380928039551
            ],
            [
                2.2897837162017822,
                8.765542984008789
            ],
            [
                3.5999209880828857,
                12.100852012634277
            ],
            [
                5.263322353363037,
                15.341964721679688
            ]
        ],
        [
            [
                0.22432149946689606,
                1.3321725130081177
            ],
            [
                0.7063269019126892,
                3.2452192306518555
            ],
            [
                1.4368915557861328,
                5.552466869354248
            ],
            [
                2.1718482971191406,
                8.69806957244873
            ],
            [
                3.374183177947998,
                11.825508117675781
            ],
            [
                4.879996299743652,
                14.81532096862793
            ]
        ]
    ],
    "tl_trigger": 4.678047389461426e-07,
    "tl_status": 0
}