{
    "speed": 1.547498783929864,
    "steer": 0.15976014733314514,
    "throttle": 0.75,
    "brake": 0.0,
    "wp_6": [
        7.22094202041626,
        18.698495864868164
    ],
    "wp_5": [
        5.217970848083496,
        14.863527297973633
    ],
    "wp_4": [
        3.476041316986084,
        11.041181564331055
    ],
    "wp_3": [
        2.4289989471435547,
        7.350346565246582
    ],
    "wp_2": [
        1.2568533420562744,
        4.454869747161865
    ],
    "wp_1": [
        0.43218985199928284,
        1.9585281610488892
    ],
    "aim": [
        3.476041316986084,
        11.041181564331055
    ],
    "target": [
        4.229396137711999,
        26.937603548647836
    ],
    "desired_speed": 7.246529960632325,
    "angle": 0.19417010771740284,
    "angle_last": 0.3064186507932448,
    "angle_target": 0.09914446012567593,
    "angle_final": 0.09914446012567593,
    "delta": 0.25,
    "agent": "only_traj",
    "steer_traj": 0.1597601407480461,
    "throttle_traj": 0.75,
    "brake_traj": 0.0,
    "plan": [
        [
            0.43218985199928284,
            1.9585281610488892
        ],
        [
            1.2568533420562744,
            4.454869747161865
        ],
        [
            2.4289989471435547,
            7.350346565246582
        ],
        [
            3.476041316986084,
            11.041181564331055
        ],
        [
            5.217970848083496,
            14.863527297973633
        ],
        [
            7.22094202041626,
            18.698495864868164
        ]
    ],
    "command": 2,
    "all_plan": [
        [
            [
                0.4295418858528137,
                1.9240299463272095
            ],
            [
                1.2326236963272095,
                4.39048433303833
            ],
            [
                2.3168013095855713,
                7.2316741943359375
            ],
            [
                3.3219757080078125,
                10.764975547790527
            ],
            [
                4.880561828613281,
                14.429367065429688
            ],
            [
                6.660752296447754,
                18.105770111083984
            ]
        ],
        [
            [
                0.45278140902519226,
                1.9596800804138184
            ],
            [
                1.342990517616272,
                4.408474922180176
            ],
            [
                2.5413455963134766,
                7.17883825302124
            ],
            [
                3.7645955085754395,
                10.604338645935059
            ],
            [
                5.475947380065918,
                14.15061092376709
            ],
            [
                7.362419605255127,
                17.72791290283203
            ]
        ],
        [
            [
                0.43218985199928284,
                1.9585281610488892
            ],
            [
                1.2568533420562744,
                4.454869747161865
            ],
            [
                2.4289989471435547,
                7.350346565246582
            ],
            [
                3.476041316986084,
                11.041181564331055
            ],
            [
                5.217970848083496,
                14.863527297973633
            ],
            [
                7.22094202041626,
                18.698495864868164
            ]
        ],
        [
            [
                0.3951750695705414,
                1.850093960762024
            ],
            [
                1.136010766029358,
                4.206403732299805
            ],
            [
                2.2517037391662598,
                6.981003284454346
            ],
            [
                3.138129949569702,
                10.594172477722168
            ],
            [
                4.852883815765381,
                14.335365295410156
            ],
            [
                6.888308525085449,
                18.087512969970703
            ]
        ],
        [
            [
                0.44386234879493713,
                1.974922776222229
            ],
            [
                1.308658242225647,
                4.467758655548096
            ],
            [
                2.492549180984497,
                7.314400672912598
            ],
            [
                3.6637890338897705,
                10.872931480407715
            ],
            [
                5.386865615844727,
                14.564058303833008
            ],
            [
                7.303366661071777,
                18.281978607177734
            ]
        ],
        [
            [
                0.452933669090271,
                1.9800082445144653
            ],
            [
                1.331631064414978,
                4.493791103363037
            ],
            [
                2.4651074409484863,
                7.313166618347168
            ],
            [
                3.66491961479187,
                10.752052307128906
            ],
            [
                5.258401393890381,
                14.270451545715332
            ],
            [
                6.977280139923096,
                17.811630249023438
            ]
        ]
    ],
    "tl_trigger": 4.3937680516137334e-07,
    "tl_status": 0
}