{
    "speed": 7.260838444731749,
    "steer": 0.11594483256340027,
    "throttle": 0.75,
    "brake": 0.0,
    "wp_6": [
        0.2785721719264984,
        22.543039321899414
    ],
    "wp_5": [
        0.23555773496627808,
        18.780996322631836
    ],
    "wp_4": [
        0.1988781988620758,
        15.008706092834473
    ],
    "wp_3": [
        0.2659163475036621,
        11.322113990783691
    ],
    "wp_2": [
        0.20650431513786316,
        7.615340232849121
    ],
    "wp_1": [
        0.12781623005867004,
        3.839022159576416
    ],
    "aim": [
        0.1988781988620758,
        15.008706092834473
    ],
    "target": [
        -0.393212354657113,
        2.407055892038302
    ],
    "desired_speed": 7.482538604736328,
    "angle": 0.008435255797430556,
    "angle_last": 0.007278677097975063,
    "angle_target": -0.10308651992155228,
    "angle_final": 0.008435255797430556,
    "delta": 0.2217001600045787,
    "agent": "only_traj",
    "steer_traj": 0.1159448308486425,
    "throttle_traj": 0.75,
    "brake_traj": 0.0,
    "plan": [
        [
            0.12781623005867004,
            3.839022159576416
        ],
        [
            0.20650431513786316,
            7.615340232849121
        ],
        [
            0.2659163475036621,
            11.322113990783691
        ],
        [
            0.1988781988620758,
            15.008706092834473
        ],
        [
            0.23555773496627808,
            18.780996322631836
        ],
        [
            0.2785721719264984,
            22.543039321899414
        ]
    ],
    "command": 3,
    "all_plan": [
        [
            [
                0.3236667811870575,
                3.181061267852783
            ],
            [
                0.40756720304489136,
                5.902853488922119
            ],
            [
                0.3975898027420044,
                8.353960037231445
            ],
            [
                -0.12931174039840698,
                10.4309663772583
            ],
            [
                -0.45767396688461304,
                12.39845085144043
            ],
            [
                -0.6845365762710571,
                14.10643196105957
            ]
        ],
        [
            [
                0.17650702595710754,
                2.7208352088928223
            ],
            [
                0.260049432516098,
                4.885756492614746
            ],
            [
                0.441999226808548,
                6.646717548370361
            ],
            [
                0.3128942847251892,
                7.969151496887207
            ],
            [
                0.5631291270256042,
                9.129401206970215
            ],
            [
                0.8947248458862305,
                10.122840881347656
            ]
        ],
        [
            [
                0.16886666417121887,
                3.979452610015869
            ],
            [
                0.26384469866752625,
                7.9040422439575195
            ],
            [
                0.3251263499259949,
                11.769733428955078
            ],
            [
                0.2114625871181488,
                15.609806060791016
            ],
            [
                0.22772270441055298,
                19.57093620300293
            ],
            [
                0.26313701272010803,
                23.53579330444336
            ]
        ],
        [
            [
                0.12781623005867004,
                3.839022159576416
            ],
            [
                0.20650431513786316,
                7.615340232849121
            ],
            [
                0.2659163475036621,
                11.322113990783691
            ],
            [
                0.1988781988620758,
                15.008706092834473
            ],
            [
                0.23555773496627808,
                18.780996322631836
            ],
            [
                0.2785721719264984,
                22.543039321899414
            ]
        ],
        [
            [
                0.2182302474975586,
                3.822577476501465
            ],
            [
                0.30331337451934814,
                7.477594375610352
            ],
            [
                0.33393430709838867,
                11.009730339050293
            ],
            [
                0.10067255795001984,
                14.39265251159668
            ],
            [
                0.02136104553937912,
                17.87580108642578
            ],
            [
                -0.022083565592765808,
                21.332935333251953
            ]
        ],
        [
            [
                0.1097407266497612,
                1.8475555181503296
            ],
            [
                0.14644093811511993,
                3.0302681922912598
            ],
            [
                0.2525465786457062,
                3.857670307159424
            ],
            [
                0.12708982825279236,
                4.3816070556640625
            ],
            [
                0.34398743510246277,
                4.797640800476074
            ],
            [
                0.5870605707168579,
                5.047551155090332
            ]
        ]
    ],
    "tl_trigger": 5.220963430474512e-07,
    "tl_status": 0
}