{
    "speed": 7.871808034596944,
    "steer": 0.13467124104499817,
    "throttle": 0.75,
    "brake": 0.0,
    "wp_6": [
        11.025810241699219,
        20.983272552490234
    ],
    "wp_5": [
        8.751235961914062,
        16.940162658691406
    ],
    "wp_4": [
        6.459852695465088,
        13.112374305725098
    ],
    "wp_3": [
        4.964034080505371,
        9.10795783996582
    ],
    "wp_2": [
        2.9754395484924316,
        6.00766658782959
    ],
    "wp_1": [
        1.211137056350708,
        2.963315963745117
    ],
    "aim": [
        6.459852695465088,
        13.112374305725098
    ],
    "target": [
        9.290382664613402,
        22.81162177882054
    ],
    "desired_speed": 8.230713176727294,
    "angle": 0.2914145465705055,
    "angle_last": 0.32623614110607374,
    "angle_target": 0.2462151537739574,
    "angle_final": 0.2462151537739574,
    "delta": 0.25,
    "agent": "only_traj",
    "steer_traj": 0.13467123744923146,
    "throttle_traj": 0.75,
    "brake_traj": 0.0,
    "plan": [
        [
            1.211137056350708,
            2.963315963745117
        ],
        [
            2.9754395484924316,
            6.00766658782959
        ],
        [
            4.964034080505371,
            9.10795783996582
        ],
        [
            6.459852695465088,
            13.112374305725098
        ],
        [
            8.751235961914062,
            16.940162658691406
        ],
        [
            11.025810241699219,
            20.983272552490234
        ]
    ],
    "command": 4,
    "all_plan": [
        [
            [
                1.2571009397506714,
                3.089369297027588
            ],
            [
                2.9964282512664795,
                6.175376892089844
            ],
            [
                4.838240623474121,
                9.192161560058594
            ],
            [
                6.115224838256836,
                13.021637916564941
            ],
            [
                8.07010269165039,
                16.599956512451172
            ],
            [
                9.963801383972168,
                20.33700942993164
            ]
        ],
        [
            [
                1.2841914892196655,
                3.002168655395508
            ],
            [
                3.096705198287964,
                5.991109848022461
            ],
            [
                5.102823257446289,
                8.984180450439453
            ],
            [
                6.49704647064209,
                12.888972282409668
            ],
            [
                8.736644744873047,
                16.567712783813477
            ],
            [
                10.95146369934082,
                20.463388442993164
            ]
        ],
        [
            [
                1.2440454959869385,
                3.051039695739746
            ],
            [
                3.0431437492370605,
                6.180769920349121
            ],
            [
                5.041366100311279,
                9.350198745727539
            ],
            [
                6.529664993286133,
                13.430810928344727
            ],
            [
                8.789730072021484,
                17.31148910522461
            ],
            [
                11.028329849243164,
                21.392616271972656
            ]
        ],
        [
            [
                1.194250226020813,
                2.9694972038269043
            ],
            [
                2.9526844024658203,
                6.030393600463867
            ],
            [
                4.917750835418701,
                9.133689880371094
            ],
            [
                6.447445869445801,
                13.107636451721191
            ],
            [
                8.691635131835938,
                16.866025924682617
            ],
            [
                10.926678657531738,
                20.816390991210938
            ]
        ],
        [
            [
                1.211137056350708,
                2.963315963745117
            ],
            [
                2.9754395484924316,
                6.00766658782959
            ],
            [
                4.964034080505371,
                9.10795783996582
            ],
            [
                6.459852695465088,
                13.112374305725098
            ],
            [
                8.751235961914062,
                16.940162658691406
            ],
            [
                11.025810241699219,
                20.983272552490234
            ]
        ],
        [
            [
                1.273807406425476,
                3.028630256652832
            ],
            [
                3.0529961585998535,
                6.045215606689453
            ],
            [
                4.996479034423828,
                9.031168937683105
            ],
            [
                6.336958885192871,
                12.89189624786377
            ],
            [
                8.482599258422852,
                16.51543617248535
            ],
            [
                10.578104019165039,
                20.336776733398438
            ]
        ]
    ],
    "tl_trigger": 4.843725491809892e-07,
    "tl_status": 0
}