{
    "speed": 0.1835207358950024,
    "steer": 0.3323683440685272,
    "throttle": 0.75,
    "brake": 0.0,
    "wp_6": [
        3.8627872467041016,
        5.016574382781982
    ],
    "wp_5": [
        2.5607526302337646,
        3.9920244216918945
    ],
    "wp_4": [
        1.5931601524353027,
        2.751600742340088
    ],
    "wp_3": [
        1.1523905992507935,
        1.6153439283370972
    ],
    "wp_2": [
        0.5624597072601318,
        0.9998339414596558
    ],
    "wp_1": [
        0.2020820528268814,
        0.5903789401054382
    ],
    "aim": [
        1.5931601524353027,
        2.751600742340088
    ],
    "target": [
        4.275784238165623,
        11.715592743135964
    ],
    "desired_speed": 2.3387035131454468,
    "angle": 0.3341175722803422,
    "angle_last": 0.575570716883069,
    "angle_target": 0.22278139094493882,
    "angle_final": 0.22278139094493882,
    "delta": 0.25,
    "agent": "only_traj",
    "steer_traj": 0.3323683364959987,
    "throttle_traj": 0.75,
    "brake_traj": 0.0,
    "plan": [
        [
            0.2020820528268814,
            0.5903789401054382
        ],
        [
            0.5624597072601318,
            0.9998339414596558
        ],
        [
            1.1523905992507935,
            1.6153439283370972
        ],
        [
            1.5931601524353027,
            2.751600742340088
        ],
        [
            2.5607526302337646,
            3.9920244216918945
        ],
        [
            3.8627872467041016,
            5.016574382781982
        ]
    ],
    "command": 1,
    "all_plan": [
        [
            [
                0.05004878714680672,
                0.3820767402648926
            ],
            [
                0.15029466152191162,
                0.8364260196685791
            ],
            [
                0.3803268074989319,
                1.5409181118011475
            ],
            [
                0.5513410568237305,
                2.7410378456115723
            ],
            [
                1.0153073072433472,
                4.087928771972656
            ],
            [
                1.7777659893035889,
                5.275550365447998
            ]
        ],
        [
            [
                0.2020820528268814,
                0.5903789401054382
            ],
            [
                0.5624597072601318,
                0.9998339414596558
            ],
            [
                1.1523905992507935,
                1.6153439283370972
            ],
            [
                1.5931601524353027,
                2.751600742340088
            ],
            [
                2.5607526302337646,
                3.9920244216918945
            ],
            [
                3.8627872467041016,
                5.016574382781982
            ]
        ],
        [
            [
                0.07431624829769135,
                0.5396137833595276
            ],
            [
                0.2766774594783783,
                1.170997142791748
            ],
            [
                0.7440948486328125,
                2.0347845554351807
            ],
            [
                1.2271524667739868,
                3.477597236633301
            ],
            [
                2.1632962226867676,
                5.03198766708374
            ],
            [
                3.4606754779815674,
                6.477267265319824
            ]
        ],
        [
            [
                -0.00712229311466217,
                0.4727576673030853
            ],
            [
                0.059250883758068085,
                1.1758111715316772
            ],
            [
                0.33956655859947205,
                2.11268949508667
            ],
            [
                0.692832887172699,
                3.5205743312835693
            ],
            [
                1.3625775575637817,
                4.983553886413574
            ],
            [
                2.3416547775268555,
                6.397032260894775
            ]
        ],
        [
            [
                0.15969005227088928,
                0.6460229158401489
            ],
            [
                0.4828513264656067,
                1.1840002536773682
            ],
            [
                1.1047394275665283,
                1.934019923210144
            ],
            [
                1.6670241355895996,
                3.201148509979248
            ],
            [
                2.768448829650879,
                4.566216468811035
            ],
            [
                4.233343124389648,
                5.799795150756836
            ]
        ],
        [
            [
                0.21201977133750916,
                0.6047380566596985
            ],
            [
                0.5458078384399414,
                1.1404893398284912
            ],
            [
                0.9913376569747925,
                1.920978307723999
            ],
            [
                1.2232037782669067,
                3.2167787551879883
            ],
            [
                1.8617498874664307,
                4.534623622894287
            ],
            [
                2.736741781234741,
                5.626343727111816
            ]
        ]
    ],
    "tl_trigger": 3.929671379410138e-07,
    "tl_status": 0
}