{
    "speed": 0.263460852695634,
    "steer": 0.24136856198310852,
    "throttle": 0.75,
    "brake": 0.0,
    "wp_6": [
        4.807377338409424,
        6.858651638031006
    ],
    "wp_5": [
        3.317193031311035,
        5.4947404861450195
    ],
    "wp_4": [
        2.118098497390747,
        3.9452614784240723
    ],
    "wp_3": [
        1.5625675916671753,
        2.3691911697387695
    ],
    "wp_2": [
        0.796032190322876,
        1.4662526845932007
    ],
    "wp_1": [
        0.2948794662952423,
        0.7966581583023071
    ],
    "aim": [
        2.118098497390747,
        3.9452614784240723
    ],
    "target": [
        3.198998082037968,
        13.347420036051155
    ],
    "desired_speed": 3.068518590927124,
    "angle": 0.3136676064503702,
    "angle_last": 0.5281474612743227,
    "angle_target": 0.14975492322858236,
    "angle_final": 0.14975492322858236,
    "delta": 0.25,
    "agent": "only_traj",
    "steer_traj": 0.2413685641466772,
    "throttle_traj": 0.75,
    "brake_traj": 0.0,
    "plan": [
        [
            0.2948794662952423,
            0.7966581583023071
        ],
        [
            0.796032190322876,
            1.4662526845932007
        ],
        [
            1.5625675916671753,
            2.3691911697387695
        ],
        [
            2.118098497390747,
            3.9452614784240723
        ],
        [
            3.317193031311035,
            5.4947404861450195
        ],
        [
            4.807377338409424,
            6.858651638031006
        ]
    ],
    "command": 1,
    "all_plan": [
        [
            [
                0.10483592003583908,
                0.5431830286979675
            ],
            [
                0.32412219047546387,
                1.2530840635299683
            ],
            [
                0.6764892935752869,
                2.2861878871917725
            ],
            [
                0.9627407789230347,
                3.921271800994873
            ],
            [
                1.579801082611084,
                5.665894985198975
            ],
            [
                2.435067653656006,
                7.224462032318115
            ]
        ],
        [
            [
                0.2948794662952423,
                0.7966581583023071
            ],
            [
                0.796032190322876,
                1.4662526845932007
            ],
            [
                1.5625675916671753,
                2.3691911697387695
            ],
            [
                2.118098497390747,
                3.9452614784240723
            ],
            [
                3.317193031311035,
                5.4947404861450195
            ],
            [
                4.807377338409424,
                6.858651638031006
            ]
        ],
        [
            [
                0.14935006201267242,
                0.743830144405365
            ],
            [
                0.5071953535079956,
                1.6277580261230469
            ],
            [
                1.159952998161316,
                2.791002035140991
            ],
            [
                1.8163940906524658,
                4.607429504394531
            ],
            [
                3.0036206245422363,
                6.467140197753906
            ],
            [
                4.509603977203369,
                8.188915252685547
            ]
        ],
        [
            [
                0.06576773524284363,
                0.6023373603820801
            ],
            [
                0.2907700538635254,
                1.425882339477539
            ],
            [
                0.7512322664260864,
                2.512160301208496
            ],
            [
                1.2591989040374756,
                4.156558513641357
            ],
            [
                2.191725730895996,
                5.82460880279541
            ],
            [
                3.402735710144043,
                7.389538764953613
            ]
        ],
        [
            [
                0.22138166427612305,
                0.84447181224823
            ],
            [
                0.6761412024497986,
                1.6375205516815186
            ],
            [
                1.4719979763031006,
                2.679382801055908
            ],
            [
                2.2182462215423584,
                4.337282657623291
            ],
            [
                3.5684900283813477,
                6.058780670166016
            ],
            [
                5.23811149597168,
                7.650479793548584
            ]
        ],
        [
            [
                0.30911970138549805,
                0.9201241731643677
            ],
            [
                0.7546243071556091,
                1.831543207168579
            ],
            [
                1.3567490577697754,
                2.9580538272857666
            ],
            [
                1.6467028856277466,
                4.704807758331299
            ],
            [
                2.489032506942749,
                6.440343856811523
            ],
            [
                3.5493178367614746,
                8.017045021057129
            ]
        ]
    ],
    "tl_trigger": 3.70021325579728e-07,
    "tl_status": 0
}