{
    "speed": 0.917756792752122,
    "steer": 0.25150007009506226,
    "throttle": 0.75,
    "brake": 0.0,
    "wp_6": [
        6.0658087730407715,
        9.756268501281738
    ],
    "wp_5": [
        4.178382396697998,
        7.813899993896484
    ],
    "wp_4": [
        2.612506151199341,
        5.786920070648193
    ],
    "wp_3": [
        1.6835455894470215,
        3.7297465801239014
    ],
    "wp_2": [
        0.763735294342041,
        2.3257501125335693
    ],
    "wp_1": [
        0.2420502007007599,
        1.124901533126831
    ],
    "aim": [
        2.612506151199341,
        5.786920070648193
    ],
    "target": [
        2.5888259329585113,
        10.725487960579956
    ],
    "desired_speed": 4.205863332748413,
    "angle": 0.269964489264062,
    "angle_last": 0.4908676816564669,
    "angle_target": 0.1507778393765282,
    "angle_final": 0.1507778393765282,
    "delta": 0.25,
    "agent": "only_traj",
    "steer_traj": 0.2515000757468661,
    "throttle_traj": 0.75,
    "brake_traj": 0.0,
    "plan": [
        [
            0.2420502007007599,
            1.124901533126831
        ],
        [
            0.763735294342041,
            2.3257501125335693
        ],
        [
            1.6835455894470215,
            3.7297465801239014
        ],
        [
            2.612506151199341,
            5.786920070648193
        ],
        [
            4.178382396697998,
            7.813899993896484
        ],
        [
            6.0658087730407715,
            9.756268501281738
        ]
    ],
    "command": 1,
    "all_plan": [
        [
            [
                0.07377942651510239,
                0.8534132242202759
            ],
            [
                0.3147672116756439,
                2.1081953048706055
            ],
            [
                0.7700647711753845,
                3.628082513809204
            ],
            [
                1.3013277053833008,
                5.784561634063721
            ],
            [
                2.1965999603271484,
                7.907706260681152
            ],
            [
                3.3138198852539062,
                9.927310943603516
            ]
        ],
        [
            [
                0.2420502007007599,
                1.124901533126831
            ],
            [
                0.763735294342041,
                2.3257501125335693
            ],
            [
                1.6835455894470215,
                3.7297465801239014
            ],
            [
                2.612506151199341,
                5.786920070648193
            ],
            [
                4.178382396697998,
                7.813899993896484
            ],
            [
                6.0658087730407715,
                9.756268501281738
            ]
        ],
        [
            [
                0.09737908095121384,
                1.0058503150939941
            ],
            [
                0.4275582730770111,
                2.3541131019592285
            ],
            [
                1.115715742111206,
                3.9295363426208496
            ],
            [
                1.9573060274124146,
                6.108002662658691
            ],
            [
                3.314448118209839,
                8.171281814575195
            ],
            [
                4.961703300476074,
                10.1846342086792
            ]
        ],
        [
            [
                0.05265697091817856,
                0.9428626894950867
            ],
            [
                0.302977591753006,
                2.2374417781829834
            ],
            [
                0.8603202104568481,
                3.734011650085449
            ],
            [
                1.588939905166626,
                5.73369026184082
            ],
            [
                2.750948429107666,
                7.596705913543701
            ],
            [
                4.158242702484131,
                9.424696922302246
            ]
        ],
        [
            [
                0.1596101075410843,
                1.1328585147857666
            ],
            [
                0.5972146987915039,
                2.469155788421631
            ],
            [
                1.4675501585006714,
                4.001033306121826
            ],
            [
                2.4636945724487305,
                6.146249771118164
            ],
            [
                4.092574119567871,
                8.18957805633545
            ],
            [
                6.032953262329102,
                10.203866004943848
            ]
        ],
        [
            [
                0.27822503447532654,
                1.1887162923812866
            ],
            [
                0.7799936532974243,
                2.5950779914855957
            ],
            [
                1.5354722738265991,
                4.258116722106934
            ],
            [
                2.1183292865753174,
                6.594524383544922
            ],
            [
                3.2898011207580566,
                8.968632698059082
            ],
            [
                4.672382354736328,
                11.311383247375488
            ]
        ]
    ],
    "tl_trigger": 3.817532672201196e-07,
    "tl_status": 0
}