{
    "speed": 0.10136891576188232,
    "steer": -0.0003550801193341613,
    "throttle": 0.75,
    "brake": 0.0,
    "wp_6": [
        0.1870850920677185,
        15.67974853515625
    ],
    "wp_5": [
        0.12521877884864807,
        11.983119010925293
    ],
    "wp_4": [
        0.07930968701839447,
        8.379942893981934
    ],
    "wp_3": [
        0.060754917562007904,
        4.956792831420898
    ],
    "wp_2": [
        0.04701301455497742,
        2.258157253265381
    ],
    "wp_1": [
        0.01873909682035446,
        0.5479615926742554
    ],
    "aim": [
        0.07930968701839447,
        8.379942893981934
    ],
    "target": [
        -0.06912037206593041,
        53.75749897717627
    ],
    "desired_speed": 6.0531663417816155,
    "angle": 0.006024957930323834,
    "angle_last": 0.010653397675887586,
    "angle_target": -0.000818553171530546,
    "angle_final": -0.000818553171530546,
    "delta": 0.25,
    "agent": "only_traj",
    "steer_traj": -0.00035508013319808426,
    "throttle_traj": 0.75,
    "brake_traj": 0.0,
    "plan": [
        [
            0.01873909682035446,
            0.5479615926742554
        ],
        [
            0.04701301455497742,
            2.258157253265381
        ],
        [
            0.060754917562007904,
            4.956792831420898
        ],
        [
            0.07930968701839447,
            8.379942893981934
        ],
        [
            0.12521877884864807,
            11.983119010925293
        ],
        [
            0.1870850920677185,
            15.67974853515625
        ]
    ],
    "command": 3,
    "all_plan": [
        [
            [
                0.034215472638607025,
                0.6401418447494507
            ],
            [
                0.06446337699890137,
                2.4025731086730957
            ],
            [
                0.0736161544919014,
                5.12146520614624
            ],
            [
                0.05164794996380806,
                8.517230987548828
            ],
            [
                0.07918836921453476,
                12.099889755249023
            ],
            [
                0.12743176519870758,
                15.783300399780273
            ]
        ],
        [
            [
                0.032287344336509705,
                0.6428338289260864
            ],
            [
                0.05909538269042969,
                2.3628435134887695
            ],
            [
                0.06631141155958176,
                5.002115726470947
            ],
            [
                0.04211423173546791,
                8.279809951782227
            ],
            [
                0.06314680725336075,
                11.731481552124023
            ],
            [
                0.10180464386940002,
                15.27914810180664
            ]
        ],
        [
            [
                0.02147858589887619,
                0.6176307201385498
            ],
            [
                0.04806672781705856,
                2.4269185066223145
            ],
            [
                0.05969971418380737,
                5.241663932800293
            ],
            [
                0.061492230743169785,
                8.77196979522705
            ],
            [
                0.09589970111846924,
                12.474956512451172
            ],
            [
                0.14341145753860474,
                16.265832901000977
            ]
        ],
        [
            [
                0.01873909682035446,
                0.5479615926742554
            ],
            [
                0.04701301455497742,
                2.258157253265381
            ],
            [
                0.060754917562007904,
                4.956792831420898
            ],
            [
                0.07930968701839447,
                8.379942893981934
            ],
            [
                0.12521877884864807,
                11.983119010925293
            ],
            [
                0.1870850920677185,
                15.67974853515625
            ]
        ],
        [
            [
                0.024657689034938812,
                0.6760623455047607
            ],
            [
                0.04636548459529877,
                2.483426809310913
            ],
            [
                0.051293037831783295,
                5.250060081481934
            ],
            [
                0.02951360121369362,
                8.677140235900879
            ],
            [
                0.04399401694536209,
                12.27535629272461
            ],
            [
                0.06861910223960876,
                15.96214485168457
            ]
        ],
        [
            [
                0.02238917350769043,
                0.7575308084487915
            ],
            [
                0.04001317918300629,
                2.522641658782959
            ],
            [
                0.039158932864665985,
                5.133315086364746
            ],
            [
                0.021218840032815933,
                8.320291519165039
            ],
            [
                0.03216985613107681,
                11.643312454223633
            ],
            [
                0.05827128887176514,
                15.040679931640625
            ]
        ]
    ],
    "tl_trigger": 7.101687060639961e-07,
    "tl_status": 0
}