{
    "speed": 7.231465467185521,
    "steer": -0.003957642242312431,
    "throttle": 0.75,
    "brake": 0.0,
    "wp_6": [
        -0.11218966543674469,
        22.520557403564453
    ],
    "wp_5": [
        -0.07546857744455338,
        19.197954177856445
    ],
    "wp_4": [
        -0.09420515596866608,
        15.534640312194824
    ],
    "wp_3": [
        -0.08323809504508972,
        11.697120666503906
    ],
    "wp_2": [
        -0.05110154300928116,
        7.837864398956299
    ],
    "wp_1": [
        -0.02123519778251648,
        3.994561195373535
    ],
    "aim": [
        -0.09420515596866608,
        15.534640312194824
    ],
    "target": [
        0.5193511923086891,
        5.90994535864905
    ],
    "desired_speed": 7.4106050491333,
    "angle": -0.0038605266374171763,
    "angle_last": -0.007035578018592993,
    "angle_target": 0.05580120457779237,
    "angle_final": -0.0038605266374171763,
    "delta": 0.17913958194777901,
    "agent": "only_traj",
    "steer_traj": -0.003957642233142844,
    "throttle_traj": 0.75,
    "brake_traj": 0.0,
    "plan": [
        [
            -0.02123519778251648,
            3.994561195373535
        ],
        [
            -0.05110154300928116,
            7.837864398956299
        ],
        [
            -0.08323809504508972,
            11.697120666503906
        ],
        [
            -0.09420515596866608,
            15.534640312194824
        ],
        [
            -0.07546857744455338,
            19.197954177856445
        ],
        [
            -0.11218966543674469,
            22.520557403564453
        ]
    ],
    "command": 3,
    "all_plan": [
        [
            [
                -0.018213674426078796,
                3.9534130096435547
            ],
            [
                -0.050745896995067596,
                7.774743556976318
            ],
            [
                -0.08400951325893402,
                11.605615615844727
            ],
            [
                -0.11167880892753601,
                15.434619903564453
            ],
            [
                -0.10612802952528,
                19.14715576171875
            ],
            [
                -0.14998659491539001,
                22.5501651763916
            ]
        ],
        [
            [
                -0.043991535902023315,
                3.9051461219787598
            ],
            [
                -0.08941413462162018,
                7.747794151306152
            ],
            [
                -0.12356889992952347,
                11.591925621032715
            ],
            [
                -0.11520189046859741,
                15.451159477233887
            ],
            [
                -0.09583761543035507,
                19.22758674621582
            ],
            [
                -0.1256871223449707,
                22.76165771484375
            ]
        ],
        [
            [
                -0.04063481092453003,
                4.056029796600342
            ],
            [
                -0.07798611372709274,
                8.043378829956055
            ],
            [
                -0.10649929940700531,
                12.039705276489258
            ],
            [
                -0.09155568480491638,
                16.062694549560547
            ],
            [
                -0.06263171881437302,
                19.976892471313477
            ],
            [
                -0.08795782923698425,
                23.61227798461914
            ]
        ],
        [
            [
                -0.02123519778251648,
                3.994561195373535
            ],
            [
                -0.05110154300928116,
                7.837864398956299
            ],
            [
                -0.08323809504508972,
                11.697120666503906
            ],
            [
                -0.09420515596866608,
                15.534640312194824
            ],
            [
                -0.07546857744455338,
                19.197954177856445
            ],
            [
                -0.11218966543674469,
                22.520557403564453
            ]
        ],
        [
            [
                -0.08261623978614807,
                3.9860024452209473
            ],
            [
                -0.15449398756027222,
                7.931378364562988
            ],
            [
                -0.19834718108177185,
                11.88943862915039
            ],
            [
                -0.16539667546749115,
                15.860086441040039
            ],
            [
                -0.1523272544145584,
                19.734249114990234
            ],
            [
                -0.20513057708740234,
                23.35928726196289
            ]
        ],
        [
            [
                -0.047652728855609894,
                3.841933250427246
            ],
            [
                -0.09261292219161987,
                7.633517265319824
            ],
            [
                -0.12128666788339615,
                11.422938346862793
            ],
            [
                -0.10175049304962158,
                15.22747802734375
            ],
            [
                -0.07497050613164902,
                18.959197998046875
            ],
            [
                -0.09374344348907471,
                22.469470977783203
            ]
        ]
    ],
    "tl_trigger": 5.281771677800862e-07,
    "tl_status": 0
}