{
    "speed": 4.1877730725870554,
    "steer": 0.0010329866781830788,
    "throttle": 0.75,
    "brake": 0.0,
    "wp_6": [
        -0.18472430109977722,
        20.204879760742188
    ],
    "wp_5": [
        -0.14612054824829102,
        16.555116653442383
    ],
    "wp_4": [
        -0.10667410492897034,
        12.772181510925293
    ],
    "wp_3": [
        -0.08794642239809036,
        8.966320991516113
    ],
    "wp_2": [
        -0.06869624555110931,
        5.418216705322266
    ],
    "wp_1": [
        -0.03292486071586609,
        2.3592324256896973
    ],
    "aim": [
        -0.10667410492897034,
        12.772181510925293
    ],
    "target": [
        -0.004469746542815817,
        44.794213149186916
    ],
    "desired_speed": 7.138545799255371,
    "angle": -0.005316950641436229,
    "angle_last": -0.006733304202324539,
    "angle_target": -6.35244782112595e-05,
    "angle_final": -6.35244782112595e-05,
    "delta": 0.25,
    "agent": "only_traj",
    "steer_traj": 0.0010329866402622359,
    "throttle_traj": 0.75,
    "brake_traj": 0.0,
    "plan": [
        [
            -0.03292486071586609,
            2.3592324256896973
        ],
        [
            -0.06869624555110931,
            5.418216705322266
        ],
        [
            -0.08794642239809036,
            8.966320991516113
        ],
        [
            -0.10667410492897034,
            12.772181510925293
        ],
        [
            -0.14612054824829102,
            16.555116653442383
        ],
        [
            -0.18472430109977722,
            20.204879760742188
        ]
    ],
    "command": 3,
    "all_plan": [
        [
            [
                -0.02379082888364792,
                2.524507522583008
            ],
            [
                -0.0676736831665039,
                5.664218902587891
            ],
            [
                -0.0945865586400032,
                9.22816276550293
            ],
            [
                -0.15180861949920654,
                12.980621337890625
            ],
            [
                -0.21408531069755554,
                16.75718116760254
            ],
            [
                -0.2850322723388672,
                20.467161178588867
            ]
        ],
        [
            [
                -0.03339611738920212,
                2.5413970947265625
            ],
            [
                -0.08304834365844727,
                5.655789375305176
            ],
            [
                -0.11262354999780655,
                9.177373886108398
            ],
            [
                -0.1549590826034546,
                12.87629222869873
            ],
            [
                -0.20940068364143372,
                16.607479095458984
            ],
            [
                -0.27776312828063965,
                20.290727615356445
            ]
        ],
        [
            [
                -0.052170105278491974,
                2.585232734680176
            ],
            [
                -0.10478563606739044,
                5.848285675048828
            ],
            [
                -0.13231855630874634,
                9.57323169708252
            ],
            [
                -0.14371223747730255,
                13.527620315551758
            ],
            [
                -0.18559488654136658,
                17.483266830444336
            ],
            [
                -0.24558228254318237,
                21.360092163085938
            ]
        ],
        [
            [
                -0.03292486071586609,
                2.3592324256896973
            ],
            [
                -0.06869624555110931,
                5.418216705322266
            ],
            [
                -0.08794642239809036,
                8.966320991516113
            ],
            [
                -0.10667410492897034,
                12.772181510925293
            ],
            [
                -0.14612054824829102,
                16.555116653442383
            ],
            [
                -0.18472430109977722,
                20.204879760742188
            ]
        ],
        [
            [
                -0.06499780714511871,
                2.71051025390625
            ],
            [
                -0.13516345620155334,
                5.983024597167969
            ],
            [
                -0.17927801609039307,
                9.649847030639648
            ],
            [
                -0.19676651060581207,
                13.495988845825195
            ],
            [
                -0.25648096203804016,
                17.363800048828125
            ],
            [
                -0.3515866994857788,
                21.173948287963867
            ]
        ],
        [
            [
                -0.03110361099243164,
                2.640432834625244
            ],
            [
                -0.08844213932752609,
                5.72203254699707
            ],
            [
                -0.12977848947048187,
                9.121038436889648
            ],
            [
                -0.1881345510482788,
                12.638911247253418
            ],
            [
                -0.2552660405635834,
                16.203182220458984
            ],
            [
                -0.34183865785598755,
                19.73499298095703
            ]
        ]
    ],
    "tl_trigger": 4.6538718834199244e-07,
    "tl_status": 0
}