{
    "speed": 0.4698907792853722,
    "steer": -0.004725438542664051,
    "throttle": 0.0,
    "brake": 1.0,
    "wp_6": [
        0.0007320009171962738,
        1.2638288736343384
    ],
    "wp_5": [
        0.001382878515869379,
        0.9995948076248169
    ],
    "wp_4": [
        -0.005044682417064905,
        0.8151239156723022
    ],
    "wp_3": [
        -0.00896431878209114,
        0.7066668272018433
    ],
    "wp_2": [
        -0.01225736178457737,
        0.5579649209976196
    ],
    "wp_1": [
        -0.007260418031364679,
        0.4011216163635254
    ],
    "aim": [
        -0.005044682417064905,
        0.8151239156723022
    ],
    "target": [
        -0.891990224151179,
        7.878446911698161
    ],
    "desired_speed": 0.34520273506641386,
    "angle": -0.00393990861377088,
    "angle_last": -0.0015681633699793415,
    "angle_target": -0.07177185264500378,
    "angle_final": -0.00393990861377088,
    "delta": 0.0,
    "agent": "only_traj",
    "steer_traj": -0.004725438393728332,
    "throttle_traj": 0.0,
    "brake_traj": 1.0,
    "plan": [
        [
            -0.007260418031364679,
            0.4011216163635254
        ],
        [
            -0.01225736178457737,
            0.5579649209976196
        ],
        [
            -0.00896431878209114,
            0.7066668272018433
        ],
        [
            -0.005044682417064905,
            0.8151239156723022
        ],
        [
            0.001382878515869379,
            0.9995948076248169
        ],
        [
            0.0007320009171962738,
            1.2638288736343384
        ]
    ],
    "command": 3,
    "all_plan": [
        [
            [
                -0.005451947450637817,
                0.4515489339828491
            ],
            [
                -0.008228877559304237,
                0.6308239698410034
            ],
            [
                -0.005207419861108065,
                0.7778131365776062
            ],
            [
                -0.00444862712174654,
                0.887073278427124
            ],
            [
                0.0027677221223711967,
                1.065365195274353
            ],
            [
                0.00574693875387311,
                1.3014531135559082
            ]
        ],
        [
            [
                -0.003452086355537176,
                0.30165189504623413
            ],
            [
                -0.007117486093193293,
                0.42847615480422974
            ],
            [
                0.004489704500883818,
                0.6540157198905945
            ],
            [
                -0.009630527347326279,
                0.8585746884346008
            ],
            [
                -0.00468639750033617,
                1.163692593574524
            ],
            [
                -0.017415232956409454,
                1.587829351425171
            ]
        ],
        [
            [
                -0.009290746413171291,
                0.39318007230758667
            ],
            [
                -0.015291240997612476,
                0.5499774813652039
            ],
            [
                -0.010812487453222275,
                0.717802107334137
            ],
            [
                -0.005365267861634493,
                0.8463413119316101
            ],
            [
                0.0016554403118789196,
                1.0556137561798096
            ],
            [
                -0.0008787102997303009,
                1.3590004444122314
            ]
        ],
        [
            [
                -0.007260418031364679,
                0.4011216163635254
            ],
            [
                -0.01225736178457737,
                0.5579649209976196
            ],
            [
                -0.00896431878209114,
                0.7066668272018433
            ],
            [
                -0.005044682417064905,
                0.8151239156723022
            ],
            [
                0.001382878515869379,
                0.9995948076248169
            ],
            [
                0.0007320009171962738,
                1.2638288736343384
            ]
        ],
        [
            [
                -0.007148667238652706,
                0.2784593105316162
            ],
            [
                -0.013083509169518948,
                0.3989683985710144
            ],
            [
                -0.00022477377206087112,
                0.6471390128135681
            ],
            [
                -0.010017194785177708,
                0.8736168146133423
            ],
            [
                -0.004442899487912655,
                1.208256721496582
            ],
            [
                -0.020372383296489716,
                1.6874017715454102
            ]
        ],
        [
            [
                -0.003512496594339609,
                0.314190536737442
            ],
            [
                -0.0068265581503510475,
                0.4458317160606384
            ],
            [
                0.0035826368257403374,
                0.6573344469070435
            ],
            [
                -0.008693155832588673,
                0.8473769426345825
            ],
            [
                -0.0034725964069366455,
                1.1306288242340088
            ],
            [
                -0.013771884143352509,
                1.5210613012313843
            ]
        ]
    ],
    "tl_trigger": 5.772888016508659e-07,
    "tl_status": 0
}