{
    "speed": 0.5262979109068957,
    "steer": -0.006132922600954771,
    "throttle": 0.0,
    "brake": 1.0,
    "wp_6": [
        -0.014654869213700294,
        0.6851100921630859
    ],
    "wp_5": [
        -0.010442673228681087,
        0.4936078190803528
    ],
    "wp_4": [
        -0.0017961757257580757,
        0.31597989797592163
    ],
    "wp_3": [
        0.0004545147530734539,
        0.19540148973464966
    ],
    "wp_2": [
        0.0030615609139204025,
        0.11962126195430756
    ],
    "wp_1": [
        0.004716329276561737,
        0.07666298747062683
    ],
    "aim": [
        -0.0017961757257580757,
        0.31597989797592163
    ],
    "target": [
        -0.5333263904457791,
        23.767795618218525
    ],
    "desired_speed": 0.24352057576179503,
    "angle": -0.003618813831789503,
    "angle_last": -0.014000549588227327,
    "angle_target": -0.014282736311808198,
    "angle_final": -0.003618813831789503,
    "delta": 0.0,
    "agent": "only_traj",
    "steer_traj": -0.006132922711503436,
    "throttle_traj": 0.0,
    "brake_traj": 1.0,
    "plan": [
        [
            0.004716329276561737,
            0.07666298747062683
        ],
        [
            0.0030615609139204025,
            0.11962126195430756
        ],
        [
            0.0004545147530734539,
            0.19540148973464966
        ],
        [
            -0.0017961757257580757,
            0.31597989797592163
        ],
        [
            -0.010442673228681087,
            0.4936078190803528
        ],
        [
            -0.014654869213700294,
            0.6851100921630859
        ]
    ],
    "command": 3,
    "all_plan": [
        [
            [
                0.012784745544195175,
                -0.01511913537979126
            ],
            [
                0.024750249460339546,
                -0.018930502235889435
            ],
            [
                0.035238899290561676,
                0.14456510543823242
            ],
            [
                -0.006809007376432419,
                0.3672668933868408
            ],
            [
                -0.004440289922058582,
                0.6736266613006592
            ],
            [
                -0.02457369863986969,
                1.0190616846084595
            ]
        ],
        [
            [
                0.010041565634310246,
                -0.13842076063156128
            ],
            [
                0.02572772651910782,
                -0.15935690701007843
            ],
            [
                0.03683695197105408,
                0.11552019417285919
            ],
            [
                -0.006136398762464523,
                0.5209171175956726
            ],
            [
                -0.001525173895061016,
                1.0592353343963623
            ],
            [
                -0.03255778178572655,
                1.6671714782714844
            ]
        ],
        [
            [
                0.00446929270401597,
                -0.04733426868915558
            ],
            [
                0.0070153274573385715,
                -0.039627157151699066
            ],
            [
                0.0033243577927351,
                0.1221139207482338
            ],
            [
                -0.0008669220842421055,
                0.4031415581703186
            ],
            [
                -0.013211654499173164,
                0.7927677035331726
            ],
            [
                -0.029539206996560097,
                1.2114473581314087
            ]
        ],
        [
            [
                0.004716329276561737,
                0.07666298747062683
            ],
            [
                0.0030615609139204025,
                0.11962126195430756
            ],
            [
                0.0004545147530734539,
                0.19540148973464966
            ],
            [
                -0.0017961757257580757,
                0.31597989797592163
            ],
            [
                -0.010442673228681087,
                0.4936078190803528
            ],
            [
                -0.014654869213700294,
                0.6851100921630859
            ]
        ],
        [
            [
                -0.0010133095784112811,
                -0.14025935530662537
            ],
            [
                0.006983554922044277,
                -0.06737782806158066
            ],
            [
                0.011491820216178894,
                0.3425294756889343
            ],
            [
                -0.0025732778012752533,
                0.9629819989204407
            ],
            [
                0.002931937575340271,
                1.7528622150421143
            ],
            [
                -0.022409779950976372,
                2.640206813812256
            ]
        ],
        [
            [
                0.01098827738314867,
                -0.1018022894859314
            ],
            [
                0.02457233890891075,
                -0.09667446464300156
            ],
            [
                0.04451756179332733,
                0.18163630366325378
            ],
            [
                -0.010015811771154404,
                0.5404406785964966
            ],
            [
                0.002489745616912842,
                0.9980118274688721
            ],
            [
                -0.02507595159113407,
                1.5463895797729492
            ]
        ]
    ],
    "tl_trigger": 4.538839277756779e-07,
    "tl_status": 0
}