{
    "speed": 7.094105787978616,
    "steer": -0.0030800478998571634,
    "throttle": 0.008464505895972252,
    "brake": 0.0,
    "wp_6": [
        3.675262451171875,
        20.857206344604492
    ],
    "wp_5": [
        2.756168842315674,
        17.506567001342773
    ],
    "wp_4": [
        1.9755175113677979,
        14.007479667663574
    ],
    "wp_3": [
        1.6100025177001953,
        10.363216400146484
    ],
    "wp_2": [
        0.9790133833885193,
        6.914287567138672
    ],
    "wp_1": [
        0.4286627173423767,
        3.3770084381103516
    ],
    "aim": [
        1.9755175113677979,
        14.007479667663574
    ],
    "target": [
        0.6043244028449504,
        16.675543514477642
    ],
    "desired_speed": 7.123231887817384,
    "angle": 0.0891961714535691,
    "angle_last": 0.17043520035160856,
    "angle_target": 0.023061111620564477,
    "angle_final": 0.023061111620564477,
    "delta": 0.029126099838768127,
    "agent": "only_traj",
    "steer_traj": -0.003080047973516702,
    "throttle_traj": 0.008464505660515459,
    "brake_traj": 0.0,
    "plan": [
        [
            0.4286627173423767,
            3.3770084381103516
        ],
        [
            0.9790133833885193,
            6.914287567138672
        ],
        [
            1.6100025177001953,
            10.363216400146484
        ],
        [
            1.9755175113677979,
            14.007479667663574
        ],
        [
            2.756168842315674,
            17.506567001342773
        ],
        [
            3.675262451171875,
            20.857206344604492
        ]
    ],
    "command": 3,
    "all_plan": [
        [
            [
                0.6884494423866272,
                3.5960588455200195
            ],
            [
                1.3592981100082397,
                7.143464088439941
            ],
            [
                1.9399789571762085,
                10.493064880371094
            ],
            [
                1.8513011932373047,
                14.097726821899414
            ],
            [
                2.282508134841919,
                17.498790740966797
            ],
            [
                2.8187994956970215,
                20.738229751586914
            ]
        ],
        [
            [
                0.7460966110229492,
                3.5266122817993164
            ],
            [
                1.5344361066818237,
                6.997312545776367
            ],
            [
                2.2355804443359375,
                10.24957275390625
            ],
            [
                2.311551570892334,
                13.793642044067383
            ],
            [
                2.8785228729248047,
                17.10957145690918
            ],
            [
                3.5163838863372803,
                20.305143356323242
            ]
        ],
        [
            [
                0.575797975063324,
                3.656888961791992
            ],
            [
                1.2304966449737549,
                7.404572486877441
            ],
            [
                1.8951940536499023,
                11.066730499267578
            ],
            [
                2.1239354610443115,
                14.89500617980957
            ],
            [
                2.7907543182373047,
                18.682540893554688
            ],
            [
                3.562239170074463,
                22.414701461791992
            ]
        ],
        [
            [
                0.4286627173423767,
                3.3770084381103516
            ],
            [
                0.9790133833885193,
                6.914287567138672
            ],
            [
                1.6100025177001953,
                10.363216400146484
            ],
            [
                1.9755175113677979,
                14.007479667663574
            ],
            [
                2.756168842315674,
                17.506567001342773
            ],
            [
                3.675262451171875,
                20.857206344604492
            ]
        ],
        [
            [
                0.6368487477302551,
                3.6658859252929688
            ],
            [
                1.3083606958389282,
                7.355444431304932
            ],
            [
                1.9308066368103027,
                10.887779235839844
            ],
            [
                2.023000478744507,
                14.580156326293945
            ],
            [
                2.5431041717529297,
                18.158170700073242
            ],
            [
                3.1533474922180176,
                21.622180938720703
            ]
        ],
        [
            [
                0.7610583901405334,
                3.5763792991638184
            ],
            [
                1.5165815353393555,
                7.054502487182617
            ],
            [
                2.170621156692505,
                10.31262493133545
            ],
            [
                2.099630832672119,
                13.841781616210938
            ],
            [
                2.5737545490264893,
                17.161991119384766
            ],
            [
                3.130777359008789,
                20.361345291137695
            ]
        ]
    ],
    "tl_trigger": 5.202464308240451e-07,
    "tl_status": 0
}