{
    "speed": 2.880492563497768,
    "steer": 0.037725113332271576,
    "throttle": 0.75,
    "brake": 0.0,
    "wp_6": [
        0.8794324398040771,
        10.729752540588379
    ],
    "wp_5": [
        0.6192722320556641,
        9.375833511352539
    ],
    "wp_4": [
        0.4175054430961609,
        7.810020446777344
    ],
    "wp_3": [
        0.344015508890152,
        5.936887741088867
    ],
    "wp_2": [
        0.22908271849155426,
        4.1592206954956055
    ],
    "wp_1": [
        0.10076068341732025,
        2.1318063735961914
    ],
    "aim": [
        0.10076068341732025,
        2.1318063735961914
    ],
    "target": [
        1.3139715146083564,
        15.4037849661902
    ],
    "desired_speed": 3.4579482555389407,
    "angle": 0.030067679154713384,
    "angle_last": 0.12085561607639377,
    "angle_target": 0.05417370827636021,
    "angle_final": 0.030067679154713384,
    "delta": 0.25,
    "log_entries": [
        "norm1:3.15",
        "norm2:5.06",
        "norm3:6.88",
        "norm4:8.61",
        "norm5:10.08",
        " ",
        " ",
        " ",
        " ",
        " ",
        " ",
        " ",
        " ",
        " ",
        " ",
        " ",
        " ",
        " ",
        " ",
        " ",
        " ",
        " ",
        " ",
        " ",
        " ",
        " "
    ],
    "agent": "only_traj",
    "steer_traj": 0.03772511221935102,
    "throttle_traj": 0.75,
    "brake_traj": 0.0,
    "plan": [
        [
            0.10076068341732025,
            2.1318063735961914
        ],
        [
            0.22908271849155426,
            4.1592206954956055
        ],
        [
            0.344015508890152,
            5.936887741088867
        ],
        [
            0.4175054430961609,
            7.810020446777344
        ],
        [
            0.6192722320556641,
            9.375833511352539
        ],
        [
            0.8794324398040771,
            10.729752540588379
        ]
    ],
    "command": 3,
    "redefined_command": 3,
    "cmd_softmax_output": [
        0.99992835521698,
        6.703079998260364e-05,
        4.68817597720772e-06
    ],
    "all_plan": [
        [
            [
                0.1880878359079361,
                2.2253379821777344
            ],
            [
                0.3807348906993866,
                4.317532539367676
            ],
            [
                0.5386364459991455,
                6.101445198059082
            ],
            [
                0.5373815894126892,
                8.047130584716797
            ],
            [
                0.7464806437492371,
                9.582183837890625
            ],
            [
                1.0158312320709229,
                10.851181030273438
            ]
        ],
        [
            [
                0.2109324038028717,
                2.185647964477539
            ],
            [
                0.4430633783340454,
                4.330434322357178
            ],
            [
                0.6401757597923279,
                6.198714256286621
            ],
            [
                0.6921057105064392,
                8.286686897277832
            ],
            [
                0.9529839754104614,
                9.956954956054688
            ],
            [
                1.285433292388916,
                11.347729682922363
            ]
        ],
        [
            [
                0.1369033008813858,
                2.3248062133789062
            ],
            [
                0.31942039728164673,
                4.646609306335449
            ],
            [
                0.490220844745636,
                6.7170915603637695
            ],
            [
                0.6336244344711304,
                8.949117660522461
            ],
            [
                0.9026831388473511,
                10.81443977355957
            ],
            [
                1.2487367391586304,
                12.38290786743164
            ]
        ],
        [
            [
                0.10076068341732025,
                2.1318063735961914
            ],
            [
                0.22908271849155426,
                4.1592206954956055
            ],
            [
                0.344015508890152,
                5.936887741088867
            ],
            [
                0.4175054430961609,
                7.810020446777344
            ],
            [
                0.6192722320556641,
                9.375833511352539
            ],
            [
                0.8794324398040771,
                10.729752540588379
            ]
        ],
        [
            [
                0.1523895561695099,
                2.3454813957214355
            ],
            [
                0.3462027907371521,
                4.685480117797852
            ],
            [
                0.5196490287780762,
                6.795622825622559
            ],
            [
                0.6481896638870239,
                9.100343704223633
            ],
            [
                0.9086896181106567,
                10.985020637512207
            ],
            [
                1.2459131479263306,
                12.501561164855957
            ]
        ],
        [
            [
                0.22434857487678528,
                2.1768927574157715
            ],
            [
                0.4568895995616913,
                4.326324462890625
            ],
            [
                0.6550846099853516,
                6.205800533294678
            ],
            [
                0.6772334575653076,
                8.216192245483398
            ],
            [
                0.9199557900428772,
                9.734360694885254
            ],
            [
                1.2337353229522705,
                10.96331787109375
            ]
        ]
    ],
    "tl_trigger": 8.503699859829794e-07,
    "tl_status": 0
}