{
    "speed": 8.534232611863248e-05,
    "steer": -0.014561423100531101,
    "throttle": 0.0,
    "brake": 1.0,
    "wp_6": [
        4.2950501665472984e-05,
        -0.0009908601641654968
    ],
    "wp_5": [
        1.480267383158207e-05,
        -0.002596162259578705
    ],
    "wp_4": [
        2.5811605155467987e-05,
        -0.0018897317349910736
    ],
    "wp_3": [
        0.0014676186256110668,
        -0.006289128214120865
    ],
    "wp_2": [
        0.0006576701998710632,
        -0.003714129328727722
    ],
    "wp_1": [
        0.0019737351685762405,
        -0.005357086658477783
    ],
    "aim": [
        2.5811605155467987e-05,
        -0.0018897317349910736
    ],
    "target": [
        -0.36100005113073885,
        11.132114357538295
    ],
    "desired_speed": 0.004698459268547594,
    "angle": 1.9913050452321275,
    "angle_last": 0.011161563750136534,
    "angle_target": -0.02063752245973003,
    "angle_final": -0.02063752245973003,
    "delta": 0.004613116942428962,
    "agent": "only_traj",
    "steer_traj": -0.014561422906594432,
    "throttle_traj": 0.0,
    "brake_traj": 1.0,
    "plan": [
        [
            0.0019737351685762405,
            -0.005357086658477783
        ],
        [
            0.0006576701998710632,
            -0.003714129328727722
        ],
        [
            0.0014676186256110668,
            -0.006289128214120865
        ],
        [
            2.5811605155467987e-05,
            -0.0018897317349910736
        ],
        [
            1.480267383158207e-05,
            -0.002596162259578705
        ],
        [
            4.2950501665472984e-05,
            -0.0009908601641654968
        ]
    ],
    "command": 3,
    "all_plan": [
        [
            [
                0.0017148350598290563,
                0.011686742305755615
            ],
            [
                -0.00022712338250130415,
                0.01665152609348297
            ],
            [
                0.00021815637592226267,
                0.01608380302786827
            ],
            [
                -0.0004861772758886218,
                0.016942862421274185
            ],
            [
                -0.0006731279427185655,
                0.019739575684070587
            ],
            [
                -0.001155516249127686,
                0.032065846025943756
            ]
        ],
        [
            [
                0.0033454797230660915,
                -0.01262722909450531
            ],
            [
                0.00037378864362835884,
                -0.0178617462515831
            ],
            [
                0.0037455703131854534,
                0.01665326952934265
            ],
            [
                -0.003129701130092144,
                0.04892713576555252
            ],
            [
                -0.00515833031386137,
                0.104759082198143
            ],
            [
                -0.012603629380464554,
                0.2033897042274475
            ]
        ],
        [
            [
                0.002046758309006691,
                -0.010164320468902588
            ],
            [
                0.0009072273969650269,
                -0.009458288550376892
            ],
            [
                0.0018200310878455639,
                -0.012599442154169083
            ],
            [
                0.00017021875828504562,
                -0.007201489061117172
            ],
            [
                0.00020883441902697086,
                -0.008895985782146454
            ],
            [
                0.0003809796180576086,
                -0.010314546525478363
            ]
        ],
        [
            [
                0.0019737351685762405,
                -0.005357086658477783
            ],
            [
                0.0006576701998710632,
                -0.003714129328727722
            ],
            [
                0.0014676186256110668,
                -0.006289128214120865
            ],
            [
                2.5811605155467987e-05,
                -0.0018897317349910736
            ],
            [
                1.480267383158207e-05,
                -0.002596162259578705
            ],
            [
                4.2950501665472984e-05,
                -0.0009908601641654968
            ]
        ],
        [
            [
                0.00176958495285362,
                0.008060187101364136
            ],
            [
                -4.0233717299997807e-05,
                0.012315254658460617
            ],
            [
                0.0004834936698898673,
                0.011336008086800575
            ],
            [
                -0.00037860695738345385,
                0.0129594337195158
            ],
            [
                -0.0005285609513521194,
                0.01503540389239788
            ],
            [
                -0.000905307475477457,
                0.02512424997985363
            ]
        ],
        [
            [
                0.031208962202072144,
                0.005717635154724121
            ],
            [
                0.032287780195474625,
                0.0744897872209549
            ],
            [
                0.03994908556342125,
                0.31254497170448303
            ],
            [
                -0.02821217104792595,
                0.5495709180831909
            ],
            [
                -0.047253116965293884,
                0.8567346334457397
            ],
            [
                -0.07615187764167786,
                1.256543755531311
            ]
        ]
    ],
    "tl_trigger": 0.9999991655349731,
    "tl_status": 0
}