{
    "speed": 8.602362813988253e-05,
    "steer": 0.010669262148439884,
    "throttle": 0.0,
    "brake": 1.0,
    "wp_6": [
        0.00010441034100949764,
        -0.0026860758662223816
    ],
    "wp_5": [
        5.0081172958016396e-05,
        -0.0037415847182273865
    ],
    "wp_4": [
        5.206745117902756e-05,
        -0.002855505794286728
    ],
    "wp_3": [
        0.0015316936187446117,
        -0.007436458021402359
    ],
    "wp_2": [
        0.0007030442357063293,
        -0.004758521914482117
    ],
    "wp_1": [
        0.001987012103199959,
        -0.006231129169464111
    ],
    "aim": [
        5.206745117902756e-05,
        -0.002855505794286728
    ],
    "target": [
        0.2411970962694998,
        10.703059685113683
    ],
    "desired_speed": 0.004605573415756225,
    "angle": 1.9883931079159787,
    "angle_last": 0.0327391938120777,
    "angle_target": 0.01434401561701033,
    "angle_final": 0.01434401561701033,
    "delta": 0.004519549787616343,
    "agent": "only_traj",
    "steer_traj": 0.010669262133892299,
    "throttle_traj": 0.0,
    "brake_traj": 1.0,
    "plan": [
        [
            0.001987012103199959,
            -0.006231129169464111
        ],
        [
            0.0007030442357063293,
            -0.004758521914482117
        ],
        [
            0.0015316936187446117,
            -0.007436458021402359
        ],
        [
            5.206745117902756e-05,
            -0.002855505794286728
        ],
        [
            5.0081172958016396e-05,
            -0.0037415847182273865
        ],
        [
            0.00010441034100949764,
            -0.0026860758662223816
        ]
    ],
    "command": 3,
    "all_plan": [
        [
            [
                0.0017745812656357884,
                0.007753551006317139
            ],
            [
                -2.294022124260664e-05,
                0.011951759457588196
            ],
            [
                0.0005064938450232148,
                0.010920818895101547
            ],
            [
                -0.00036802596878260374,
                0.01259687915444374
            ],
            [
                -0.000514374696649611,
                0.01458517462015152
            ],
            [
                -0.0008789469720795751,
                0.024437375366687775
            ]
        ],
        [
            [
                0.010445024818181992,
                -0.03966781497001648
            ],
            [
                0.008397623896598816,
                -0.050614967942237854
            ],
            [
                0.015323266386985779,
                0.013880446553230286
            ],
            [
                -0.005371082574129105,
                0.07327818125486374
            ],
            [
                -0.011685829609632492,
                0.16891980171203613
            ],
            [
                -0.026147078722715378,
                0.3260074555873871
            ]
        ],
        [
            [
                0.001978714019060135,
                -0.005684852600097656
            ],
            [
                0.000674685463309288,
                -0.00410577654838562
            ],
            [
                0.0014916467480361462,
                -0.006719376891851425
            ],
            [
                3.5657547414302826e-05,
                -0.002251897007226944
            ],
            [
                2.8032111003994942e-05,
                -0.0030256956815719604
            ],
            [
                6.599794141948223e-05,
                -0.0016265660524368286
            ]
        ],
        [
            [
                0.001987012103199959,
                -0.006231129169464111
            ],
            [
                0.0007030442357063293,
                -0.004758521914482117
            ],
            [
                0.0015316936187446117,
                -0.007436458021402359
            ],
            [
                5.206745117902756e-05,
                -0.002855505794286728
            ],
            [
                5.0081172958016396e-05,
                -0.0037415847182273865
            ],
            [
                0.00010441034100949764,
                -0.0026860758662223816
            ]
        ],
        [
            [
                0.0017636317061260343,
                -0.0033537298440933228
            ],
            [
                -0.00017630297224968672,
                -0.0028631463646888733
            ],
            [
                0.0010443810606375337,
                0.0030702948570251465
            ],
            [
                -0.0007613644702360034,
                0.012926090508699417
            ],
            [
                -0.0010265797609463334,
                0.02571853995323181
            ],
            [
                -0.0026453398168087006,
                0.05181796848773956
            ]
        ],
        [
            [
                0.04633538797497749,
                0.09817828238010406
            ],
            [
                0.05049766227602959,
                0.3321416676044464
            ],
            [
                0.053375765681266785,
                0.7709535360336304
            ],
            [
                -0.050646476447582245,
                1.2145670652389526
            ],
            [
                -0.06873926520347595,
                1.7209289073944092
            ],
            [
                -0.09745942056179047,
                2.3314120769500732
            ]
        ]
    ],
    "tl_trigger": 0.9999992847442627,
    "tl_status": 0
}