{
    "speed": 8.524317679930046e-05,
    "steer": -0.022852938622236252,
    "throttle": 0.0,
    "brake": 1.0,
    "wp_6": [
        -0.0005562828155234456,
        0.01553749293088913
    ],
    "wp_5": [
        -0.0003291625762358308,
        0.008571706712245941
    ],
    "wp_4": [
        -0.000230182777158916,
        0.007526565343141556
    ],
    "wp_3": [
        0.0008428875589743257,
        0.004897337406873703
    ],
    "wp_2": [
        0.00021527346689254045,
        0.0064686983823776245
    ],
    "wp_1": [
        0.0018442851724103093,
        0.003164827823638916
    ],
    "aim": [
        -0.000230182777158916,
        0.007526565343141556
    ],
    "target": [
        -0.6562277317462977,
        11.015415875071541
    ],
    "desired_speed": 0.006493914918974042,
    "angle": -0.019463486668385082,
    "angle_last": -0.020749687180089262,
    "angle_target": -0.03788094640383945,
    "angle_final": -0.019463486668385082,
    "delta": 0.006408671742174741,
    "agent": "only_traj",
    "steer_traj": -0.022852938644257022,
    "throttle_traj": 0.0,
    "brake_traj": 1.0,
    "plan": [
        [
            0.0018442851724103093,
            0.003164827823638916
        ],
        [
            0.00021527346689254045,
            0.0064686983823776245
        ],
        [
            0.0008428875589743257,
            0.004897337406873703
        ],
        [
            -0.000230182777158916,
            0.007526565343141556
        ],
        [
            -0.0003291625762358308,
            0.008571706712245941
        ],
        [
            -0.0005562828155234456,
            0.01553749293088913
        ]
    ],
    "command": 3,
    "all_plan": [
        [
            [
                0.019757091999053955,
                -0.06577897071838379
            ],
            [
                0.014532351866364479,
                0.13731324672698975
            ],
            [
                0.013611508533358574,
                0.6417590379714966
            ],
            [
                -0.058049120008945465,
                1.1842635869979858
            ],
            [
                -0.06391581892967224,
                1.7852990627288818
            ],
            [
                -0.09390772879123688,
                2.5480549335479736
            ]
        ],
        [
            [
                0.02991063892841339,
                -0.021333366632461548
            ],
            [
                0.023255623877048492,
                0.24077850580215454
            ],
            [
                0.015344226732850075,
                0.8178130984306335
            ],
            [
                -0.07343645393848419,
                1.4220056533813477
            ],
            [
                -0.08923224359750748,
                2.0925066471099854
            ],
            [
                -0.12406265735626221,
                2.936415672302246
            ]
        ],
        [
            [
                0.0016683657886460423,
                0.014745891094207764
            ],
            [
                -0.00038593250792473555,
                0.020306900143623352
            ],
            [
                -6.106100045144558e-06,
                0.0200994573533535
            ],
            [
                -0.0005780727369710803,
                0.020323071628808975
            ],
            [
                -0.0007966026896610856,
                0.023748554289340973
            ],
            [
                -0.0013706256868317723,
                0.03799910098314285
            ]
        ],
        [
            [
                0.0018442851724103093,
                0.003164827823638916
            ],
            [
                0.00021527346689254045,
                0.0064686983823776245
            ],
            [
                0.0008428875589743257,
                0.004897337406873703
            ],
            [
                -0.000230182777158916,
                0.007526565343141556
            ],
            [
                -0.0003291625762358308,
                0.008571706712245941
            ],
            [
                -0.0005562828155234456,
                0.01553749293088913
            ]
        ],
        [
            [
                0.018903978168964386,
                0.01887020468711853
            ],
            [
                -0.0010137241333723068,
                0.37789973616600037
            ],
            [
                -0.029358502477407455,
                1.0028085708618164
            ],
            [
                -0.10388800501823425,
                1.6254312992095947
            ],
            [
                -0.13342377543449402,
                2.265754222869873
            ],
            [
                -0.1862030178308487,
                3.0802042484283447
            ]
        ],
        [
            [
                0.054608240723609924,
                0.23299798369407654
            ],
            [
                0.05857423320412636,
                0.7841154336929321
            ],
            [
                0.05907291918992996,
                1.6763670444488525
            ],
            [
                -0.06085166335105896,
                2.581061840057373
            ],
            [
                -0.07508490979671478,
                3.50213885307312
            ],
            [
                -0.09911102801561356,
                4.543743133544922
            ]
        ]
    ],
    "tl_trigger": 0.999998927116394,
    "tl_status": 0
}