{
    "speed": 7.456882978024673,
    "steer": 0.3623293340206146,
    "throttle": 0.75,
    "brake": 0.0,
    "wp_6": [
        14.481376647949219,
        19.785507202148438
    ],
    "wp_5": [
        11.25263786315918,
        16.25343894958496
    ],
    "wp_4": [
        8.131804466247559,
        12.792743682861328
    ],
    "wp_3": [
        5.640569686889648,
        8.68227481842041
    ],
    "wp_2": [
        3.21987247467041,
        5.729071617126465
    ],
    "wp_1": [
        1.2095054388046265,
        2.787052631378174
    ],
    "aim": [
        8.131804466247559,
        12.792743682861328
    ],
    "target": [
        2.881954358329178,
        6.859742897031939
    ],
    "desired_speed": 8.653505992889404,
    "angle": 0.36047102239193785,
    "angle_last": 0.4714566634902445,
    "angle_target": 0.2532058677890519,
    "angle_final": 0.2532058677890519,
    "delta": 0.25,
    "agent": "only_traj",
    "steer_traj": 0.3623293286946433,
    "throttle_traj": 0.75,
    "brake_traj": 0.0,
    "plan": [
        [
            1.2095054388046265,
            2.787052631378174
        ],
        [
            3.21987247467041,
            5.729071617126465
        ],
        [
            5.640569686889648,
            8.68227481842041
        ],
        [
            8.131804466247559,
            12.792743682861328
        ],
        [
            11.25263786315918,
            16.25343894958496
        ],
        [
            14.481376647949219,
            19.785507202148438
        ]
    ],
    "command": 1,
    "all_plan": [
        [
            [
                1.0087478160858154,
                3.0201478004455566
            ],
            [
                2.8364059925079346,
                6.386240005493164
            ],
            [
                5.0490827560424805,
                9.724591255187988
            ],
            [
                7.595868110656738,
                13.928024291992188
            ],
            [
                10.502145767211914,
                17.54530143737793
            ],
            [
                13.421123504638672,
                21.19232940673828
            ]
        ],
        [
            [
                1.2095054388046265,
                2.787052631378174
            ],
            [
                3.21987247467041,
                5.729071617126465
            ],
            [
                5.640569686889648,
                8.68227481842041
            ],
            [
                8.131804466247559,
                12.792743682861328
            ],
            [
                11.25263786315918,
                16.25343894958496
            ],
            [
                14.481376647949219,
                19.785507202148438
            ]
        ],
        [
            [
                0.8280189633369446,
                2.8967037200927734
            ],
            [
                2.5337655544281006,
                6.2456512451171875
            ],
            [
                4.751555919647217,
                9.650126457214355
            ],
            [
                7.5458598136901855,
                13.844976425170898
            ],
            [
                10.673995971679688,
                17.525959014892578
            ],
            [
                13.8856201171875,
                21.223724365234375
            ]
        ],
        [
            [
                0.7782148718833923,
                2.8706564903259277
            ],
            [
                2.4192662239074707,
                6.185962677001953
            ],
            [
                4.5990095138549805,
                9.567310333251953
            ],
            [
                7.374265193939209,
                13.675374984741211
            ],
            [
                10.50023365020752,
                17.32676887512207
            ],
            [
                13.739407539367676,
                21.005844116210938
            ]
        ],
        [
            [
                0.9388452768325806,
                2.803154945373535
            ],
            [
                2.741253614425659,
                5.968547821044922
            ],
            [
                5.035735607147217,
                9.17034912109375
            ],
            [
                7.764472484588623,
                13.28060531616211
            ],
            [
                10.92351245880127,
                16.789005279541016
            ],
            [
                14.16026782989502,
                20.315662384033203
            ]
        ],
        [
            [
                1.2269476652145386,
                2.8354549407958984
            ],
            [
                3.2113428115844727,
                5.855683326721191
            ],
            [
                5.528271675109863,
                8.879659652709961
            ],
            [
                7.849047660827637,
                13.038564682006836
            ],
            [
                10.74317741394043,
                16.5927677154541
            ],
            [
                13.701716423034668,
                20.219051361083984
            ]
        ]
    ],
    "tl_trigger": 3.5701671663446177e-07,
    "tl_status": 0
}