{
    "speed": 1.35970412049085,
    "steer": 0.003016340546309948,
    "throttle": 0.75,
    "brake": 0.0,
    "wp_6": [
        0.14400622248649597,
        14.510680198669434
    ],
    "wp_5": [
        0.09722523391246796,
        11.995800018310547
    ],
    "wp_4": [
        0.053899265825748444,
        9.19131088256836
    ],
    "wp_3": [
        -0.010571300983428955,
        6.171338081359863
    ],
    "wp_2": [
        -0.004605675116181374,
        3.595780372619629
    ],
    "wp_1": [
        -0.0158284530043602,
        1.5041134357452393
    ],
    "aim": [
        0.053899265825748444,
        9.19131088256836
    ],
    "target": [
        0.9142366096224821,
        24.64926847937145
    ],
    "desired_speed": 5.203224658966065,
    "angle": 0.003733201790812222,
    "angle_last": 0.011840864008589693,
    "angle_target": 0.023601286032272552,
    "angle_final": 0.003733201790812222,
    "delta": 0.25,
    "agent": "only_traj",
    "steer_traj": 0.003016340431263599,
    "throttle_traj": 0.75,
    "brake_traj": 0.0,
    "plan": [
        [
            -0.0158284530043602,
            1.5041134357452393
        ],
        [
            -0.004605675116181374,
            3.595780372619629
        ],
        [
            -0.010571300983428955,
            6.171338081359863
        ],
        [
            0.053899265825748444,
            9.19131088256836
        ],
        [
            0.09722523391246796,
            11.995800018310547
        ],
        [
            0.14400622248649597,
            14.510680198669434
        ]
    ],
    "command": 3,
    "all_plan": [
        [
            [
                0.023033417761325836,
                1.575980544090271
            ],
            [
                0.038246989250183105,
                3.701728343963623
            ],
            [
                0.02291359193623066,
                6.2361555099487305
            ],
            [
                0.026528699323534966,
                9.15503215789795
            ],
            [
                0.03628890588879585,
                11.904772758483887
            ],
            [
                0.059382542967796326,
                14.450671195983887
            ]
        ],
        [
            [
                0.022659622132778168,
                1.567426323890686
            ],
            [
                0.03668446093797684,
                3.698610782623291
            ],
            [
                0.02564094401896,
                6.223771095275879
            ],
            [
                0.036052294075489044,
                9.106082916259766
            ],
            [
                0.05153028666973114,
                11.833785057067871
            ],
            [
                0.08449120074510574,
                14.398704528808594
            ]
        ],
        [
            [
                -0.005622953176498413,
                1.623574137687683
            ],
            [
                -0.0015174616128206253,
                3.898024082183838
            ],
            [
                -0.017034567892551422,
                6.62975549697876
            ],
            [
                0.033187467604875565,
                9.777261734008789
            ],
            [
                0.052169136703014374,
                12.735810279846191
            ],
            [
                0.0811774879693985,
                15.47348403930664
            ]
        ],
        [
            [
                -0.0158284530043602,
                1.5041134357452393
            ],
            [
                -0.004605675116181374,
                3.595780372619629
            ],
            [
                -0.010571300983428955,
                6.171338081359863
            ],
            [
                0.053899265825748444,
                9.19131088256836
            ],
            [
                0.09722523391246796,
                11.995800018310547
            ],
            [
                0.14400622248649597,
                14.510680198669434
            ]
        ],
        [
            [
                0.00420038029551506,
                1.686728835105896
            ],
            [
                0.0030986126512289047,
                3.978059768676758
            ],
            [
                -0.019999787211418152,
                6.668352127075195
            ],
            [
                0.002654295414686203,
                9.723198890686035
            ],
            [
                -0.002784980461001396,
                12.606005668640137
            ],
            [
                -0.0019443822093307972,
                15.303232192993164
            ]
        ],
        [
            [
                0.028897471725940704,
                1.5836803913116455
            ],
            [
                0.043235793709754944,
                3.734060287475586
            ],
            [
                0.033011846244335175,
                6.258870601654053
            ],
            [
                0.045214105397462845,
                9.108342170715332
            ],
            [
                0.06250765174627304,
                11.798115730285645
            ],
            [
                0.10765625536441803,
                14.334399223327637
            ]
        ]
    ],
    "tl_trigger": 6.042727136446047e-07,
    "tl_status": 0
}