{
    "speed": 8.313346923509627,
    "steer": -0.007360507268458605,
    "throttle": 0.75,
    "brake": 0.0,
    "wp_6": [
        -0.18090403079986572,
        25.831880569458008
    ],
    "wp_5": [
        -0.11485429853200912,
        21.517566680908203
    ],
    "wp_4": [
        -0.08252090215682983,
        17.14362144470215
    ],
    "wp_3": [
        -0.08975238353013992,
        12.815532684326172
    ],
    "wp_2": [
        -0.05182623863220215,
        8.532493591308594
    ],
    "wp_1": [
        -0.016784586012363434,
        4.243838787078857
    ],
    "aim": [
        -0.08252090215682983,
        17.14362144470215
    ],
    "target": [
        0.1681229094225487,
        12.431361927527625
    ],
    "desired_speed": 8.635593795776366,
    "angle": -0.0030643542531660233,
    "angle_last": -0.009745493517290942,
    "angle_target": 0.008609180904025142,
    "angle_final": -0.0030643542531660233,
    "delta": 0.25,
    "agent": "only_traj",
    "steer_traj": -0.007360507142777324,
    "throttle_traj": 0.75,
    "brake_traj": 0.0,
    "plan": [
        [
            -0.016784586012363434,
            4.243838787078857
        ],
        [
            -0.05182623863220215,
            8.532493591308594
        ],
        [
            -0.08975238353013992,
            12.815532684326172
        ],
        [
            -0.08252090215682983,
            17.14362144470215
        ],
        [
            -0.11485429853200912,
            21.517566680908203
        ],
        [
            -0.18090403079986572,
            25.831880569458008
        ]
    ],
    "command": 2,
    "all_plan": [
        [
            [
                0.02617155760526657,
                4.113267421722412
            ],
            [
                -0.002415655180811882,
                8.214639663696289
            ],
            [
                -0.04679141193628311,
                12.259746551513672
            ],
            [
                -0.14201465249061584,
                16.269559860229492
            ],
            [
                -0.223188579082489,
                20.319442749023438
            ],
            [
                -0.32249322533607483,
                24.31149673461914
            ]
        ],
        [
            [
                0.05187036842107773,
                4.120833396911621
            ],
            [
                0.11388838291168213,
                8.28547477722168
            ],
            [
                0.15858280658721924,
                12.379359245300293
            ],
            [
                0.31776297092437744,
                16.460529327392578
            ],
            [
                0.35501882433891296,
                20.57067108154297
            ],
            [
                0.34258919954299927,
                24.60803985595703
            ]
        ],
        [
            [
                -0.016784586012363434,
                4.243838787078857
            ],
            [
                -0.05182623863220215,
                8.532493591308594
            ],
            [
                -0.08975238353013992,
                12.815532684326172
            ],
            [
                -0.08252090215682983,
                17.14362144470215
            ],
            [
                -0.11485429853200912,
                21.517566680908203
            ],
            [
                -0.18090403079986572,
                25.831880569458008
            ]
        ],
        [
            [
                -0.03383571654558182,
                4.14825963973999
            ],
            [
                -0.10407949984073639,
                8.311124801635742
            ],
            [
                -0.18340536952018738,
                12.47314739227295
            ],
            [
                -0.2556231617927551,
                16.649208068847656
            ],
            [
                -0.35508599877357483,
                20.876678466796875
            ],
            [
                -0.4878356456756592,
                25.052995681762695
            ]
        ],
        [
            [
                -0.020399071276187897,
                4.2353715896606445
            ],
            [
                -0.08508040010929108,
                8.496800422668457
            ],
            [
                -0.1650168001651764,
                12.739323616027832
            ],
            [
                -0.24597784876823425,
                16.996814727783203
            ],
            [
                -0.3520916998386383,
                21.285429000854492
            ],
            [
                -0.4740596413612366,
                25.496623992919922
            ]
        ],
        [
            [
                0.08027943223714828,
                4.099124431610107
            ],
            [
                0.18066759407520294,
                8.24566650390625
            ],
            [
                0.24808719754219055,
                12.294869422912598
            ],
            [
                0.4646616578102112,
                16.29045867919922
            ],
            [
                0.5013052225112915,
                20.306007385253906
            ],
            [
                0.4778321087360382,
                24.2403564453125
            ]
        ]
    ],
    "tl_trigger": 4.7174495421131724e-07,
    "tl_status": 0
}