{
    "speed": -1.677256876472186e-05,
    "steer": 0.014426524750888348,
    "throttle": 0.0,
    "brake": 1.0,
    "wp_6": [
        0.007979987189173698,
        0.22732695937156677
    ],
    "wp_5": [
        0.0046415915712714195,
        0.18823394179344177
    ],
    "wp_4": [
        0.0012443847954273224,
        0.18978849053382874
    ],
    "wp_3": [
        -0.02108202502131462,
        0.20634116232395172
    ],
    "wp_2": [
        -0.017500706017017365,
        0.19603927433490753
    ],
    "wp_1": [
        -0.00966244749724865,
        0.14361780881881714
    ],
    "aim": [
        0.0046415915712714195,
        0.18823394179344177
    ],
    "target": [
        -0.7725035712995114,
        10.657521857626838
    ],
    "desired_speed": 0.05387012576684355,
    "angle": 0.01569498797524633,
    "angle_last": 0.05423334378416317,
    "angle_target": -0.04606441086741509,
    "angle_final": 0.01569498797524633,
    "delta": 0.05388689833560827,
    "log_entries": [
        "norm1:0.17",
        "norm2:0.20",
        "norm3:0.20",
        "norm4:0.19",
        "norm5:0.21",
        " ",
        " ",
        " ",
        " ",
        " ",
        " ",
        " ",
        " ",
        " ",
        " ",
        " ",
        " ",
        " ",
        " ",
        " "
    ],
    "agent": "only_traj",
    "steer_traj": 0.014426524452517507,
    "throttle_traj": 0.0,
    "brake_traj": 1.0,
    "plan": [
        [
            -0.00966244749724865,
            0.14361780881881714
        ],
        [
            -0.017500706017017365,
            0.19603927433490753
        ],
        [
            -0.02108202502131462,
            0.20634116232395172
        ],
        [
            0.0012443847954273224,
            0.18978849053382874
        ],
        [
            0.0046415915712714195,
            0.18823394179344177
        ],
        [
            0.007979987189173698,
            0.22732695937156677
        ]
    ],
    "command": 3,
    "redefined_command": 3,
    "cmd_softmax_output": [
        0.9999630451202393,
        3.080594615312293e-05,
        6.229583959793672e-06
    ],
    "all_plan": [
        [
            [
                -0.008714019320905209,
                0.1863248348236084
            ],
            [
                -0.016655661165714264,
                0.2506798207759857
            ],
            [
                -0.019937753677368164,
                0.274836003780365
            ],
            [
                -0.0002595987170934677,
                0.2643752098083496
            ],
            [
                0.002831554738804698,
                0.2842136323451996
            ],
            [
                0.004924180917441845,
                0.3555671274662018
            ]
        ],
        [
            [
                -0.003674951381981373,
                0.11972573399543762
            ],
            [
                -0.010004889219999313,
                0.15444311499595642
            ],
            [
                -0.012352647259831429,
                0.16473238170146942
            ],
            [
                -0.0014545246958732605,
                0.14714612066745758
            ],
            [
                -0.0007786613423377275,
                0.1595638245344162
            ],
            [
                -0.0013887386303395033,
                0.2173646092414856
            ]
        ],
        [
            [
                -0.008378010243177414,
                0.11343276500701904
            ],
            [
                -0.015015147626399994,
                0.15805527567863464
            ],
            [
                -0.017844555899500847,
                0.16521355509757996
            ],
            [
                0.0016494300216436386,
                0.15405037999153137
            ],
            [
                0.00492241233587265,
                0.14906448125839233
            ],
            [
                0.008480092510581017,
                0.17412430047988892
            ]
        ],
        [
            [
                -0.00966244749724865,
                0.14361780881881714
            ],
            [
                -0.017500706017017365,
                0.19603927433490753
            ],
            [
                -0.02108202502131462,
                0.20634116232395172
            ],
            [
                0.0012443847954273224,
                0.18978849053382874
            ],
            [
                0.0046415915712714195,
                0.18823394179344177
            ],
            [
                0.007979987189173698,
                0.22732695937156677
            ]
        ],
        [
            [
                -0.006426021456718445,
                0.1284458041191101
            ],
            [
                -0.013369928114116192,
                0.1709372103214264
            ],
            [
                -0.016240570694208145,
                0.18094931542873383
            ],
            [
                -0.00012581050395965576,
                0.16434346139431
            ],
            [
                0.001841827528551221,
                0.16976219415664673
            ],
            [
                0.003142014844343066,
                0.2173415571451187
            ]
        ],
        [
            [
                -0.0061966897919774055,
                0.16818508505821228
            ],
            [
                -0.012490193359553814,
                0.22796040773391724
            ],
            [
                -0.014523623511195183,
                0.2556585967540741
            ],
            [
                -0.0006508342921733856,
                0.2560446560382843
            ],
            [
                0.002000064356252551,
                0.283801794052124
            ],
            [
                0.003548593493178487,
                0.3548145890235901
            ]
        ]
    ],
    "tl_trigger": 5.416396788859856e-07,
    "tl_status": 0
}