{
    "speed": 0.5909119439848916,
    "steer": -0.01095409132540226,
    "throttle": 0.75,
    "brake": 0.0,
    "wp_6": [
        -0.13798996806144714,
        8.372549057006836
    ],
    "wp_5": [
        -0.08787108957767487,
        6.514120101928711
    ],
    "wp_4": [
        -0.06808262318372726,
        4.692416191101074
    ],
    "wp_3": [
        -0.021785715594887733,
        2.9656670093536377
    ],
    "wp_2": [
        0.0008606649935245514,
        1.5707120895385742
    ],
    "wp_1": [
        0.004283566027879715,
        0.5874074697494507
    ],
    "aim": [
        -0.021785715594887733,
        2.9656670093536377
    ],
    "target": [
        0.018556686622728247,
        14.402199334586706
    ],
    "desired_speed": 3.114693975448608,
    "angle": -0.004676506570261366,
    "angle_last": -0.01716444499375879,
    "angle_target": 0.0008202599340457778,
    "angle_final": -0.004676506570261366,
    "delta": 0.25,
    "log_entries": [
        "norm1:1.08",
        "norm2:2.27",
        "norm3:3.83",
        "norm4:5.60",
        "norm5:7.44",
        " ",
        " ",
        " ",
        " ",
        " ",
        " ",
        " ",
        " ",
        " ",
        " ",
        " ",
        " "
    ],
    "agent": "only_traj",
    "steer_traj": -0.010954091380581982,
    "throttle_traj": 0.75,
    "brake_traj": 0.0,
    "plan": [
        [
            0.004283566027879715,
            0.5874074697494507
        ],
        [
            0.0008606649935245514,
            1.5707120895385742
        ],
        [
            -0.021785715594887733,
            2.9656670093536377
        ],
        [
            -0.06808262318372726,
            4.692416191101074
        ],
        [
            -0.08787108957767487,
            6.514120101928711
        ],
        [
            -0.13798996806144714,
            8.372549057006836
        ]
    ],
    "command": 3,
    "redefined_command": 3,
    "cmd_softmax_output": [
        0.9999486207962036,
        4.898885890725069e-05,
        2.4220123577833874e-06
    ],
    "all_plan": [
        [
            [
                0.018944978713989258,
                0.6307249069213867
            ],
            [
                0.0179103072732687,
                1.6550579071044922
            ],
            [
                0.0030960068106651306,
                3.098876476287842
            ],
            [
                -0.07421080768108368,
                4.8098955154418945
            ],
            [
                -0.09846765547990799,
                6.587098121643066
            ],
            [
                -0.1604887694120407,
                8.417409896850586
            ]
        ],
        [
            [
                0.020055212080478668,
                0.6078372001647949
            ],
            [
                0.020559439435601234,
                1.6197996139526367
            ],
            [
                0.009333081543445587,
                3.0553665161132812
            ],
            [
                -0.05934218317270279,
                4.7444658279418945
            ],
            [
                -0.07611817121505737,
                6.492858409881592
            ],
            [
                -0.1254095733165741,
                8.304061889648438
            ]
        ],
        [
            [
                0.014954671263694763,
                0.6770962476730347
            ],
            [
                0.011307179927825928,
                1.7657312154769897
            ],
            [
                -0.01144186221063137,
                3.280048370361328
            ],
            [
                -0.07390553504228592,
                5.097837924957275
            ],
            [
                -0.10391244292259216,
                6.987933158874512
            ],
            [
                -0.16404998302459717,
                8.91650104522705
            ]
        ],
        [
            [
                0.004283566027879715,
                0.5874074697494507
            ],
            [
                0.0008606649935245514,
                1.5707120895385742
            ],
            [
                -0.021785715594887733,
                2.9656670093536377
            ],
            [
                -0.06808262318372726,
                4.692416191101074
            ],
            [
                -0.08787108957767487,
                6.514120101928711
            ],
            [
                -0.13798996806144714,
                8.372549057006836
            ]
        ],
        [
            [
                0.017236284911632538,
                0.73160719871521
            ],
            [
                0.01004825159907341,
                1.85231351852417
            ],
            [
                -0.01514020748436451,
                3.3790500164031982
            ],
            [
                -0.09090224653482437,
                5.169037342071533
            ],
            [
                -0.1316414177417755,
                7.011281490325928
            ],
            [
                -0.20978233218193054,
                8.895598411560059
            ]
        ],
        [
            [
                0.029975101351737976,
                0.5683801174163818
            ],
            [
                0.0321747362613678,
                1.5615408420562744
            ],
            [
                0.021378671750426292,
                3.006073474884033
            ],
            [
                -0.05918298661708832,
                4.694416046142578
            ],
            [
                -0.08215544372797012,
                6.4431471824646
            ],
            [
                -0.13128076493740082,
                8.255287170410156
            ]
        ]
    ],
    "tl_trigger": 1.6876200561455335e-06,
    "tl_status": 0
}