{
    "speed": 6.619114044718156,
    "steer": 0.0019522461807355285,
    "throttle": 0.75,
    "brake": 0.0,
    "wp_6": [
        0.10193821787834167,
        20.65418815612793
    ],
    "wp_5": [
        0.07842154055833817,
        17.410079956054688
    ],
    "wp_4": [
        0.06850892305374146,
        13.99632453918457
    ],
    "wp_3": [
        0.11265521496534348,
        10.501550674438477
    ],
    "wp_2": [
        0.09003157168626785,
        7.004192352294922
    ],
    "wp_1": [
        0.06210831552743912,
        3.4512686729431152
    ],
    "aim": [
        0.06850892305374146,
        13.99632453918457
    ],
    "target": [
        -0.39300451820655,
        10.257007533620653
    ],
    "desired_speed": 6.881392288208007,
    "angle": 0.003116056253806181,
    "angle_last": 0.004614827430679313,
    "angle_target": -0.024380611747590385,
    "angle_final": 0.003116056253806181,
    "delta": 0.25,
    "agent": "only_traj",
    "steer_traj": 0.0019522461228141778,
    "throttle_traj": 0.75,
    "brake_traj": 0.0,
    "plan": [
        [
            0.06210831552743912,
            3.4512686729431152
        ],
        [
            0.09003157168626785,
            7.004192352294922
        ],
        [
            0.11265521496534348,
            10.501550674438477
        ],
        [
            0.06850892305374146,
            13.99632453918457
        ],
        [
            0.07842154055833817,
            17.410079956054688
        ],
        [
            0.10193821787834167,
            20.65418815612793
        ]
    ],
    "command": 3,
    "all_plan": [
        [
            [
                0.13497745990753174,
                3.300142765045166
            ],
            [
                0.18277058005332947,
                6.669027328491211
            ],
            [
                0.2066991925239563,
                9.994218826293945
            ],
            [
                0.029294773936271667,
                13.258302688598633
            ],
            [
                -0.023974813520908356,
                16.49944305419922
            ],
            [
                -0.04641886055469513,
                19.605792999267578
            ]
        ],
        [
            [
                0.1249985322356224,
                3.2185373306274414
            ],
            [
                0.19600653648376465,
                6.5940446853637695
            ],
            [
                0.27037540078163147,
                9.997894287109375
            ],
            [
                0.1381836086511612,
                13.393810272216797
            ],
            [
                0.152954563498497,
                16.832611083984375
            ],
            [
                0.19784939289093018,
                20.162153244018555
            ]
        ],
        [
            [
                0.07707802206277847,
                3.495626926422119
            ],
            [
                0.11954141408205032,
                7.112601280212402
            ],
            [
                0.16351109743118286,
                10.762505531311035
            ],
            [
                0.09925628453493118,
                14.42799186706543
            ],
            [
                0.12973253428936005,
                18.145578384399414
            ],
            [
                0.16637319326400757,
                21.81608772277832
            ]
        ],
        [
            [
                0.06210831552743912,
                3.4512686729431152
            ],
            [
                0.09003157168626785,
                7.004192352294922
            ],
            [
                0.11265521496534348,
                10.501550674438477
            ],
            [
                0.06850892305374146,
                13.99632453918457
            ],
            [
                0.07842154055833817,
                17.410079956054688
            ],
            [
                0.10193821787834167,
                20.65418815612793
            ]
        ],
        [
            [
                0.07315618544816971,
                3.392855167388916
            ],
            [
                0.10055956989526749,
                6.937955856323242
            ],
            [
                0.13781064748764038,
                10.549592971801758
            ],
            [
                0.026141084730625153,
                14.159423828125
            ],
            [
                0.021108103916049004,
                17.854658126831055
            ],
            [
                0.013994909822940826,
                21.49967384338379
            ]
        ],
        [
            [
                0.13071927428245544,
                3.1091079711914062
            ],
            [
                0.20713534951210022,
                6.329441070556641
            ],
            [
                0.2900291383266449,
                9.535388946533203
            ],
            [
                0.16433797776699066,
                12.710163116455078
            ],
            [
                0.17799271643161774,
                15.900836944580078
            ],
            [
                0.22600507736206055,
                18.943506240844727
            ]
        ]
    ],
    "tl_trigger": 4.93327604544902e-07,
    "tl_status": 0
}