{
    "speed": 7.494416752277782,
    "steer": 0.004016855265945196,
    "throttle": 0.05416623875498772,
    "brake": 0.0,
    "wp_6": [
        -0.11196661740541458,
        21.601722717285156
    ],
    "wp_5": [
        -0.06677421927452087,
        18.442276000976562
    ],
    "wp_4": [
        -0.046933479607105255,
        14.951837539672852
    ],
    "wp_3": [
        0.007560443133115768,
        11.264036178588867
    ],
    "wp_2": [
        0.020046712830662727,
        7.540287971496582
    ],
    "wp_1": [
        0.026410631835460663,
        3.7888693809509277
    ],
    "aim": [
        0.020046712830662727,
        7.540287971496582
    ],
    "target": [
        -3.39953262240341,
        30.6950471645271
    ],
    "desired_speed": 7.1254647254943855,
    "angle": 0.0016924930487939678,
    "angle_last": -0.009105504792060745,
    "angle_target": -0.07022062945865054,
    "angle_final": 0.0016924930487939678,
    "delta": 0.0,
    "log_entries": [
        "norm1:5.66",
        "norm2:9.40",
        "norm3:13.11",
        "norm4:16.70",
        "norm5:20.02",
        " ",
        " ",
        " "
    ],
    "agent": "only_traj",
    "steer_traj": 0.004016855119649103,
    "throttle_traj": 0.054166239420391324,
    "brake_traj": 0.0,
    "plan": [
        [
            0.026410631835460663,
            3.7888693809509277
        ],
        [
            0.020046712830662727,
            7.540287971496582
        ],
        [
            0.007560443133115768,
            11.264036178588867
        ],
        [
            -0.046933479607105255,
            14.951837539672852
        ],
        [
            -0.06677421927452087,
            18.442276000976562
        ],
        [
            -0.11196661740541458,
            21.601722717285156
        ]
    ],
    "command": 3,
    "redefined_command": 3,
    "cmd_softmax_output": [
        0.9990573525428772,
        0.0008822364616207778,
        6.038797437213361e-05
    ],
    "all_plan": [
        [
            [
                0.07298456877470016,
                3.753248691558838
            ],
            [
                0.0895860493183136,
                7.483234405517578
            ],
            [
                0.09578978270292282,
                11.187094688415527
            ],
            [
                -0.021937042474746704,
                14.842879295349121
            ],
            [
                -0.049759022891521454,
                18.434911727905273
            ],
            [
                -0.08594509959220886,
                21.818235397338867
            ]
        ],
        [
            [
                0.07309477776288986,
                3.729602813720703
            ],
            [
                0.09847930073738098,
                7.457437992095947
            ],
            [
                0.11604323238134384,
                11.150537490844727
            ],
            [
                0.02267676591873169,
                14.811177253723145
            ],
            [
                0.01608935557305813,
                18.395282745361328
            ],
            [
                0.00821232795715332,
                21.764375686645508
            ]
        ],
        [
            [
                0.027294926345348358,
                3.833754539489746
            ],
            [
                0.022769348695874214,
                7.673248291015625
            ],
            [
                0.0223272405564785,
                11.516714096069336
            ],
            [
                -0.04237237200140953,
                15.34127140045166
            ],
            [
                -0.04796051234006882,
                19.147035598754883
            ],
            [
                -0.08215782046318054,
                22.79652214050293
            ]
        ],
        [
            [
                0.026410631835460663,
                3.7888693809509277
            ],
            [
                0.020046712830662727,
                7.540287971496582
            ],
            [
                0.007560443133115768,
                11.264036178588867
            ],
            [
                -0.046933479607105255,
                14.951837539672852
            ],
            [
                -0.06677421927452087,
                18.442276000976562
            ],
            [
                -0.11196661740541458,
                21.601722717285156
            ]
        ],
        [
            [
                0.029383458197116852,
                3.81461238861084
            ],
            [
                0.017017120495438576,
                7.647221088409424
            ],
            [
                0.0064874328672885895,
                11.461710929870605
            ],
            [
                -0.07518665492534637,
                15.236551284790039
            ],
            [
                -0.10261363536119461,
                18.989727020263672
            ],
            [
                -0.15650109946727753,
                22.60085678100586
            ]
        ],
        [
            [
                0.08253290504217148,
                3.6750173568725586
            ],
            [
                0.108009472489357,
                7.341946601867676
            ],
            [
                0.1235470399260521,
                10.975008010864258
            ],
            [
                0.007141977548599243,
                14.5601224899292
            ],
            [
                -0.010497624054551125,
                18.106332778930664
            ],
            [
                -0.028086096048355103,
                21.47969627380371
            ]
        ]
    ],
    "tl_trigger": 3.981019835919142e-05,
    "tl_status": 0
}