{
    "speed": 1.8945375363692047,
    "steer": 0.003427990013733506,
    "throttle": 0.75,
    "brake": 0.0,
    "wp_6": [
        0.10887882113456726,
        7.281641960144043
    ],
    "wp_5": [
        0.08233791589736938,
        6.13748836517334
    ],
    "wp_4": [
        0.0238179974257946,
        5.008520126342773
    ],
    "wp_3": [
        0.047891758382320404,
        3.8253042697906494
    ],
    "wp_2": [
        0.022060222923755646,
        2.7033934593200684
    ],
    "wp_1": [
        0.0009558313759043813,
        1.4601200819015503
    ],
    "aim": [
        0.0238179974257946,
        5.008520126342773
    ],
    "target": [
        0.8384921264927394,
        27.74456569190072
    ],
    "desired_speed": 2.3296266078948977,
    "angle": 0.0030274155765775707,
    "angle_last": 0.014765019774253705,
    "angle_target": 0.019233973391029873,
    "angle_final": 0.0030274155765775707,
    "delta": 0.25,
    "agent": "only_traj",
    "steer_traj": 0.0034279900002363315,
    "throttle_traj": 0.75,
    "brake_traj": 0.0,
    "plan": [
        [
            0.0009558313759043813,
            1.4601200819015503
        ],
        [
            0.022060222923755646,
            2.7033934593200684
        ],
        [
            0.047891758382320404,
            3.8253042697906494
        ],
        [
            0.0238179974257946,
            5.008520126342773
        ],
        [
            0.08233791589736938,
            6.13748836517334
        ],
        [
            0.10887882113456726,
            7.281641960144043
        ]
    ],
    "command": 3,
    "all_plan": [
        [
            [
                0.019091852009296417,
                1.6267014741897583
            ],
            [
                0.0442575067281723,
                2.9520039558410645
            ],
            [
                0.07576154172420502,
                4.06220817565918
            ],
            [
                0.04602191969752312,
                5.11884069442749
            ],
            [
                0.1050303727388382,
                6.1155104637146
            ],
            [
                0.14822539687156677,
                7.130560874938965
            ]
        ],
        [
            [
                0.020502399653196335,
                1.5350801944732666
            ],
            [
                0.037221841514110565,
                2.9226324558258057
            ],
            [
                0.06117519736289978,
                4.222452163696289
            ],
            [
                0.027728911489248276,
                5.482532501220703
            ],
            [
                0.06943751871585846,
                6.635993003845215
            ],
            [
                0.0972832664847374,
                7.767088890075684
            ]
        ],
        [
            [
                0.011842630803585052,
                1.6615127325057983
            ],
            [
                0.03174417465925217,
                3.1094813346862793
            ],
            [
                0.05356990918517113,
                4.391360759735107
            ],
            [
                0.03071637451648712,
                5.664079666137695
            ],
            [
                0.08237528055906296,
                6.874987602233887
            ],
            [
                0.11366234719753265,
                8.099123001098633
            ]
        ],
        [
            [
                0.0009558313759043813,
                1.4601200819015503
            ],
            [
                0.022060222923755646,
                2.7033934593200684
            ],
            [
                0.047891758382320404,
                3.8253042697906494
            ],
            [
                0.0238179974257946,
                5.008520126342773
            ],
            [
                0.08233791589736938,
                6.13748836517334
            ],
            [
                0.10887882113456726,
                7.281641960144043
            ]
        ],
        [
            [
                0.010949887335300446,
                1.6767767667770386
            ],
            [
                0.024719635024666786,
                3.204979419708252
            ],
            [
                0.04185820370912552,
                4.596956253051758
            ],
            [
                0.026115212589502335,
                5.956531524658203
            ],
            [
                0.07011349499225616,
                7.22576379776001
            ],
            [
                0.09761016815900803,
                8.495800971984863
            ]
        ],
        [
            [
                0.02225572243332863,
                1.5533571243286133
            ],
            [
                0.034630801528692245,
                2.94305157661438
            ],
            [
                0.05864696577191353,
                4.23541784286499
            ],
            [
                0.020854905247688293,
                5.446845054626465
            ],
            [
                0.05357594043016434,
                6.530220985412598
            ],
            [
                0.07649478316307068,
                7.557371616363525
            ]
        ]
    ],
    "tl_trigger": 5.363831405702513e-07,
    "tl_status": 0
}