{
    "speed": 1.9625533997166187,
    "steer": -0.010021903552114964,
    "throttle": 0.16509124636650085,
    "brake": 0.0,
    "wp_6": [
        -0.06489985436201096,
        6.344437599182129
    ],
    "wp_5": [
        -0.033406972885131836,
        5.363485813140869
    ],
    "wp_4": [
        -0.057679761201143265,
        4.38469123840332
    ],
    "wp_3": [
        0.002879114355891943,
        3.289212703704834
    ],
    "wp_2": [
        -0.004575053229928017,
        2.3600172996520996
    ],
    "wp_1": [
        -0.015228204429149628,
        1.337587833404541
    ],
    "aim": [
        -0.057679761201143265,
        4.38469123840332
    ],
    "target": [
        -0.611771402775308,
        9.913418067735993
    ],
    "desired_speed": 2.003765606880188,
    "angle": -0.008374143313933937,
    "angle_last": -0.02043124858278511,
    "angle_target": -0.03923697093408632,
    "angle_final": -0.008374143313933937,
    "delta": 0.041212207163569214,
    "agent": "only_traj",
    "steer_traj": -0.01002190347202244,
    "throttle_traj": 0.16509124789923663,
    "brake_traj": 0.0,
    "plan": [
        [
            -0.015228204429149628,
            1.337587833404541
        ],
        [
            -0.004575053229928017,
            2.3600172996520996
        ],
        [
            0.002879114355891943,
            3.289212703704834
        ],
        [
            -0.057679761201143265,
            4.38469123840332
        ],
        [
            -0.033406972885131836,
            5.363485813140869
        ],
        [
            -0.06489985436201096,
            6.344437599182129
        ]
    ],
    "command": 3,
    "all_plan": [
        [
            [
                -0.004593987017869949,
                1.6540749073028564
            ],
            [
                0.004525838419795036,
                2.7895848751068115
            ],
            [
                0.013381114229559898,
                3.643280267715454
            ],
            [
                -0.03580222278833389,
                4.50300931930542
            ],
            [
                -0.02076578326523304,
                5.345120906829834
            ],
            [
                -0.04066654294729233,
                6.235948085784912
            ]
        ],
        [
            [
                0.008708707988262177,
                1.6768274307250977
            ],
            [
                0.03093649260699749,
                2.875783681869507
            ],
            [
                0.05586317181587219,
                3.778719902038574
            ],
            [
                0.016787052154541016,
                4.668687343597412
            ],
            [
                0.05967935174703598,
                5.519168853759766
            ],
            [
                0.08324884623289108,
                6.407532691955566
            ]
        ],
        [
            [
                -0.010521728545427322,
                1.5595954656600952
            ],
            [
                0.0026162881404161453,
                2.7651400566101074
            ],
            [
                0.013241615146398544,
                3.7998526096343994
            ],
            [
                -0.03208400309085846,
                4.954172134399414
            ],
            [
                -0.0038642901927232742,
                6.024088382720947
            ],
            [
                -0.021972566843032837,
                7.084934711456299
            ]
        ],
        [
            [
                -0.015228204429149628,
                1.337587833404541
            ],
            [
                -0.004575053229928017,
                2.3600172996520996
            ],
            [
                0.002879114355891943,
                3.289212703704834
            ],
            [
                -0.057679761201143265,
                4.38469123840332
            ],
            [
                -0.033406972885131836,
                5.363485813140869
            ],
            [
                -0.06489985436201096,
                6.344437599182129
            ]
        ],
        [
            [
                -0.008017081767320633,
                1.7957826852798462
            ],
            [
                0.00181528739631176,
                3.082498073577881
            ],
            [
                0.013055464252829552,
                4.048061847686768
            ],
            [
                -0.028344562277197838,
                5.009373664855957
            ],
            [
                -0.007852666079998016,
                5.938210964202881
            ],
            [
                -0.027199601754546165,
                6.919083595275879
            ]
        ],
        [
            [
                0.0207420215010643,
                1.6850746870040894
            ],
            [
                0.04970332980155945,
                2.9007043838500977
            ],
            [
                0.08385197818279266,
                3.811187267303467
            ],
            [
                0.04131116345524788,
                4.669285774230957
            ],
            [
                0.09285831451416016,
                5.475589275360107
            ],
            [
                0.1323140561580658,
                6.294095993041992
            ]
        ]
    ],
    "tl_trigger": 7.484948696401261e-07,
    "tl_status": 0
}