{
    "speed": 2.913826985312219,
    "steer": 0.0017687579384073615,
    "throttle": 0.75,
    "brake": 0.0,
    "wp_6": [
        0.05809192359447479,
        13.744647026062012
    ],
    "wp_5": [
        0.044704876840114594,
        12.584901809692383
    ],
    "wp_4": [
        0.027639705687761307,
        10.828542709350586
    ],
    "wp_3": [
        -0.04209761694073677,
        8.372661590576172
    ],
    "wp_2": [
        -0.029258569702506065,
        5.758612632751465
    ],
    "wp_1": [
        -0.023415714502334595,
        2.9248428344726562
    ],
    "aim": [
        0.027639705687761307,
        10.828542709350586
    ],
    "target": [
        -0.15858963481975394,
        18.583674539139576
    ],
    "desired_speed": 4.32839674949646,
    "angle": 0.0016249500670016198,
    "angle_last": 0.007348269136518415,
    "angle_target": -0.005432663289725055,
    "angle_final": 0.0016249500670016198,
    "delta": 0.25,
    "agent": "only_traj",
    "steer_traj": 0.001768757917497291,
    "throttle_traj": 0.75,
    "brake_traj": 0.0,
    "plan": [
        [
            -0.023415714502334595,
            2.9248428344726562
        ],
        [
            -0.029258569702506065,
            5.758612632751465
        ],
        [
            -0.04209761694073677,
            8.372661590576172
        ],
        [
            0.027639705687761307,
            10.828542709350586
        ],
        [
            0.044704876840114594,
            12.584901809692383
        ],
        [
            0.05809192359447479,
            13.744647026062012
        ]
    ],
    "command": 3,
    "all_plan": [
        [
            [
                -0.00819312408566475,
                2.8959431648254395
            ],
            [
                -0.023369723930954933,
                5.7857513427734375
            ],
            [
                -0.05817894637584686,
                8.511895179748535
            ],
            [
                -0.0025114156305789948,
                11.281375885009766
            ],
            [
                -0.021631238982081413,
                13.528207778930664
            ],
            [
                -0.018072251230478287,
                15.163755416870117
            ]
        ],
        [
            [
                0.014293506741523743,
                2.897711753845215
            ],
            [
                0.01969778724014759,
                5.853078842163086
            ],
            [
                -0.004649553447961807,
                8.80272102355957
            ],
            [
                0.03794626146554947,
                11.805967330932617
            ],
            [
                0.030289364978671074,
                14.15565299987793
            ],
            [
                0.06559977680444717,
                15.70372200012207
            ]
        ],
        [
            [
                -0.01705194264650345,
                3.0074644088745117
            ],
            [
                -0.024201994761824608,
                6.041008949279785
            ],
            [
                -0.050566818565130234,
                8.986506462097168
            ],
            [
                0.030190791934728622,
                11.868412017822266
            ],
            [
                0.033189062029123306,
                13.918994903564453
            ],
            [
                0.05210733413696289,
                15.148181915283203
            ]
        ],
        [
            [
                -0.023415714502334595,
                2.9248428344726562
            ],
            [
                -0.029258569702506065,
                5.758612632751465
            ],
            [
                -0.04209761694073677,
                8.372661590576172
            ],
            [
                0.027639705687761307,
                10.828542709350586
            ],
            [
                0.044704876840114594,
                12.584901809692383
            ],
            [
                0.05809192359447479,
                13.744647026062012
            ]
        ],
        [
            [
                -0.017590247094631195,
                2.9920167922973633
            ],
            [
                -0.03260733187198639,
                6.072734832763672
            ],
            [
                -0.0753425732254982,
                9.142623901367188
            ],
            [
                0.0030677318572998047,
                12.17300796508789
            ],
            [
                -0.01827099360525608,
                14.300398826599121
            ],
            [
                -0.020267754793167114,
                15.493898391723633
            ]
        ],
        [
            [
                0.028825879096984863,
                3.0055551528930664
            ],
            [
                0.04991356283426285,
                6.018893241882324
            ],
            [
                0.05220046639442444,
                9.015005111694336
            ],
            [
                0.08519212901592255,
                12.062561988830566
            ],
            [
                0.1089315339922905,
                14.66984748840332
            ],
            [
                0.16885937750339508,
                16.672935485839844
            ]
        ]
    ],
    "tl_trigger": 4.929617603011138e-07,
    "tl_status": 0
}