{
    "speed": 3.566270549133408,
    "steer": -0.0026413954328745604,
    "throttle": 0.49510571360588074,
    "brake": 0.0,
    "wp_6": [
        -0.07134830951690674,
        11.70440673828125
    ],
    "wp_5": [
        -0.053638480603694916,
        10.304692268371582
    ],
    "wp_4": [
        -0.036108966916799545,
        8.724095344543457
    ],
    "wp_3": [
        -0.0891946330666542,
        6.923973083496094
    ],
    "wp_2": [
        -0.05697990208864212,
        4.976621150970459
    ],
    "wp_1": [
        -0.02829267829656601,
        2.610520839691162
    ],
    "aim": [
        -0.036108966916799545,
        8.724095344543457
    ],
    "target": [
        -0.3379569732669261,
        14.170030484459742
    ],
    "desired_speed": 3.6381272315979,
    "angle": -0.002634963027344555,
    "angle_last": -0.008054338678795785,
    "angle_target": -0.015180582077928622,
    "angle_final": -0.002634963027344555,
    "delta": 0.07185668246449195,
    "agent": "only_traj",
    "steer_traj": -0.002641395421657194,
    "throttle_traj": 0.4951057130428502,
    "brake_traj": 0.0,
    "plan": [
        [
            -0.02829267829656601,
            2.610520839691162
        ],
        [
            -0.05697990208864212,
            4.976621150970459
        ],
        [
            -0.0891946330666542,
            6.923973083496094
        ],
        [
            -0.036108966916799545,
            8.724095344543457
        ],
        [
            -0.053638480603694916,
            10.304692268371582
        ],
        [
            -0.07134830951690674,
            11.70440673828125
        ]
    ],
    "command": 3,
    "all_plan": [
        [
            [
                0.03654768317937851,
                2.664647102355957
            ],
            [
                0.016352878883481026,
                5.2505598068237305
            ],
            [
                -0.034991003572940826,
                7.612881660461426
            ],
            [
                -0.08735188841819763,
                9.919528007507324
            ],
            [
                -0.17475605010986328,
                11.99487590789795
            ],
            [
                -0.23681539297103882,
                13.806158065795898
            ]
        ],
        [
            [
                0.0519309863448143,
                2.5133323669433594
            ],
            [
                0.03802108019590378,
                5.063172340393066
            ],
            [
                -0.00584767758846283,
                7.517496585845947
            ],
            [
                -0.08427947014570236,
                9.958575248718262
            ],
            [
                -0.1722462922334671,
                12.181676864624023
            ],
            [
                -0.22722381353378296,
                14.13676643371582
            ]
        ],
        [
            [
                -0.0191943496465683,
                2.727707862854004
            ],
            [
                -0.05316716432571411,
                5.3759765625
            ],
            [
                -0.10113493353128433,
                7.7156901359558105
            ],
            [
                -0.0411837063729763,
                9.986507415771484
            ],
            [
                -0.08160863816738129,
                11.962386131286621
            ],
            [
                -0.1005074605345726,
                13.645663261413574
            ]
        ],
        [
            [
                -0.02829267829656601,
                2.610520839691162
            ],
            [
                -0.05697990208864212,
                4.976621150970459
            ],
            [
                -0.0891946330666542,
                6.923973083496094
            ],
            [
                -0.036108966916799545,
                8.724095344543457
            ],
            [
                -0.053638480603694916,
                10.304692268371582
            ],
            [
                -0.07134830951690674,
                11.70440673828125
            ]
        ],
        [
            [
                -0.005234241485595703,
                2.73507022857666
            ],
            [
                -0.04772946983575821,
                5.496870040893555
            ],
            [
                -0.10227048397064209,
                8.078119277954102
            ],
            [
                -0.09766297787427902,
                10.600444793701172
            ],
            [
                -0.18381048738956451,
                12.852462768554688
            ],
            [
                -0.25130200386047363,
                14.795251846313477
            ]
        ],
        [
            [
                0.08801621943712234,
                2.6106739044189453
            ],
            [
                0.09613342583179474,
                5.28934383392334
            ],
            [
                0.0745568498969078,
                7.899127006530762
            ],
            [
                -0.05207563191652298,
                10.461017608642578
            ],
            [
                -0.13404721021652222,
                12.89426040649414
            ],
            [
                -0.16629129648208618,
                15.118099212646484
            ]
        ]
    ],
    "tl_trigger": 4.63689531216005e-07,
    "tl_status": 0
}