{
    "speed": 7.670853649555454,
    "steer": 0.0016257425304502249,
    "throttle": 0.75,
    "brake": 0.0,
    "wp_6": [
        0.12649312615394592,
        23.507047653198242
    ],
    "wp_5": [
        0.10579854995012283,
        19.53688621520996
    ],
    "wp_4": [
        0.0530354380607605,
        15.526810646057129
    ],
    "wp_3": [
        0.002422291785478592,
        11.555004119873047
    ],
    "wp_2": [
        -0.01207723282277584,
        7.647035598754883
    ],
    "wp_1": [
        -0.010525651276111603,
        3.767606258392334
    ],
    "aim": [
        0.0530354380607605,
        15.526810646057129
    ],
    "target": [
        0.6982222390825413,
        16.753506181283136
    ],
    "desired_speed": 7.896076679229737,
    "angle": 0.0021744767312245343,
    "angle_last": 0.003318381635220114,
    "angle_target": 0.0265165388912039,
    "angle_final": 0.0021744767312245343,
    "delta": 0.2252230296742832,
    "agent": "only_traj",
    "steer_traj": 0.0016257424950110394,
    "throttle_traj": 0.75,
    "brake_traj": 0.0,
    "plan": [
        [
            -0.010525651276111603,
            3.767606258392334
        ],
        [
            -0.01207723282277584,
            7.647035598754883
        ],
        [
            0.002422291785478592,
            11.555004119873047
        ],
        [
            0.0530354380607605,
            15.526810646057129
        ],
        [
            0.10579854995012283,
            19.53688621520996
        ],
        [
            0.12649312615394592,
            23.507047653198242
        ]
    ],
    "command": 3,
    "all_plan": [
        [
            [
                0.049694351851940155,
                3.4888477325439453
            ],
            [
                0.07634089887142181,
                7.12640380859375
            ],
            [
                0.10702236741781235,
                10.857440948486328
            ],
            [
                0.0762043297290802,
                14.642599105834961
            ],
            [
                0.10705415159463882,
                18.509502410888672
            ],
            [
                0.12709927558898926,
                22.380168914794922
            ]
        ],
        [
            [
                0.05017571896314621,
                3.476356029510498
            ],
            [
                0.08371570706367493,
                7.127744674682617
            ],
            [
                0.12398257851600647,
                10.895299911499023
            ],
            [
                0.10802479088306427,
                14.729667663574219
            ],
            [
                0.15918946266174316,
                18.647390365600586
            ],
            [
                0.20337465405464172,
                22.582189559936523
            ]
        ],
        [
            [
                0.0036272183060646057,
                3.6821417808532715
            ],
            [
                0.010932477191090584,
                7.526805877685547
            ],
            [
                0.032951440662145615,
                11.45584774017334
            ],
            [
                0.06760648638010025,
                15.463601112365723
            ],
            [
                0.1206003874540329,
                19.52466583251953
            ],
            [
                0.14576824009418488,
                23.57016372680664
            ]
        ],
        [
            [
                -0.010525651276111603,
                3.767606258392334
            ],
            [
                -0.01207723282277584,
                7.647035598754883
            ],
            [
                0.002422291785478592,
                11.555004119873047
            ],
            [
                0.0530354380607605,
                15.526810646057129
            ],
            [
                0.10579854995012283,
                19.53688621520996
            ],
            [
                0.12649312615394592,
                23.507047653198242
            ]
        ],
        [
            [
                0.006445728242397308,
                3.529094696044922
            ],
            [
                -0.00046320073306560516,
                7.247117042541504
            ],
            [
                0.004894595127552748,
                11.099639892578125
            ],
            [
                -0.0054397364147007465,
                15.013442993164062
            ],
            [
                0.013913629576563835,
                19.002593994140625
            ],
            [
                0.0025150999426841736,
                23.010223388671875
            ]
        ],
        [
            [
                0.059900932013988495,
                3.476590633392334
            ],
            [
                0.10365784168243408,
                7.101742744445801
            ],
            [
                0.1526227593421936,
                10.81161880493164
            ],
            [
                0.1399811953306198,
                14.581188201904297
            ],
            [
                0.20244750380516052,
                18.428424835205078
            ],
            [
                0.2652369737625122,
                22.282222747802734
            ]
        ]
    ],
    "tl_trigger": 7.061422593324096e-07,
    "tl_status": 0
}