{
    "speed": -1.7823579016678847e-05,
    "steer": 0.002859339118003845,
    "throttle": 0.75,
    "brake": 0.0,
    "wp_6": [
        -0.07758427411317825,
        10.494717597961426
    ],
    "wp_5": [
        -0.010728521272540092,
        7.62428092956543
    ],
    "wp_4": [
        0.012288834899663925,
        4.960179328918457
    ],
    "wp_3": [
        0.008692078292369843,
        2.6274166107177734
    ],
    "wp_2": [
        0.005672117695212364,
        0.9400376081466675
    ],
    "wp_1": [
        -0.0023054704070091248,
        0.11292198300361633
    ],
    "aim": [
        0.008692078292369843,
        2.6274166107177734
    ],
    "target": [
        0.01673518160405281,
        29.27305976826404
    ],
    "desired_speed": 4.153086996078491,
    "angle": 0.002106098948533629,
    "angle_last": -0.014824877530057089,
    "angle_target": 0.0003639505547748587,
    "angle_final": 0.002106098948533629,
    "delta": 0.25,
    "log_entries": [
        "norm1:0.53",
        "norm2:1.78",
        "norm3:3.79",
        "norm4:6.29",
        "norm5:9.06",
        " ",
        " ",
        " ",
        " ",
        " ",
        " ",
        " ",
        " ",
        " "
    ],
    "agent": "only_traj",
    "steer_traj": 0.002859339214376793,
    "throttle_traj": 0.75,
    "brake_traj": 0.0,
    "plan": [
        [
            -0.0023054704070091248,
            0.11292198300361633
        ],
        [
            0.005672117695212364,
            0.9400376081466675
        ],
        [
            0.008692078292369843,
            2.6274166107177734
        ],
        [
            0.012288834899663925,
            4.960179328918457
        ],
        [
            -0.010728521272540092,
            7.62428092956543
        ],
        [
            -0.07758427411317825,
            10.494717597961426
        ]
    ],
    "command": 3,
    "redefined_command": 3,
    "cmd_softmax_output": [
        0.9999648332595825,
        3.1145362299866974e-05,
        4.101727881788975e-06
    ],
    "all_plan": [
        [
            [
                0.0047070980072021484,
                0.15871694684028625
            ],
            [
                0.008075155317783356,
                1.043656587600708
            ],
            [
                0.0031861229799687862,
                2.7633509635925293
            ],
            [
                -0.013165595009922981,
                5.056467056274414
            ],
            [
                -0.04303507134318352,
                7.62125825881958
            ],
            [
                -0.11095970869064331,
                10.373835563659668
            ]
        ],
        [
            [
                0.00412779301404953,
                0.1790693700313568
            ],
            [
                0.004364185035228729,
                1.0983800888061523
            ],
            [
                -0.005779428407549858,
                2.829192638397217
            ],
            [
                -0.0170885119587183,
                5.110360145568848
            ],
            [
                -0.054808035492897034,
                7.6258134841918945
            ],
            [
                -0.1280207335948944,
                10.311918258666992
            ]
        ],
        [
            [
                -0.0002639367012307048,
                0.1568405032157898
            ],
            [
                0.00219745934009552,
                1.1089309453964233
            ],
            [
                -0.005240956787019968,
                2.965487480163574
            ],
            [
                -0.00686736311763525,
                5.4750895500183105
            ],
            [
                -0.05046429485082626,
                8.281890869140625
            ],
            [
                -0.13768412172794342,
                11.279619216918945
            ]
        ],
        [
            [
                -0.0023054704070091248,
                0.11292198300361633
            ],
            [
                0.005672117695212364,
                0.9400376081466675
            ],
            [
                0.008692078292369843,
                2.6274166107177734
            ],
            [
                0.012288834899663925,
                4.960179328918457
            ],
            [
                -0.010728521272540092,
                7.62428092956543
            ],
            [
                -0.07758427411317825,
                10.494717597961426
            ]
        ],
        [
            [
                -0.0010820216266438365,
                0.21750140190124512
            ],
            [
                -0.006570272147655487,
                1.2053217887878418
            ],
            [
                -0.02427598275244236,
                3.073277473449707
            ],
            [
                -0.04294378310441971,
                5.548729419708252
            ],
            [
                -0.11318951845169067,
                8.286409378051758
            ],
            [
                -0.23915907740592957,
                11.204215049743652
            ]
        ],
        [
            [
                0.0075215548276901245,
                0.24021965265274048
            ],
            [
                0.005586074665188789,
                1.2311275005340576
            ],
            [
                -0.011585548520088196,
                2.979599952697754
            ],
            [
                -0.024244945496320724,
                5.2301483154296875
            ],
            [
                -0.05570434406399727,
                7.660759925842285
            ],
            [
                -0.10954059660434723,
                10.23086166381836
            ]
        ]
    ],
    "tl_trigger": 5.277863692754181e-07,
    "tl_status": 0
}