{
    "speed": 0.4516724238494225,
    "steer": 0.0009124509524554014,
    "throttle": 0.75,
    "brake": 0.0,
    "wp_6": [
        0.06829702854156494,
        11.987523078918457
    ],
    "wp_5": [
        0.054392002522945404,
        9.393484115600586
    ],
    "wp_4": [
        0.020110802724957466,
        6.759931564331055
    ],
    "wp_3": [
        0.00020224368199706078,
        4.159426212310791
    ],
    "wp_2": [
        0.004110034555196762,
        2.1033639907836914
    ],
    "wp_1": [
        -0.009138308465480804,
        0.7001075744628906
    ],
    "aim": [
        0.004110034555196762,
        2.1033639907836914
    ],
    "target": [
        0.5537262746362499,
        28.92154366384753
    ],
    "desired_speed": 4.515127325057984,
    "angle": 0.001243977293296464,
    "angle_last": 0.0034124864637847343,
    "angle_target": 0.012187109922519099,
    "angle_final": 0.001243977293296464,
    "delta": 0.25,
    "log_entries": [
        "norm1:1.40",
        "norm2:3.13",
        "norm3:5.46",
        "norm4:8.08",
        "norm5:10.69",
        " ",
        " ",
        " ",
        " ",
        " ",
        " ",
        " ",
        " ",
        " "
    ],
    "agent": "only_traj",
    "steer_traj": 0.0009124509467884719,
    "throttle_traj": 0.75,
    "brake_traj": 0.0,
    "plan": [
        [
            -0.009138308465480804,
            0.7001075744628906
        ],
        [
            0.004110034555196762,
            2.1033639907836914
        ],
        [
            0.00020224368199706078,
            4.159426212310791
        ],
        [
            0.020110802724957466,
            6.759931564331055
        ],
        [
            0.054392002522945404,
            9.393484115600586
        ],
        [
            0.06829702854156494,
            11.987523078918457
        ]
    ],
    "command": 3,
    "redefined_command": 3,
    "cmd_softmax_output": [
        0.9999558925628662,
        4.110602458240464e-05,
        2.950707994386903e-06
    ],
    "all_plan": [
        [
            [
                0.016639113426208496,
                0.9324243664741516
            ],
            [
                0.027182884514331818,
                2.4912266731262207
            ],
            [
                0.01388927735388279,
                4.583406925201416
            ],
            [
                -0.006841817870736122,
                7.093255996704102
            ],
            [
                0.0017798803746700287,
                9.599882125854492
            ],
            [
                0.0005440167151391506,
                12.089499473571777
            ]
        ],
        [
            [
                0.010874256491661072,
                1.019729495048523
            ],
            [
                0.016192017123103142,
                2.6646924018859863
            ],
            [
                0.003694407641887665,
                4.805480003356934
            ],
            [
                0.007770973723381758,
                7.314826965332031
            ],
            [
                0.018867487087845802,
                9.78537368774414
            ],
            [
                0.029997069388628006,
                12.222780227661133
            ]
        ],
        [
            [
                -0.007243841886520386,
                0.9106736183166504
            ],
            [
                -0.0017974656075239182,
                2.581620931625366
            ],
            [
                -0.014553610235452652,
                4.873392105102539
            ],
            [
                0.011442162096500397,
                7.671897888183594
            ],
            [
                0.03190116584300995,
                10.475250244140625
            ],
            [
                0.04252661019563675,
                13.253796577453613
            ]
        ],
        [
            [
                -0.009138308465480804,
                0.7001075744628906
            ],
            [
                0.004110034555196762,
                2.1033639907836914
            ],
            [
                0.00020224368199706078,
                4.159426212310791
            ],
            [
                0.020110802724957466,
                6.759931564331055
            ],
            [
                0.054392002522945404,
                9.393484115600586
            ],
            [
                0.06829702854156494,
                11.987523078918457
            ]
        ],
        [
            [
                -0.005263958126306534,
                1.0866143703460693
            ],
            [
                -0.0105105210095644,
                2.8515005111694336
            ],
            [
                -0.032083384692668915,
                5.149416446685791
            ],
            [
                -0.017164107412099838,
                7.855395317077637
            ],
            [
                -0.020680060610175133,
                10.519380569458008
            ],
            [
                -0.03488805517554283,
                13.129232406616211
            ]
        ],
        [
            [
                0.013531673699617386,
                1.1196038722991943
            ],
            [
                0.013901317492127419,
                2.812122106552124
            ],
            [
                -0.0028691403567790985,
                4.936102867126465
            ],
            [
                0.0041291858069598675,
                7.3625898361206055
            ],
            [
                0.005485078319907188,
                9.71695327758789
            ],
            [
                0.015297338366508484,
                12.013203620910645
            ]
        ]
    ],
    "tl_trigger": 5.447136004477215e-07,
    "tl_status": 0
}