{
    "speed": 5.243700373510987,
    "steer": -0.26039648056030273,
    "throttle": 0.75,
    "brake": 0.0,
    "wp_6": [
        -12.038788795471191,
        13.320489883422852
    ],
    "wp_5": [
        -9.060144424438477,
        12.488985061645508
    ],
    "wp_4": [
        -5.869098663330078,
        11.066628456115723
    ],
    "wp_3": [
        -2.574857473373413,
        8.963905334472656
    ],
    "wp_2": [
        -1.1508123874664307,
        5.944667816162109
    ],
    "wp_1": [
        0.06453337520360947,
        2.9237756729125977
    ],
    "aim": [
        -5.869098663330078,
        11.066628456115723
    ],
    "target": [
        -10.394221628124056,
        15.796982874291025
    ],
    "desired_speed": 6.835506439208984,
    "angle": -0.3104322014956055,
    "angle_last": -0.8266959962425398,
    "angle_target": -0.3704936403586062,
    "angle_final": -0.3104322014956055,
    "delta": 0.25,
    "log_entries": [
        "norm1:4.47",
        "norm2:7.68",
        "norm3:10.87",
        "norm4:13.94",
        "norm5:16.67",
        " ",
        " ",
        " ",
        " ",
        " ",
        " ",
        " "
    ],
    "agent": "only_traj",
    "steer_traj": -0.2603964731558895,
    "throttle_traj": 0.75,
    "brake_traj": 0.0,
    "plan": [
        [
            0.06453337520360947,
            2.9237756729125977
        ],
        [
            -1.1508123874664307,
            5.944667816162109
        ],
        [
            -2.574857473373413,
            8.963905334472656
        ],
        [
            -5.869098663330078,
            11.066628456115723
        ],
        [
            -9.060144424438477,
            12.488985061645508
        ],
        [
            -12.038788795471191,
            13.320489883422852
        ]
    ],
    "command": 0,
    "redefined_command": 0,
    "cmd_softmax_output": [
        0.01153148990124464,
        0.827886164188385,
        0.16058239340782166
    ],
    "all_plan": [
        [
            [
                0.06453337520360947,
                2.9237756729125977
            ],
            [
                -1.1508123874664307,
                5.944667816162109
            ],
            [
                -2.574857473373413,
                8.963905334472656
            ],
            [
                -5.869098663330078,
                11.066628456115723
            ],
            [
                -9.060144424438477,
                12.488985061645508
            ],
            [
                -12.038788795471191,
                13.320489883422852
            ]
        ],
        [
            [
                0.1323416531085968,
                3.0041065216064453
            ],
            [
                -1.057228446006775,
                6.112214088439941
            ],
            [
                -2.444518566131592,
                9.197643280029297
            ],
            [
                -5.9240570068359375,
                11.239532470703125
            ],
            [
                -9.292850494384766,
                12.669414520263672
            ],
            [
                -12.457375526428223,
                13.557795524597168
            ]
        ],
        [
            [
                0.5049864649772644,
                3.0719871520996094
            ],
            [
                0.3194901943206787,
                6.401778221130371
            ],
            [
                -0.33077114820480347,
                9.979759216308594
            ],
            [
                -2.9138522148132324,
                12.866578102111816
            ],
            [
                -5.334117889404297,
                15.194146156311035
            ],
            [
                -7.407256126403809,
                16.964130401611328
            ]
        ],
        [
            [
                0.5011494755744934,
                2.809260845184326
            ],
            [
                0.2795853912830353,
                5.859724998474121
            ],
            [
                -0.35826942324638367,
                9.176445960998535
            ],
            [
                -2.738576889038086,
                11.873178482055664
            ],
            [
                -4.986276626586914,
                14.036003112792969
            ],
            [
                -6.931188583374023,
                15.663836479187012
            ]
        ],
        [
            [
                0.4343942701816559,
                3.1441903114318848
            ],
            [
                0.0065611302852630615,
                6.453520774841309
            ],
            [
                -0.8487796783447266,
                9.861895561218262
            ],
            [
                -3.855201482772827,
                12.36738395690918
            ],
            [
                -6.740718841552734,
                14.317728042602539
            ],
            [
                -9.277021408081055,
                15.737966537475586
            ]
        ],
        [
            [
                0.02987886220216751,
                3.144270896911621
            ],
            [
                -1.326435923576355,
                6.366711616516113
            ],
            [
                -2.810236930847168,
                9.497559547424316
            ],
            [
                -6.328402519226074,
                11.562461853027344
            ],
            [
                -9.6807861328125,
                13.060965538024902
            ],
            [
                -12.85461711883545,
                14.037997245788574
            ]
        ]
    ],
    "tl_trigger": 6.109270316301263e-07,
    "tl_status": 0
}