{
    "speed": 7.453781793654109,
    "steer": -0.04632517322897911,
    "throttle": 0.3446824848651886,
    "brake": 0.0,
    "wp_6": [
        -4.628097057342529,
        21.417156219482422
    ],
    "wp_5": [
        -3.4515366554260254,
        17.890216827392578
    ],
    "wp_4": [
        -2.165980815887451,
        14.243755340576172
    ],
    "wp_3": [
        -0.735346794128418,
        10.661933898925781
    ],
    "wp_2": [
        -0.23945675790309906,
        6.878241539001465
    ],
    "wp_1": [
        0.03638540208339691,
        3.394680976867676
    ],
    "aim": [
        -0.23945675790309906,
        6.878241539001465
    ],
    "target": [
        -16.947966350241238,
        42.956333004985055
    ],
    "desired_speed": 7.500769329071045,
    "angle": -0.02215412585542544,
    "angle_last": -0.20498121446374173,
    "angle_target": -0.23923542558297184,
    "angle_final": -0.02215412585542544,
    "delta": 0.04698753541693623,
    "log_entries": [
        "norm1:5.14",
        "norm2:8.78",
        "norm3:12.54",
        "norm4:16.31",
        "norm5:20.06",
        " ",
        " ",
        " ",
        " ",
        " ",
        " ",
        " ",
        " ",
        " ",
        " ",
        " ",
        " ",
        " ",
        " ",
        " "
    ],
    "agent": "only_traj",
    "steer_traj": -0.046325172263284274,
    "throttle_traj": 0.34468247801488583,
    "brake_traj": 0.0,
    "plan": [
        [
            0.03638540208339691,
            3.394680976867676
        ],
        [
            -0.23945675790309906,
            6.878241539001465
        ],
        [
            -0.735346794128418,
            10.661933898925781
        ],
        [
            -2.165980815887451,
            14.243755340576172
        ],
        [
            -3.4515366554260254,
            17.890216827392578
        ],
        [
            -4.628097057342529,
            21.417156219482422
        ]
    ],
    "command": 3,
    "redefined_command": 3,
    "cmd_softmax_output": [
        0.9880459308624268,
        0.00029118568636476994,
        0.011662883684039116
    ],
    "all_plan": [
        [
            [
                0.06050834804773331,
                3.439833164215088
            ],
            [
                -0.22194942831993103,
                6.962635040283203
            ],
            [
                -0.7350322008132935,
                10.796590805053711
            ],
            [
                -2.2146525382995605,
                14.415712356567383
            ],
            [
                -3.5462679862976074,
                18.096893310546875
            ],
            [
                -4.763692855834961,
                21.661951065063477
            ]
        ],
        [
            [
                0.052301473915576935,
                3.498119354248047
            ],
            [
                -0.22549942135810852,
                7.062045097351074
            ],
            [
                -0.7124602198600769,
                10.878236770629883
            ],
            [
                -2.0647003650665283,
                14.479192733764648
            ],
            [
                -3.2514848709106445,
                18.147119522094727
            ],
            [
                -4.3249430656433105,
                21.718544006347656
            ]
        ],
        [
            [
                0.053702279925346375,
                3.5356311798095703
            ],
            [
                -0.23424191772937775,
                7.144866466522217
            ],
            [
                -0.7478734850883484,
                11.030064582824707
            ],
            [
                -2.1892764568328857,
                14.694719314575195
            ],
            [
                -3.4669203758239746,
                18.42540168762207
            ],
            [
                -4.621922492980957,
                22.04601287841797
            ]
        ],
        [
            [
                0.03638540208339691,
                3.394680976867676
            ],
            [
                -0.23945675790309906,
                6.878241539001465
            ],
            [
                -0.735346794128418,
                10.661933898925781
            ],
            [
                -2.165980815887451,
                14.243755340576172
            ],
            [
                -3.4515366554260254,
                17.890216827392578
            ],
            [
                -4.628097057342529,
                21.417156219482422
            ]
        ],
        [
            [
                0.027592100203037262,
                3.6002402305603027
            ],
            [
                -0.2902933657169342,
                7.201496124267578
            ],
            [
                -0.8252826929092407,
                11.02652359008789
            ],
            [
                -2.239922523498535,
                14.626734733581543
            ],
            [
                -3.488807201385498,
                18.301916122436523
            ],
            [
                -4.618924140930176,
                21.878122329711914
            ]
        ],
        [
            [
                0.03477173298597336,
                3.5933351516723633
            ],
            [
                -0.26215267181396484,
                7.218234062194824
            ],
            [
                -0.7656102776527405,
                11.059943199157715
            ],
            [
                -2.108405351638794,
                14.678056716918945
            ],
            [
                -3.282952308654785,
                18.36097526550293
            ],
            [
                -4.341222763061523,
                21.94746971130371
            ]
        ]
    ],
    "tl_trigger": 7.08851302988478e-07,
    "tl_status": 0
}