{
    "speed": 3.388062150241607,
    "steer": -0.0033120252192020416,
    "throttle": 0.0,
    "brake": 1.0,
    "wp_6": [
        0.013970771804451942,
        7.062915802001953
    ],
    "wp_5": [
        0.01645718514919281,
        5.603261470794678
    ],
    "wp_4": [
        -0.023317143321037292,
        4.146849155426025
    ],
    "wp_3": [
        -0.014499697834253311,
        2.776782512664795
    ],
    "wp_2": [
        -0.015840718522667885,
        1.7076425552368164
    ],
    "wp_1": [
        -0.024146035313606262,
        0.8144912719726562
    ],
    "aim": [
        -0.023317143321037292,
        4.146849155426025
    ],
    "target": [
        -0.8954371489971273,
        10.916573187310386
    ],
    "desired_speed": 2.4996150016784666,
    "angle": -0.0035795781895573186,
    "angle_last": -0.001084434194760883,
    "angle_target": -0.05210239950718046,
    "angle_final": -0.0035795781895573186,
    "delta": 0.0,
    "agent": "only_traj",
    "steer_traj": -0.0033120253026313537,
    "throttle_traj": 0.0,
    "brake_traj": 1.0,
    "plan": [
        [
            -0.024146035313606262,
            0.8144912719726562
        ],
        [
            -0.015840718522667885,
            1.7076425552368164
        ],
        [
            -0.014499697834253311,
            2.776782512664795
        ],
        [
            -0.023317143321037292,
            4.146849155426025
        ],
        [
            0.01645718514919281,
            5.603261470794678
        ],
        [
            0.013970771804451942,
            7.062915802001953
        ]
    ],
    "command": 3,
    "all_plan": [
        [
            [
                -0.007302049547433853,
                1.1721217632293701
            ],
            [
                0.001619165763258934,
                2.102853536605835
            ],
            [
                0.004048201721161604,
                2.950897216796875
            ],
            [
                -0.01902250573039055,
                3.9218387603759766
            ],
            [
                0.005871998146176338,
                4.914055824279785
            ],
            [
                0.0011259126476943493,
                5.858822345733643
            ]
        ],
        [
            [
                -0.0004911719588562846,
                1.0328125953674316
            ],
            [
                0.0176002848893404,
                1.9799408912658691
            ],
            [
                0.03653465583920479,
                2.960814952850342
            ],
            [
                0.026020988821983337,
                4.107606410980225
            ],
            [
                0.07207261770963669,
                5.276098251342773
            ],
            [
                0.0938544049859047,
                6.41700553894043
            ]
        ],
        [
            [
                -0.011200610548257828,
                1.130692720413208
            ],
            [
                -0.000898679718375206,
                2.2907426357269287
            ],
            [
                8.71843658387661e-05,
                3.551374673843384
            ],
            [
                -0.01716998778283596,
                5.066133499145508
            ],
            [
                0.012495756149291992,
                6.6004133224487305
            ],
            [
                0.004518704488873482,
                8.08975601196289
            ]
        ],
        [
            [
                -0.024146035313606262,
                0.8144912719726562
            ],
            [
                -0.015840718522667885,
                1.7076425552368164
            ],
            [
                -0.014499697834253311,
                2.776782512664795
            ],
            [
                -0.023317143321037292,
                4.146849155426025
            ],
            [
                0.01645718514919281,
                5.603261470794678
            ],
            [
                0.013970771804451942,
                7.062915802001953
            ]
        ],
        [
            [
                -0.006057979539036751,
                1.3502596616744995
            ],
            [
                0.006041023880243301,
                2.5765066146850586
            ],
            [
                0.016125870868563652,
                3.7756454944610596
            ],
            [
                -0.008792413398623466,
                5.14363956451416
            ],
            [
                0.015064842998981476,
                6.4796977043151855
            ],
            [
                -0.006693003699183464,
                7.733237266540527
            ]
        ],
        [
            [
                0.004266548901796341,
                1.02644944190979
            ],
            [
                0.027866413816809654,
                1.9675252437591553
            ],
            [
                0.05931467562913895,
                2.942056179046631
            ],
            [
                0.03551269695162773,
                4.0335235595703125
            ],
            [
                0.1034834086894989,
                5.127320289611816
            ],
            [
                0.14042364060878754,
                6.228438377380371
            ]
        ]
    ],
    "tl_trigger": 3.845178071060218e-05,
    "tl_status": 2
}