{
    "speed": 5.100334359333292,
    "steer": -0.0011338659096509218,
    "throttle": 0.75,
    "brake": 0.0,
    "wp_6": [
        -0.08843647688627243,
        16.97149658203125
    ],
    "wp_5": [
        -0.07647068798542023,
        14.975591659545898
    ],
    "wp_4": [
        -0.029260504990816116,
        12.314534187316895
    ],
    "wp_3": [
        -0.03252723813056946,
        9.167259216308594
    ],
    "wp_2": [
        0.0039275530725717545,
        6.090387344360352
    ],
    "wp_1": [
        0.01389630138874054,
        2.9822826385498047
    ],
    "aim": [
        -0.029260504990816116,
        12.314534187316895
    ],
    "target": [
        -1.818070845552817,
        14.46574903016002
    ],
    "desired_speed": 5.595960855484009,
    "angle": -0.0015126111647299045,
    "angle_last": -0.0038165857537567614,
    "angle_target": -0.07959372586140703,
    "angle_final": -0.0015126111647299045,
    "delta": 0.25,
    "agent": "only_traj",
    "steer_traj": -0.0011338659557960796,
    "throttle_traj": 0.75,
    "brake_traj": 0.0,
    "plan": [
        [
            0.01389630138874054,
            2.9822826385498047
        ],
        [
            0.0039275530725717545,
            6.090387344360352
        ],
        [
            -0.03252723813056946,
            9.167259216308594
        ],
        [
            -0.029260504990816116,
            12.314534187316895
        ],
        [
            -0.07647068798542023,
            14.975591659545898
        ],
        [
            -0.08843647688627243,
            16.97149658203125
        ]
    ],
    "command": 3,
    "all_plan": [
        [
            [
                0.03293619304895401,
                3.016425132751465
            ],
            [
                -0.003994733095169067,
                6.081888198852539
            ],
            [
                -0.05718906968832016,
                9.054569244384766
            ],
            [
                -0.1987135410308838,
                11.883318901062012
            ],
            [
                -0.32407575845718384,
                14.42933177947998
            ],
            [
                -0.4363763630390167,
                16.67194366455078
            ]
        ],
        [
            [
                0.045578472316265106,
                3.1085662841796875
            ],
            [
                0.06624091416597366,
                6.261563301086426
            ],
            [
                0.08745349943637848,
                9.26287841796875
            ],
            [
                0.08005096763372421,
                12.220590591430664
            ],
            [
                0.07555794715881348,
                14.851388931274414
            ],
            [
                0.1056944951415062,
                17.05978012084961
            ]
        ],
        [
            [
                0.013416878879070282,
                3.410634994506836
            ],
            [
                0.008633257821202278,
                6.826210021972656
            ],
            [
                0.004457871895283461,
                10.18317985534668
            ],
            [
                -0.010114587843418121,
                13.537484169006348
            ],
            [
                -0.011281969025731087,
                16.686464309692383
            ],
            [
                -0.016577400267124176,
                19.49573516845703
            ]
        ],
        [
            [
                0.01389630138874054,
                2.9822826385498047
            ],
            [
                0.0039275530725717545,
                6.090387344360352
            ],
            [
                -0.03252723813056946,
                9.167259216308594
            ],
            [
                -0.029260504990816116,
                12.314534187316895
            ],
            [
                -0.07647068798542023,
                14.975591659545898
            ],
            [
                -0.08843647688627243,
                16.97149658203125
            ]
        ],
        [
            [
                0.014790959656238556,
                3.2516627311706543
            ],
            [
                -0.005485301837325096,
                6.584778785705566
            ],
            [
                -0.016881491988897324,
                9.830007553100586
            ],
            [
                -0.09247715771198273,
                13.026751518249512
            ],
            [
                -0.15377819538116455,
                16.01944923400879
            ],
            [
                -0.2043507695198059,
                18.680866241455078
            ]
        ],
        [
            [
                0.03501279652118683,
                3.057868480682373
            ],
            [
                0.04661233723163605,
                6.129858016967773
            ],
            [
                0.06379855424165726,
                9.10904312133789
            ],
            [
                0.046111274510622025,
                12.049186706542969
            ],
            [
                0.05108087509870529,
                14.827914237976074
            ],
            [
                0.07053898274898529,
                17.34494972229004
            ]
        ]
    ],
    "tl_trigger": 0.9410057663917542,
    "tl_status": 2
}