{
    "speed": 5.744013210382978,
    "steer": 0.0013516498729586601,
    "throttle": 0.0,
    "brake": 1.0,
    "wp_6": [
        0.051153697073459625,
        13.885031700134277
    ],
    "wp_5": [
        0.03209404647350311,
        12.120997428894043
    ],
    "wp_4": [
        0.024113457649946213,
        10.044099807739258
    ],
    "wp_3": [
        -0.015462636947631836,
        7.63082218170166
    ],
    "wp_2": [
        -0.004323506727814674,
        5.235631942749023
    ],
    "wp_1": [
        -0.000961076351813972,
        2.6364927291870117
    ],
    "aim": [
        0.024113457649946213,
        10.044099807739258
    ],
    "target": [
        0.153980554339929,
        11.429149853565377
    ],
    "desired_speed": 4.499603939056397,
    "angle": 0.001528340835741328,
    "angle_last": 0.006878124448649205,
    "angle_target": 0.008576415249141472,
    "angle_final": 0.001528340835741328,
    "delta": 0.0,
    "agent": "only_traj",
    "steer_traj": 0.0013516498438640998,
    "throttle_traj": 0.0,
    "brake_traj": 1.0,
    "plan": [
        [
            -0.000961076351813972,
            2.6364927291870117
        ],
        [
            -0.004323506727814674,
            5.235631942749023
        ],
        [
            -0.015462636947631836,
            7.63082218170166
        ],
        [
            0.024113457649946213,
            10.044099807739258
        ],
        [
            0.03209404647350311,
            12.120997428894043
        ],
        [
            0.051153697073459625,
            13.885031700134277
        ]
    ],
    "command": 3,
    "all_plan": [
        [
            [
                -0.019956760108470917,
                3.0988950729370117
            ],
            [
                -0.022226853296160698,
                5.815134048461914
            ],
            [
                0.004253175109624863,
                7.9826250076293945
            ],
            [
                0.10187876224517822,
                9.92037582397461
            ],
            [
                0.15139168500900269,
                11.516928672790527
            ],
            [
                0.21183469891548157,
                12.840468406677246
            ]
        ],
        [
            [
                -0.019081132486462593,
                3.0116958618164062
            ],
            [
                -0.008067600429058075,
                5.776205539703369
            ],
            [
                0.04639243334531784,
                8.136804580688477
            ],
            [
                0.18263113498687744,
                10.351152420043945
            ],
            [
                0.26728880405426025,
                12.142659187316895
            ],
            [
                0.3768727481365204,
                13.54524040222168
            ]
        ],
        [
            [
                -0.0017818881897255778,
                2.9544734954833984
            ],
            [
                0.0033409465104341507,
                6.023280143737793
            ],
            [
                0.01034068688750267,
                8.931981086730957
            ],
            [
                0.10757815837860107,
                11.88100528717041
            ],
            [
                0.1351596713066101,
                14.39759635925293
            ],
            [
                0.18685364723205566,
                16.49474334716797
            ]
        ],
        [
            [
                -0.000961076351813972,
                2.6364927291870117
            ],
            [
                -0.004323506727814674,
                5.235631942749023
            ],
            [
                -0.015462636947631836,
                7.63082218170166
            ],
            [
                0.024113457649946213,
                10.044099807739258
            ],
            [
                0.03209404647350311,
                12.120997428894043
            ],
            [
                0.051153697073459625,
                13.885031700134277
            ]
        ],
        [
            [
                -0.01767899841070175,
                3.0012221336364746
            ],
            [
                -0.034775279462337494,
                6.0334062576293945
            ],
            [
                -0.032447680830955505,
                8.87429141998291
            ],
            [
                0.059578947722911835,
                11.68761920928955
            ],
            [
                0.06352317333221436,
                14.044183731079102
            ],
            [
                0.08638235181570053,
                15.94713306427002
            ]
        ],
        [
            [
                0.0014989004703238606,
                3.0376672744750977
            ],
            [
                0.025816509500145912,
                5.821351051330566
            ],
            [
                0.0844779908657074,
                8.102453231811523
            ],
            [
                0.221675843000412,
                10.097107887268066
            ],
            [
                0.30821219086647034,
                11.63978385925293
            ],
            [
                0.42152076959609985,
                12.876941680908203
            ]
        ]
    ],
    "tl_trigger": 6.566630872839596e-06,
    "tl_status": 0
}