{
    "speed": 2.4463256619871467,
    "steer": 0.009662424214184284,
    "throttle": 0.0,
    "brake": 1.0,
    "wp_6": [
        0.24299365282058716,
        4.19974946975708
    ],
    "wp_5": [
        0.1600111424922943,
        3.43098521232605
    ],
    "wp_4": [
        0.06851477921009064,
        2.7354736328125
    ],
    "wp_3": [
        0.03359990939497948,
        2.0485029220581055
    ],
    "wp_2": [
        0.00028172507882118225,
        1.4054019451141357
    ],
    "wp_1": [
        -0.016762780025601387,
        0.7727804780006409
    ],
    "aim": [
        0.06851477921009064,
        2.7354736328125
    ],
    "target": [
        8.960564929447022,
        13.999199110249526
    ],
    "desired_speed": 1.3757623910903929,
    "angle": 0.01594193725923768,
    "angle_last": 0.06845341818117583,
    "angle_target": 0.3624707943586296,
    "angle_final": 0.01594193725923768,
    "delta": 0.0,
    "agent": "only_traj",
    "steer_traj": 0.009662424212599793,
    "throttle_traj": 0.0,
    "brake_traj": 1.0,
    "plan": [
        [
            -0.016762780025601387,
            0.7727804780006409
        ],
        [
            0.00028172507882118225,
            1.4054019451141357
        ],
        [
            0.03359990939497948,
            2.0485029220581055
        ],
        [
            0.06851477921009064,
            2.7354736328125
        ],
        [
            0.1600111424922943,
            3.43098521232605
        ],
        [
            0.24299365282058716,
            4.19974946975708
        ]
    ],
    "command": 1,
    "all_plan": [
        [
            [
                -0.03271673619747162,
                0.8026989102363586
            ],
            [
                -0.027300197631120682,
                1.3439534902572632
            ],
            [
                -0.011982126161456108,
                1.8034160137176514
            ],
            [
                0.003453068435192108,
                2.262183904647827
            ],
            [
                0.07668184489011765,
                2.722137928009033
            ],
            [
                0.11725402623414993,
                3.2464966773986816
            ]
        ],
        [
            [
                -0.016762780025601387,
                0.7727804780006409
            ],
            [
                0.00028172507882118225,
                1.4054019451141357
            ],
            [
                0.03359990939497948,
                2.0485029220581055
            ],
            [
                0.06851477921009064,
                2.7354736328125
            ],
            [
                0.1600111424922943,
                3.43098521232605
            ],
            [
                0.24299365282058716,
                4.19974946975708
            ]
        ],
        [
            [
                -0.05290582776069641,
                0.8847290873527527
            ],
            [
                -0.044282443821430206,
                1.711496114730835
            ],
            [
                -0.03163167089223862,
                2.580341100692749
            ],
            [
                0.06032475829124451,
                3.6692776679992676
            ],
            [
                0.16236290335655212,
                4.818644046783447
            ],
            [
                0.24914833903312683,
                6.032800197601318
            ]
        ],
        [
            [
                -0.04023084044456482,
                0.715556263923645
            ],
            [
                -0.03474094718694687,
                1.4330792427062988
            ],
            [
                -0.03380179777741432,
                2.2590537071228027
            ],
            [
                0.011557549238204956,
                3.365206003189087
            ],
            [
                0.07905329018831253,
                4.599308013916016
            ],
            [
                0.12239602208137512,
                5.8922576904296875
            ]
        ],
        [
            [
                -0.032606836408376694,
                1.0430349111557007
            ],
            [
                -0.004413450136780739,
                2.002615451812744
            ],
            [
                0.03414866328239441,
                2.9825668334960938
            ],
            [
                0.16641448438167572,
                4.1521453857421875
            ],
            [
                0.30001312494277954,
                5.3202924728393555
            ],
            [
                0.46074727177619934,
                6.501568794250488
            ]
        ],
        [
            [
                0.0016018078895285726,
                0.8990972638130188
            ],
            [
                0.01892481930553913,
                1.524507999420166
            ],
            [
                0.04666341096162796,
                2.0792293548583984
            ],
            [
                0.014220751821994781,
                2.6119751930236816
            ],
            [
                0.0817428007721901,
                3.154831886291504
            ],
            [
                0.12313475459814072,
                3.7542812824249268
            ]
        ]
    ],
    "tl_trigger": 0.000178850517841056,
    "tl_status": 2
}