{
    "speed": 0.001337161085630638,
    "steer": 0.03492029383778572,
    "throttle": 0.75,
    "brake": 0.0,
    "wp_6": [
        1.4615620374679565,
        11.248905181884766
    ],
    "wp_5": [
        1.0458548069000244,
        8.865823745727539
    ],
    "wp_4": [
        0.7001967430114746,
        6.5613908767700195
    ],
    "wp_3": [
        0.3279268741607666,
        4.233631610870361
    ],
    "wp_2": [
        0.12123307585716248,
        2.3005452156066895
    ],
    "wp_1": [
        -0.013299170881509781,
        0.7977941036224365
    ],
    "aim": [
        0.12123307585716248,
        2.3005452156066895
    ],
    "target": [
        3.706149863960926,
        47.14675116659436
    ],
    "desired_speed": 4.223794364929199,
    "angle": 0.033517304140523715,
    "angle_last": 0.10994636204305862,
    "angle_target": 0.04994122178623799,
    "angle_final": 0.033517304140523715,
    "delta": 0.25,
    "log_entries": [
        "norm1:1.55",
        "norm2:3.27",
        "norm3:5.42",
        "norm4:7.76",
        "norm5:10.14",
        " ",
        " ",
        " ",
        " ",
        " ",
        " ",
        " ",
        " ",
        " ",
        " ",
        " ",
        " "
    ],
    "agent": "only_traj",
    "steer_traj": 0.03492029219077313,
    "throttle_traj": 0.75,
    "brake_traj": 0.0,
    "plan": [
        [
            -0.013299170881509781,
            0.7977941036224365
        ],
        [
            0.12123307585716248,
            2.3005452156066895
        ],
        [
            0.3279268741607666,
            4.233631610870361
        ],
        [
            0.7001967430114746,
            6.5613908767700195
        ],
        [
            1.0458548069000244,
            8.865823745727539
        ],
        [
            1.4615620374679565,
            11.248905181884766
        ]
    ],
    "command": 3,
    "redefined_command": 5,
    "cmd_softmax_output": [
        0.2640756666660309,
        0.00024632972781546414,
        0.7356780171394348
    ],
    "all_plan": [
        [
            [
                -0.03160249441862106,
                0.34380048513412476
            ],
            [
                0.016267791390419006,
                1.3733928203582764
            ],
            [
                0.1081278994679451,
                2.818469762802124
            ],
            [
                0.27929389476776123,
                4.580880165100098
            ],
            [
                0.5036975741386414,
                6.293295860290527
            ],
            [
                0.748974084854126,
                8.119114875793457
            ]
        ],
        [
            [
                -0.03144802525639534,
                0.5721931457519531
            ],
            [
                0.06728224456310272,
                1.8337910175323486
            ],
            [
                0.24923528730869293,
                3.5112831592559814
            ],
            [
                0.5423785448074341,
                5.53089714050293
            ],
            [
                0.8620889186859131,
                7.50732421875
            ],
            [
                1.2343382835388184,
                9.588309288024902
            ]
        ],
        [
            [
                -0.05181639641523361,
                0.6227623224258423
            ],
            [
                0.011485002934932709,
                1.9795101881027222
            ],
            [
                0.13738000392913818,
                3.6870484352111816
            ],
            [
                0.409138023853302,
                5.714765548706055
            ],
            [
                0.7072033882141113,
                7.617086887359619
            ],
            [
                1.0630497932434082,
                9.57661247253418
            ]
        ],
        [
            [
                -0.020356833934783936,
                0.4098922908306122
            ],
            [
                0.022303059697151184,
                1.2287814617156982
            ],
            [
                0.08383200317621231,
                2.1719017028808594
            ],
            [
                0.21014127135276794,
                3.3065197467803955
            ],
            [
                0.39913392066955566,
                4.3367600440979
            ],
            [
                0.5944259762763977,
                5.3990631103515625
            ]
        ],
        [
            [
                -0.0567593052983284,
                0.7957193851470947
            ],
            [
                0.061839282512664795,
                2.3228507041931152
            ],
            [
                0.2649705111980438,
                4.225035667419434
            ],
            [
                0.7191592454910278,
                6.451788902282715
            ],
            [
                1.064584732055664,
                8.623538970947266
            ],
            [
                1.4677138328552246,
                10.873120307922363
            ]
        ],
        [
            [
                -0.013299170881509781,
                0.7977941036224365
            ],
            [
                0.12123307585716248,
                2.3005452156066895
            ],
            [
                0.3279268741607666,
                4.233631610870361
            ],
            [
                0.7001967430114746,
                6.5613908767700195
            ],
            [
                1.0458548069000244,
                8.865823745727539
            ],
            [
                1.4615620374679565,
                11.248905181884766
            ]
        ]
    ],
    "tl_trigger": 4.672451723308768e-07,
    "tl_status": 0
}