{
    "speed": 0.004006543949715235,
    "steer": 0.1338600367307663,
    "throttle": 0.75,
    "brake": 0.0,
    "wp_6": [
        3.1288821697235107,
        12.83564281463623
    ],
    "wp_5": [
        2.5689127445220947,
        10.382219314575195
    ],
    "wp_4": [
        2.0141818523406982,
        7.910630226135254
    ],
    "wp_3": [
        0.9456217288970947,
        5.378385066986084
    ],
    "wp_2": [
        0.49680835008621216,
        3.1611549854278564
    ],
    "wp_1": [
        0.08326674997806549,
        1.2201082706451416
    ],
    "aim": [
        0.49680835008621216,
        3.1611549854278564
    ],
    "target": [
        6.880617247044027,
        45.56928296272474
    ],
    "desired_speed": 4.817948818206787,
    "angle": 0.09923966106410974,
    "angle_last": 0.1428550482650786,
    "angle_target": 0.09540409881863575,
    "angle_final": 0.09923966106410974,
    "delta": 0.25,
    "log_entries": [
        "norm1:2.21",
        "norm2:4.33",
        "norm3:6.81",
        "norm4:9.43",
        "norm5:11.95",
        " ",
        " ",
        " ",
        " ",
        " ",
        " ",
        " ",
        " ",
        " "
    ],
    "agent": "only_traj",
    "steer_traj": 0.13386004328570947,
    "throttle_traj": 0.75,
    "brake_traj": 0.0,
    "plan": [
        [
            0.08326674997806549,
            1.2201082706451416
        ],
        [
            0.49680835008621216,
            3.1611549854278564
        ],
        [
            0.9456217288970947,
            5.378385066986084
        ],
        [
            2.0141818523406982,
            7.910630226135254
        ],
        [
            2.5689127445220947,
            10.382219314575195
        ],
        [
            3.1288821697235107,
            12.83564281463623
        ]
    ],
    "command": 3,
    "redefined_command": 5,
    "cmd_softmax_output": [
        0.011362086050212383,
        0.00013182562543079257,
        0.9885060787200928
    ],
    "all_plan": [
        [
            [
                0.06281465291976929,
                0.8097906112670898
            ],
            [
                0.3426567018032074,
                2.266784429550171
            ],
            [
                0.6592662334442139,
                4.018016338348389
            ],
            [
                1.2871510982513428,
                6.09450626373291
            ],
            [
                1.7107374668121338,
                8.082202911376953
            ],
            [
                2.151559829711914,
                10.066828727722168
            ]
        ],
        [
            [
                0.07846755534410477,
                0.9639754295349121
            ],
            [
                0.4393109381198883,
                2.6334147453308105
            ],
            [
                0.8402922749519348,
                4.614910125732422
            ],
            [
                1.7000553607940674,
                6.929485321044922
            ],
            [
                2.192810297012329,
                9.183111190795898
            ],
            [
                2.6948792934417725,
                11.426240921020508
            ]
        ],
        [
            [
                0.06363807618618011,
                0.8437191247940063
            ],
            [
                0.34406375885009766,
                2.3439574241638184
            ],
            [
                0.6430704593658447,
                4.075726509094238
            ],
            [
                1.2815907001495361,
                6.136782169342041
            ],
            [
                1.7102375030517578,
                8.044753074645996
            ],
            [
                2.1544246673583984,
                9.893619537353516
            ]
        ],
        [
            [
                0.005128420889377594,
                0.5208107829093933
            ],
            [
                0.08758098632097244,
                1.521552562713623
            ],
            [
                0.1952742636203766,
                2.708421230316162
            ],
            [
                0.38748645782470703,
                4.15346622467041
            ],
            [
                0.6358172297477722,
                5.445285797119141
            ],
            [
                0.9369246959686279,
                6.692557334899902
            ]
        ],
        [
            [
                0.07470539212226868,
                1.053259015083313
            ],
            [
                0.44203752279281616,
                2.835728645324707
            ],
            [
                0.8327183723449707,
                4.908297061920166
            ],
            [
                1.7398784160614014,
                7.311654090881348
            ],
            [
                2.2175843715667725,
                9.640350341796875
            ],
            [
                2.7041268348693848,
                11.945435523986816
            ]
        ],
        [
            [
                0.08326674997806549,
                1.2201082706451416
            ],
            [
                0.49680835008621216,
                3.1611549854278564
            ],
            [
                0.9456217288970947,
                5.378385066986084
            ],
            [
                2.0141818523406982,
                7.910630226135254
            ],
            [
                2.5689127445220947,
                10.382219314575195
            ],
            [
                3.1288821697235107,
                12.83564281463623
            ]
        ]
    ],
    "tl_trigger": 4.891413141194789e-07,
    "tl_status": 0
}