{
    "speed": -8.689672875311554e-07,
    "steer": -0.012760767713189125,
    "throttle": 0.0,
    "brake": 1.0,
    "wp_6": [
        -0.001294728834182024,
        1.1484003067016602
    ],
    "wp_5": [
        0.0017727948725223541,
        0.8424774408340454
    ],
    "wp_4": [
        -0.010624069720506668,
        0.7052191495895386
    ],
    "wp_3": [
        -0.007833313196897507,
        0.4869777262210846
    ],
    "wp_2": [
        -0.01164305116981268,
        0.3467462956905365
    ],
    "wp_1": [
        -0.00946442224085331,
        0.22878125309944153
    ],
    "aim": [
        -0.010624069720506668,
        0.7052191495895386
    ],
    "target": [
        0.4533899285893654,
        16.661706698794852
    ],
    "desired_speed": 0.36811313033103943,
    "angle": -0.009589916986196205,
    "angle_last": -0.006383219061865997,
    "angle_target": 0.01731910110301258,
    "angle_final": -0.009589916986196205,
    "delta": 0.25,
    "agent": "only_traj",
    "steer_traj": -0.012760767698119015,
    "throttle_traj": 0.0,
    "brake_traj": 1.0,
    "plan": [
        [
            -0.00946442224085331,
            0.22878125309944153
        ],
        [
            -0.01164305116981268,
            0.3467462956905365
        ],
        [
            -0.007833313196897507,
            0.4869777262210846
        ],
        [
            -0.010624069720506668,
            0.7052191495895386
        ],
        [
            0.0017727948725223541,
            0.8424774408340454
        ],
        [
            -0.001294728834182024,
            1.1484003067016602
        ]
    ],
    "command": 3,
    "all_plan": [
        [
            [
                0.012378759682178497,
                0.2951425313949585
            ],
            [
                0.022293556481599808,
                0.5670409202575684
            ],
            [
                0.0441201850771904,
                0.9295207262039185
            ],
            [
                -0.013384994119405746,
                1.336527943611145
            ],
            [
                0.019851483404636383,
                1.735582947731018
            ],
            [
                0.01687602885067463,
                2.290417194366455
            ]
        ],
        [
            [
                0.007505606859922409,
                0.30666959285736084
            ],
            [
                0.016141636297106743,
                0.6395980715751648
            ],
            [
                0.03798656910657883,
                1.0386970043182373
            ],
            [
                -0.01069573312997818,
                1.4610698223114014
            ],
            [
                0.03852194547653198,
                1.8745131492614746
            ],
            [
                0.04349389672279358,
                2.4578404426574707
            ]
        ],
        [
            [
                -0.006275434046983719,
                0.39120960235595703
            ],
            [
                -0.0008970368653535843,
                0.7260773181915283
            ],
            [
                0.008473247289657593,
                1.004353404045105
            ],
            [
                -0.005824480205774307,
                1.3287289142608643
            ],
            [
                0.04405927658081055,
                1.5615569353103638
            ],
            [
                0.06375923752784729,
                1.9393541812896729
            ]
        ],
        [
            [
                -0.00946442224085331,
                0.22878125309944153
            ],
            [
                -0.01164305116981268,
                0.3467462956905365
            ],
            [
                -0.007833313196897507,
                0.4869777262210846
            ],
            [
                -0.010624069720506668,
                0.7052191495895386
            ],
            [
                0.0017727948725223541,
                0.8424774408340454
            ],
            [
                -0.001294728834182024,
                1.1484003067016602
            ]
        ],
        [
            [
                -0.00878198817372322,
                0.5685039162635803
            ],
            [
                -0.009768693707883358,
                1.2288281917572021
            ],
            [
                -0.001072118990123272,
                1.9267578125
            ],
            [
                -0.0598701611161232,
                2.642184019088745
            ],
            [
                -0.008380800485610962,
                3.253772735595703
            ],
            [
                -0.030955573543906212,
                4.055629253387451
            ]
        ],
        [
            [
                0.036668598651885986,
                0.42968443036079407
            ],
            [
                0.03802081570029259,
                0.976144552230835
            ],
            [
                0.04708293825387955,
                1.709054946899414
            ],
            [
                -0.05275152623653412,
                2.412132501602173
            ],
            [
                -0.040137648582458496,
                3.1478426456451416
            ],
            [
                -0.06478346139192581,
                4.043374061584473
            ]
        ]
    ],
    "tl_trigger": 0.9999938011169434,
    "tl_status": 0
}