{
    "speed": 2.2481831930707985,
    "steer": 0.13978387415409088,
    "throttle": 0.75,
    "brake": 0.0,
    "wp_6": [
        3.2707934379577637,
        10.323630332946777
    ],
    "wp_5": [
        2.356659173965454,
        8.336886405944824
    ],
    "wp_4": [
        1.6106594800949097,
        6.300571441650391
    ],
    "wp_3": [
        1.1183321475982666,
        4.283141136169434
    ],
    "wp_2": [
        0.6054738163948059,
        2.633737087249756
    ],
    "wp_1": [
        0.2152898907661438,
        1.1697343587875366
    ],
    "aim": [
        1.6106594800949097,
        6.300571441650391
    ],
    "target": [
        4.105657942199227,
        14.188824777118068
    ],
    "desired_speed": 3.8698641300201415,
    "angle": 0.1593313618179188,
    "angle_last": 0.2745328233449297,
    "angle_target": 0.17931391762871604,
    "angle_final": 0.1593313618179188,
    "delta": 0.25,
    "agent": "only_traj",
    "steer_traj": 0.13978387397256045,
    "throttle_traj": 0.75,
    "brake_traj": 0.0,
    "plan": [
        [
            0.2152898907661438,
            1.1697343587875366
        ],
        [
            0.6054738163948059,
            2.633737087249756
        ],
        [
            1.1183321475982666,
            4.283141136169434
        ],
        [
            1.6106594800949097,
            6.300571441650391
        ],
        [
            2.356659173965454,
            8.336886405944824
        ],
        [
            3.2707934379577637,
            10.323630332946777
        ]
    ],
    "command": 2,
    "all_plan": [
        [
            [
                0.20353107154369354,
                1.0465505123138428
            ],
            [
                0.5542804598808289,
                2.3865292072296143
            ],
            [
                1.0037363767623901,
                3.9590418338775635
            ],
            [
                1.4006857872009277,
                5.89069128036499
            ],
            [
                2.0325474739074707,
                7.882041931152344
            ],
            [
                2.816722869873047,
                9.851791381835938
            ]
        ],
        [
            [
                0.3105885982513428,
                1.2552735805511475
            ],
            [
                0.8358792662620544,
                2.7592880725860596
            ],
            [
                1.4489068984985352,
                4.38635778427124
            ],
            [
                2.0403740406036377,
                6.456448554992676
            ],
            [
                2.8383073806762695,
                8.477428436279297
            ],
            [
                3.7432475090026855,
                10.454331398010254
            ]
        ],
        [
            [
                0.2152898907661438,
                1.1697343587875366
            ],
            [
                0.6054738163948059,
                2.633737087249756
            ],
            [
                1.1183321475982666,
                4.283141136169434
            ],
            [
                1.6106594800949097,
                6.300571441650391
            ],
            [
                2.356659173965454,
                8.336886405944824
            ],
            [
                3.2707934379577637,
                10.323630332946777
            ]
        ],
        [
            [
                0.14987176656723022,
                0.8915524482727051
            ],
            [
                0.42955780029296875,
                2.0869665145874023
            ],
            [
                0.8464133739471436,
                3.5393285751342773
            ],
            [
                1.1586618423461914,
                5.397819519042969
            ],
            [
                1.8110536336898804,
                7.2805633544921875
            ],
            [
                2.651336669921875,
                9.150557518005371
            ]
        ],
        [
            [
                0.23427382111549377,
                1.283706545829773
            ],
            [
                0.6666467785835266,
                2.824014663696289
            ],
            [
                1.2106200456619263,
                4.481247425079346
            ],
            [
                1.7950984239578247,
                6.509573936462402
            ],
            [
                2.579763412475586,
                8.500638008117676
            ],
            [
                3.490262508392334,
                10.428757667541504
            ]
        ],
        [
            [
                0.4021359384059906,
                1.499598503112793
            ],
            [
                0.9878362417221069,
                3.277301788330078
            ],
            [
                1.6058170795440674,
                5.167351722717285
            ],
            [
                2.112412691116333,
                7.517485618591309
            ],
            [
                2.8478078842163086,
                9.828083038330078
            ],
            [
                3.6741151809692383,
                12.099150657653809
            ]
        ]
    ],
    "tl_trigger": 3.8923255374356813e-07,
    "tl_status": 0
}