{
    "speed": 6.830687631421101,
    "steer": 0.014364001341164112,
    "throttle": 0.75,
    "brake": 0.0,
    "wp_6": [
        0.1741085648536682,
        21.392751693725586
    ],
    "wp_5": [
        0.1372634619474411,
        18.01274871826172
    ],
    "wp_4": [
        0.12453256547451019,
        14.457456588745117
    ],
    "wp_3": [
        0.2514619827270508,
        10.8865385055542
    ],
    "wp_2": [
        0.20370733737945557,
        7.286388397216797
    ],
    "wp_1": [
        0.13399937748908997,
        3.6609091758728027
    ],
    "aim": [
        0.20370733737945557,
        7.286388397216797
    ],
    "target": [
        -0.7618518415373217,
        37.793652982795614
    ],
    "desired_speed": 7.094123268127442,
    "angle": 0.01779352565223736,
    "angle_last": 0.006939444369197763,
    "angle_target": -0.012831367931384315,
    "angle_final": 0.01779352565223736,
    "delta": 0.25,
    "log_entries": [
        "norm1:5.48",
        "norm2:9.09",
        "norm3:12.67",
        "norm4:16.24",
        "norm5:19.70",
        " ",
        " ",
        " ",
        " ",
        " ",
        " "
    ],
    "agent": "only_traj",
    "steer_traj": 0.014364001185446429,
    "throttle_traj": 0.75,
    "brake_traj": 0.0,
    "plan": [
        [
            0.13399937748908997,
            3.6609091758728027
        ],
        [
            0.20370733737945557,
            7.286388397216797
        ],
        [
            0.2514619827270508,
            10.8865385055542
        ],
        [
            0.12453256547451019,
            14.457456588745117
        ],
        [
            0.1372634619474411,
            18.01274871826172
        ],
        [
            0.1741085648536682,
            21.392751693725586
        ]
    ],
    "command": 3,
    "redefined_command": 3,
    "cmd_softmax_output": [
        0.9999207258224487,
        4.4536718633025885e-05,
        3.464430119493045e-05
    ],
    "all_plan": [
        [
            [
                0.18634483218193054,
                3.583995819091797
            ],
            [
                0.286190927028656,
                7.151288032531738
            ],
            [
                0.3578382730484009,
                10.678006172180176
            ],
            [
                0.17725740373134613,
                14.14805793762207
            ],
            [
                0.18978752195835114,
                17.68239402770996
            ],
            [
                0.24869892001152039,
                21.137248992919922
            ]
        ],
        [
            [
                0.1989869475364685,
                3.5641350746154785
            ],
            [
                0.3339894413948059,
                7.136556625366211
            ],
            [
                0.4522497355937958,
                10.642908096313477
            ],
            [
                0.32312846183776855,
                14.105286598205566
            ],
            [
                0.39940258860588074,
                17.634958267211914
            ],
            [
                0.5302270650863647,
                21.11211395263672
            ]
        ],
        [
            [
                0.14323359727859497,
                3.6979312896728516
            ],
            [
                0.22260940074920654,
                7.388608932495117
            ],
            [
                0.2848532497882843,
                11.037700653076172
            ],
            [
                0.16002821922302246,
                14.648431777954102
            ],
            [
                0.1898282766342163,
                18.30373764038086
            ],
            [
                0.2483673393726349,
                21.872295379638672
            ]
        ],
        [
            [
                0.13399937748908997,
                3.6609091758728027
            ],
            [
                0.20370733737945557,
                7.286388397216797
            ],
            [
                0.2514619827270508,
                10.8865385055542
            ],
            [
                0.12453256547451019,
                14.457456588745117
            ],
            [
                0.1372634619474411,
                18.01274871826172
            ],
            [
                0.1741085648536682,
                21.392751693725586
            ]
        ],
        [
            [
                0.13537022471427917,
                3.6433205604553223
            ],
            [
                0.20760442316532135,
                7.298124313354492
            ],
            [
                0.26594609022140503,
                10.899589538574219
            ],
            [
                0.14591801166534424,
                14.454084396362305
            ],
            [
                0.1721055507659912,
                18.069360733032227
            ],
            [
                0.2264588177204132,
                21.633556365966797
            ]
        ],
        [
            [
                0.22265714406967163,
                3.5287351608276367
            ],
            [
                0.3833514451980591,
                7.0745744705200195
            ],
            [
                0.5274439454078674,
                10.54770565032959
            ],
            [
                0.4011472463607788,
                13.958564758300781
            ],
            [
                0.5029341578483582,
                17.4166202545166
            ],
            [
                0.6673660278320312,
                20.82818603515625
            ]
        ]
    ],
    "tl_trigger": 6.827223728578247e-07,
    "tl_status": 0
}