{
    "speed": 3.069887689111006,
    "steer": -0.006668876390904188,
    "throttle": 0.75,
    "brake": 0.0,
    "wp_6": [
        -0.2780599594116211,
        10.061982154846191
    ],
    "wp_5": [
        -0.1697838306427002,
        8.662278175354004
    ],
    "wp_4": [
        -0.1321364939212799,
        7.098917484283447
    ],
    "wp_3": [
        -0.03937495872378349,
        5.365079879760742
    ],
    "wp_2": [
        -0.01445561833679676,
        3.7408533096313477
    ],
    "wp_1": [
        -0.008912064135074615,
        1.9624770879745483
    ],
    "aim": [
        -0.01445561833679676,
        3.7408533096313477
    ],
    "target": [
        -0.7347795471694019,
        17.17420033948364
    ],
    "desired_speed": 3.24272780418396,
    "angle": -0.002460034293601451,
    "angle_last": -0.049148778948103725,
    "angle_target": -0.02722048635403028,
    "angle_final": -0.002460034293601451,
    "delta": 0.17284011507295372,
    "log_entries": [
        "norm1:2.85",
        "norm2:4.55",
        "norm3:6.23",
        "norm4:7.88",
        "norm5:9.36",
        " ",
        " ",
        " ",
        " ",
        " ",
        " ",
        " ",
        " ",
        " ",
        " ",
        " ",
        " "
    ],
    "agent": "only_traj",
    "steer_traj": -0.00666887622991045,
    "throttle_traj": 0.75,
    "brake_traj": 0.0,
    "plan": [
        [
            -0.008912064135074615,
            1.9624770879745483
        ],
        [
            -0.01445561833679676,
            3.7408533096313477
        ],
        [
            -0.03937495872378349,
            5.365079879760742
        ],
        [
            -0.1321364939212799,
            7.098917484283447
        ],
        [
            -0.1697838306427002,
            8.662278175354004
        ],
        [
            -0.2780599594116211,
            10.061982154846191
        ]
    ],
    "command": 3,
    "redefined_command": 3,
    "cmd_softmax_output": [
        0.9998267292976379,
        0.00017018428479786962,
        3.1339047836809186e-06
    ],
    "all_plan": [
        [
            [
                0.007156535983085632,
                2.201112747192383
            ],
            [
                0.0066949184983968735,
                4.118340969085693
            ],
            [
                -0.00815989077091217,
                5.718743324279785
            ],
            [
                -0.07946646958589554,
                7.255917549133301
            ],
            [
                -0.09805940091609955,
                8.659744262695312
            ],
            [
                -0.17020297050476074,
                9.981231689453125
            ]
        ],
        [
            [
                0.012662306427955627,
                2.054299831390381
            ],
            [
                0.01858167164027691,
                3.9444406032562256
            ],
            [
                0.00588071346282959,
                5.704978942871094
            ],
            [
                -0.054408345371484756,
                7.49857234954834
            ],
            [
                -0.06304125487804413,
                9.072990417480469
            ],
            [
                -0.11216088384389877,
                10.406597137451172
            ]
        ],
        [
            [
                -0.009923465549945831,
                2.042984962463379
            ],
            [
                -0.024503914639353752,
                4.017112731933594
            ],
            [
                -0.06584365665912628,
                5.926837921142578
            ],
            [
                -0.17004290223121643,
                7.982265472412109
            ],
            [
                -0.23143228888511658,
                9.794769287109375
            ],
            [
                -0.3388311564922333,
                11.29926872253418
            ]
        ],
        [
            [
                -0.008912064135074615,
                1.9624770879745483
            ],
            [
                -0.01445561833679676,
                3.7408533096313477
            ],
            [
                -0.03937495872378349,
                5.365079879760742
            ],
            [
                -0.1321364939212799,
                7.098917484283447
            ],
            [
                -0.1697838306427002,
                8.662278175354004
            ],
            [
                -0.2780599594116211,
                10.061982154846191
            ]
        ],
        [
            [
                -0.014990545809268951,
                2.1290125846862793
            ],
            [
                -0.040570519864559174,
                4.138194561004639
            ],
            [
                -0.0949944332242012,
                6.082923889160156
            ],
            [
                -0.2166140079498291,
                8.134685516357422
            ],
            [
                -0.3011793792247772,
                9.908350944519043
            ],
            [
                -0.42163822054862976,
                11.285051345825195
            ]
        ],
        [
            [
                0.02337239682674408,
                2.07768177986145
            ],
            [
                0.035536348819732666,
                4.040076732635498
            ],
            [
                0.026046955958008766,
                5.92919397354126
            ],
            [
                -0.027846062555909157,
                7.859992027282715
            ],
            [
                -0.025633979588747025,
                9.510501861572266
            ],
            [
                -0.04707356542348862,
                10.843978881835938
            ]
        ]
    ],
    "tl_trigger": 4.5967760797793744e-07,
    "tl_status": 0
}