{
    "speed": 0.20191996456907774,
    "steer": -0.04531411826610565,
    "throttle": 0.75,
    "brake": 0.0,
    "wp_6": [
        -0.16743379831314087,
        2.035250186920166
    ],
    "wp_5": [
        -0.10397391021251678,
        1.4062130451202393
    ],
    "wp_4": [
        -0.03217276185750961,
        0.778249979019165
    ],
    "wp_3": [
        -0.020307358354330063,
        0.33780771493911743
    ],
    "wp_2": [
        -8.462835103273392e-05,
        0.15338626503944397
    ],
    "wp_1": [
        0.004122612997889519,
        0.06370604038238525
    ],
    "aim": [
        -0.10397391021251678,
        1.4062130451202393
    ],
    "target": [
        -1.2226127815135506,
        7.3440767088609
    ],
    "desired_speed": 0.7920770168304444,
    "angle": -0.04698550625597913,
    "angle_last": -0.06400831083341113,
    "angle_target": -0.10501883074989635,
    "angle_final": -0.04698550625597913,
    "delta": 0.25,
    "log_entries": [
        "norm1:0.11",
        "norm2:0.25",
        "norm3:0.56",
        "norm4:1.09",
        "norm5:1.73",
        " ",
        " ",
        " ",
        " ",
        " ",
        " ",
        " ",
        " ",
        " ",
        " ",
        " ",
        " "
    ],
    "agent": "only_traj",
    "steer_traj": -0.04531411785887629,
    "throttle_traj": 0.75,
    "brake_traj": 0.0,
    "plan": [
        [
            0.004122612997889519,
            0.06370604038238525
        ],
        [
            -8.462835103273392e-05,
            0.15338626503944397
        ],
        [
            -0.020307358354330063,
            0.33780771493911743
        ],
        [
            -0.03217276185750961,
            0.778249979019165
        ],
        [
            -0.10397391021251678,
            1.4062130451202393
        ],
        [
            -0.16743379831314087,
            2.035250186920166
        ]
    ],
    "command": 3,
    "redefined_command": 3,
    "cmd_softmax_output": [
        0.9999022483825684,
        9.575689909979701e-05,
        2.042577989413985e-06
    ],
    "all_plan": [
        [
            [
                0.011366846971213818,
                0.05388897657394409
            ],
            [
                0.014261519536376,
                0.14277970790863037
            ],
            [
                0.0010144077241420746,
                0.39315682649612427
            ],
            [
                -0.052923478186130524,
                0.943236768245697
            ],
            [
                -0.1405280977487564,
                1.7217766046524048
            ],
            [
                -0.23834732174873352,
                2.518601417541504
            ]
        ],
        [
            [
                0.008123653009533882,
                -0.16881364583969116
            ],
            [
                0.013742644339799881,
                -0.12626756727695465
            ],
            [
                0.0032791662961244583,
                0.28963232040405273
            ],
            [
                -0.052189819514751434,
                1.1074409484863281
            ],
            [
                -0.14061307907104492,
                2.226222038269043
            ],
            [
                -0.2563154697418213,
                3.4201083183288574
            ]
        ],
        [
            [
                0.004880168475210667,
                -0.03507375717163086
            ],
            [
                0.0020555024966597557,
                0.03353218734264374
            ],
            [
                -0.016841255128383636,
                0.29609036445617676
            ],
            [
                -0.03547605499625206,
                0.8746328353881836
            ],
            [
                -0.11503235995769501,
                1.6796958446502686
            ],
            [
                -0.1923261284828186,
                2.5053040981292725
            ]
        ],
        [
            [
                0.004122612997889519,
                0.06370604038238525
            ],
            [
                -8.462835103273392e-05,
                0.15338626503944397
            ],
            [
                -0.020307358354330063,
                0.33780771493911743
            ],
            [
                -0.03217276185750961,
                0.778249979019165
            ],
            [
                -0.10397391021251678,
                1.4062130451202393
            ],
            [
                -0.16743379831314087,
                2.035250186920166
            ]
        ],
        [
            [
                0.003707398660480976,
                -0.1396559476852417
            ],
            [
                0.0016817059367895126,
                -0.04341857135295868
            ],
            [
                -0.014081886038184166,
                0.41417044401168823
            ],
            [
                -0.057616546750068665,
                1.317771077156067
            ],
            [
                -0.1602792888879776,
                2.5428903102874756
            ],
            [
                -0.28165218234062195,
                3.8523712158203125
            ]
        ],
        [
            [
                0.0059676337987184525,
                -0.17512550950050354
            ],
            [
                0.015280615538358688,
                -0.09396146982908249
            ],
            [
                0.01135975681245327,
                0.3850100636482239
            ],
            [
                -0.04607658088207245,
                1.2578396797180176
            ],
            [
                -0.11185989528894424,
                2.408677101135254
            ],
            [
                -0.21428246796131134,
                3.643794536590576
            ]
        ]
    ],
    "tl_trigger": 4.919388629787136e-07,
    "tl_status": 0
}