{
    "speed": 0.05573137103111517,
    "steer": -0.13195231556892395,
    "throttle": 0.75,
    "brake": 0.0,
    "wp_6": [
        -0.324598491191864,
        2.7601232528686523
    ],
    "wp_5": [
        -0.19681745767593384,
        1.878072738647461
    ],
    "wp_4": [
        -0.07028959691524506,
        1.0056350231170654
    ],
    "wp_3": [
        -0.03274252265691757,
        0.4094464182853699
    ],
    "wp_2": [
        -0.002184811979532242,
        0.19506490230560303
    ],
    "wp_1": [
        0.0035863276571035385,
        0.08055758476257324
    ],
    "aim": [
        -0.19681745767593384,
        1.878072738647461
    ],
    "target": [
        -0.3830465277733528,
        6.915487438803279
    ],
    "desired_speed": 1.0805575519800186,
    "angle": -0.06647355377784106,
    "angle_last": -0.09158876648390418,
    "angle_target": -0.03522616011547786,
    "angle_final": -0.06647355377784106,
    "delta": 0.25,
    "log_entries": [
        "norm1:0.14",
        "norm2:0.30",
        "norm3:0.71",
        "norm4:1.45",
        "norm5:2.33",
        " ",
        " ",
        " ",
        " ",
        " ",
        " ",
        " ",
        " ",
        " ",
        " ",
        " ",
        " "
    ],
    "agent": "only_traj",
    "steer_traj": -0.13195230979161066,
    "throttle_traj": 0.75,
    "brake_traj": 0.0,
    "plan": [
        [
            0.0035863276571035385,
            0.08055758476257324
        ],
        [
            -0.002184811979532242,
            0.19506490230560303
        ],
        [
            -0.03274252265691757,
            0.4094464182853699
        ],
        [
            -0.07028959691524506,
            1.0056350231170654
        ],
        [
            -0.19681745767593384,
            1.878072738647461
        ],
        [
            -0.324598491191864,
            2.7601232528686523
        ]
    ],
    "command": 3,
    "redefined_command": 3,
    "cmd_softmax_output": [
        0.9995291233062744,
        0.0004699530254583806,
        9.055992791218159e-07
    ],
    "all_plan": [
        [
            [
                0.002134491689503193,
                -0.04668042063713074
            ],
            [
                0.0004180269315838814,
                0.13101454079151154
            ],
            [
                -0.028828121721744537,
                0.6099025011062622
            ],
            [
                -0.07013320922851562,
                1.6296194791793823
            ],
            [
                -0.20338773727416992,
                3.0060982704162598
            ],
            [
                -0.3413298726081848,
                4.426034927368164
            ]
        ],
        [
            [
                -0.004192381165921688,
                -0.07841318845748901
            ],
            [
                -0.024550925940275192,
                0.1634746640920639
            ],
            [
                -0.0730949193239212,
                0.8165860772132874
            ],
            [
                -0.16743290424346924,
                2.020460844039917
            ],
            [
                -0.3176860511302948,
                3.599940538406372
            ],
            [
                -0.45897501707077026,
                5.280757427215576
            ]
        ],
        [
            [
                -0.007273928262293339,
                -0.09938439726829529
            ],
            [
                -0.01795809343457222,
                0.07316061854362488
            ],
            [
                -0.04710511863231659,
                0.5663319230079651
            ],
            [
                -0.06932920217514038,
                1.5581281185150146
            ],
            [
                -0.18249592185020447,
                2.8877315521240234
            ],
            [
                -0.3052378296852112,
                4.304553985595703
            ]
        ],
        [
            [
                0.0035863276571035385,
                0.08055758476257324
            ],
            [
                -0.002184811979532242,
                0.19506490230560303
            ],
            [
                -0.03274252265691757,
                0.4094464182853699
            ],
            [
                -0.07028959691524506,
                1.0056350231170654
            ],
            [
                -0.19681745767593384,
                1.878072738647461
            ],
            [
                -0.324598491191864,
                2.7601232528686523
            ]
        ],
        [
            [
                -0.009794319979846478,
                0.007457911968231201
            ],
            [
                -0.06605402380228043,
                0.3639525771141052
            ],
            [
                -0.17496968805789948,
                1.1402937173843384
            ],
            [
                -0.392012357711792,
                2.501997947692871
            ],
            [
                -0.6333127021789551,
                4.230185031890869
            ],
            [
                -0.8490514755249023,
                6.054316520690918
            ]
        ],
        [
            [
                -0.010711186565458775,
                -0.050094783306121826
            ],
            [
                -0.025626877322793007,
                0.24708008766174316
            ],
            [
                -0.05490477383136749,
                0.9682268500328064
            ],
            [
                -0.11114095151424408,
                2.1752071380615234
            ],
            [
                -0.20879024267196655,
                3.6994552612304688
            ],
            [
                -0.3236526548862457,
                5.338751792907715
            ]
        ]
    ],
    "tl_trigger": 4.465096878902841e-07,
    "tl_status": 0
}