{
    "speed": -2.1068066072353408e-05,
    "steer": 1.0,
    "throttle": 0.0,
    "brake": 1.0,
    "wp_6": [
        -0.00010301650036126375,
        0.0030352771282196045
    ],
    "wp_5": [
        -6.898364517837763e-05,
        0.00012421607971191406
    ],
    "wp_4": [
        -3.6545912735164165e-05,
        0.00040398165583610535
    ],
    "wp_3": [
        0.0013154406333342195,
        -0.0035642199218273163
    ],
    "wp_2": [
        0.000549906981177628,
        -0.0012336969375610352
    ],
    "wp_1": [
        0.0019422025652602315,
        -0.003281235694885254
    ],
    "aim": [
        0.0019422025652602315,
        -0.003281235694885254
    ],
    "target": [
        -1.1963576088052639,
        6.874110530015851
    ],
    "desired_speed": 0.004925677622668445,
    "angle": 1.6597577970909074,
    "angle_last": -0.007442277838171863,
    "angle_target": -0.10969739420708957,
    "angle_final": 1.6597577970909074,
    "delta": 0.0049467456887407986,
    "log_entries": [
        "norm1:0.00",
        "norm2:0.00",
        "norm3:0.00",
        "norm4:0.00",
        "norm5:0.00",
        " ",
        " ",
        " ",
        " ",
        " ",
        " ",
        " ",
        " ",
        " "
    ],
    "agent": "only_traj",
    "steer_traj": 1.0,
    "throttle_traj": 0.0,
    "brake_traj": 1.0,
    "plan": [
        [
            0.0019422025652602315,
            -0.003281235694885254
        ],
        [
            0.000549906981177628,
            -0.0012336969375610352
        ],
        [
            0.0013154406333342195,
            -0.0035642199218273163
        ],
        [
            -3.6545912735164165e-05,
            0.00040398165583610535
        ],
        [
            -6.898364517837763e-05,
            0.00012421607971191406
        ],
        [
            -0.00010301650036126375,
            0.0030352771282196045
        ]
    ],
    "command": 3,
    "redefined_command": 3,
    "cmd_softmax_output": [
        0.9998262524604797,
        0.00016930147830862552,
        4.51153800895554e-06
    ],
    "all_plan": [
        [
            [
                0.0016683657886460423,
                0.014745891094207764
            ],
            [
                -0.00038593250792473555,
                0.020306900143623352
            ],
            [
                -6.106100045144558e-06,
                0.0200994573533535
            ],
            [
                -0.0005780727369710803,
                0.020323071628808975
            ],
            [
                -0.0007966026896610856,
                0.023748554289340973
            ],
            [
                -0.0013706256868317723,
                0.03799910098314285
            ]
        ],
        [
            [
                0.0009195614838972688,
                0.04065573215484619
            ],
            [
                -0.002576409373432398,
                0.05365139991044998
            ],
            [
                -0.003886775579303503,
                0.06343977153301239
            ],
            [
                -0.0010704565793275833,
                0.07325399667024612
            ],
            [
                -0.0030989579390734434,
                0.10376536846160889
            ],
            [
                -0.004785675555467606,
                0.1565258502960205
            ]
        ],
        [
            [
                0.001792837050743401,
                0.0065517425537109375
            ],
            [
                3.9449078030884266e-05,
                0.010515719652175903
            ],
            [
                0.0005945969605818391,
                0.009343240410089493
            ],
            [
                -0.00033192418050020933,
                0.011268939822912216
            ],
            [
                -0.0004658667603507638,
                0.013010218739509583
            ],
            [
                -0.0007944396929815412,
                0.022106453776359558
            ]
        ],
        [
            [
                0.0019422025652602315,
                -0.003281235694885254
            ],
            [
                0.000549906981177628,
                -0.0012336969375610352
            ],
            [
                0.0013154406333342195,
                -0.0035642199218273163
            ],
            [
                -3.6545912735164165e-05,
                0.00040398165583610535
            ],
            [
                -6.898364517837763e-05,
                0.00012421607971191406
            ],
            [
                -0.00010301650036126375,
                0.0030352771282196045
            ]
        ],
        [
            [
                -0.0007669375045225024,
                0.023756325244903564
            ],
            [
                -0.0062391567043960094,
                0.0531747005879879
            ],
            [
                -0.018437834456562996,
                0.08893405646085739
            ],
            [
                -0.03295990824699402,
                0.2523215115070343
            ],
            [
                -0.0849299430847168,
                0.5123641490936279
            ],
            [
                -0.14255276322364807,
                0.7945588827133179
            ]
        ],
        [
            [
                0.000923996209166944,
                0.05001555383205414
            ],
            [
                -0.0027133729308843613,
                0.06385114043951035
            ],
            [
                -0.003755211131647229,
                0.0718756765127182
            ],
            [
                -0.0014696361031383276,
                0.07356604188680649
            ],
            [
                -0.0029581189155578613,
                0.09702001512050629
            ],
            [
                -0.004786285571753979,
                0.14650046825408936
            ]
        ]
    ],
    "tl_trigger": 4.197876535272371e-07,
    "tl_status": 0
}