{
    "speed": -2.2964365223542705e-05,
    "steer": 1.0,
    "throttle": 0.0,
    "brake": 1.0,
    "wp_6": [
        0.0009033882524818182,
        -0.024723879992961884
    ],
    "wp_5": [
        0.0005087016616016626,
        -0.018632076680660248
    ],
    "wp_4": [
        0.00039339344948530197,
        -0.015410568565130234
    ],
    "wp_3": [
        0.0023646685294806957,
        -0.022351745516061783
    ],
    "wp_2": [
        0.0012929067015647888,
        -0.018335625529289246
    ],
    "wp_1": [
        0.002159612253308296,
        -0.017593681812286377
    ],
    "aim": [
        0.0005087016616016626,
        -0.018632076680660248
    ],
    "target": [
        -0.14142949423438633,
        4.683406458632952
    ],
    "desired_speed": 0.008736554626375436,
    "angle": 1.9826230399961426,
    "angle_last": 1.9588111032747086,
    "angle_target": -0.01921880140555918,
    "angle_final": 1.9826230399961426,
    "delta": 0.00875951899159898,
    "log_entries": [
        "norm1:0.02",
        "norm2:0.02",
        "norm3:0.02",
        "norm4:0.02",
        "norm5:0.02",
        " ",
        " ",
        " ",
        " ",
        " ",
        " ",
        " ",
        " ",
        " ",
        " ",
        " ",
        " "
    ],
    "agent": "only_traj",
    "steer_traj": 1.0,
    "throttle_traj": 0.0,
    "brake_traj": 1.0,
    "plan": [
        [
            0.002159612253308296,
            -0.017593681812286377
        ],
        [
            0.0012929067015647888,
            -0.018335625529289246
        ],
        [
            0.0023646685294806957,
            -0.022351745516061783
        ],
        [
            0.00039339344948530197,
            -0.015410568565130234
        ],
        [
            0.0005087016616016626,
            -0.018632076680660248
        ],
        [
            0.0009033882524818182,
            -0.024723879992961884
        ]
    ],
    "command": 3,
    "redefined_command": 3,
    "cmd_softmax_output": [
        0.9998540878295898,
        0.00014055789506528527,
        5.36946254214854e-06
    ],
    "all_plan": [
        [
            [
                0.0018957332940772176,
                -0.00022208690643310547
            ],
            [
                0.00039109785575419664,
                0.0024216771125793457
            ],
            [
                0.0010911781573668122,
                0.0004514344036579132
            ],
            [
                -0.00012844137381762266,
                0.0037841908633708954
            ],
            [
                -0.00019245839212089777,
                0.0041331946849823
            ],
            [
                -0.00031812593806535006,
                0.008968532085418701
            ]
        ],
        [
            [
                0.0002311180578544736,
                0.005862534046173096
            ],
            [
                0.00041439675260335207,
                0.01979370415210724
            ],
            [
                -0.008861660026013851,
                0.06456856429576874
            ],
            [
                0.003446166403591633,
                0.18339425325393677
            ],
            [
                -0.00419811625033617,
                0.3558168113231659
            ],
            [
                -0.007178065832704306,
                0.5199810266494751
            ]
        ],
        [
            [
                0.0018890948267653584,
                0.0002149343490600586
            ],
            [
                0.0003684108378365636,
                0.002943873405456543
            ],
            [
                0.0010591406608000398,
                0.0010250993072986603
            ],
            [
                -0.00014156929682940245,
                0.0042670778930187225
            ],
            [
                -0.00021009764168411493,
                0.004705905914306641
            ],
            [
                -0.0003488558577373624,
                0.009816139936447144
            ]
        ],
        [
            [
                0.002159612253308296,
                -0.017593681812286377
            ],
            [
                0.0012929067015647888,
                -0.018335625529289246
            ],
            [
                0.0023646685294806957,
                -0.022351745516061783
            ],
            [
                0.00039339344948530197,
                -0.015410568565130234
            ],
            [
                0.0005087016616016626,
                -0.018632076680660248
            ],
            [
                0.0009033882524818182,
                -0.024723879992961884
            ]
        ],
        [
            [
                -0.0021284818649291992,
                -0.059480369091033936
            ],
            [
                -0.004394412972033024,
                -0.043795958161354065
            ],
            [
                -0.022035319358110428,
                0.0764361172914505
            ],
            [
                -0.007385069504380226,
                0.3802635669708252
            ],
            [
                -0.04261656850576401,
                0.8114925622940063
            ],
            [
                -0.0729144886136055,
                1.246580719947815
            ]
        ],
        [
            [
                0.0003831578651443124,
                -0.02411811053752899
            ],
            [
                0.003191945608705282,
                -0.022597424685955048
            ],
            [
                -0.006684478837996721,
                0.049623943865299225
            ],
            [
                0.0037066503427922726,
                0.21765634417533875
            ],
            [
                -0.003780652303248644,
                0.46089625358581543
            ],
            [
                -0.011247413232922554,
                0.7013494968414307
            ]
        ]
    ],
    "tl_trigger": 4.1454015331510163e-07,
    "tl_status": 0
}