{
    "speed": 5.060147174885127,
    "steer": -0.043548472225666046,
    "throttle": 0.75,
    "brake": 0.0,
    "wp_6": [
        -2.5302789211273193,
        15.721090316772461
    ],
    "wp_5": [
        -1.9466466903686523,
        13.668034553527832
    ],
    "wp_4": [
        -1.3532582521438599,
        11.158514022827148
    ],
    "wp_3": [
        -0.7770267724990845,
        8.295461654663086
    ],
    "wp_2": [
        -0.4401189088821411,
        5.428982734680176
    ],
    "wp_1": [
        -0.15881292521953583,
        2.5950570106506348
    ],
    "aim": [
        -0.15881292521953583,
        2.5950570106506348
    ],
    "target": [
        -3.0613779560866057,
        24.959306282913957
    ],
    "desired_speed": 5.347059726715088,
    "angle": -0.03891146374711628,
    "angle_last": -0.1763235620901469,
    "angle_target": -0.07769637585238601,
    "angle_final": -0.03891146374711628,
    "delta": 0.25,
    "log_entries": [
        "norm1:4.02",
        "norm2:6.89",
        "norm3:9.79",
        "norm4:12.52",
        "norm5:14.86",
        " ",
        " ",
        " ",
        " ",
        " ",
        " "
    ],
    "agent": "only_traj",
    "steer_traj": -0.04354847126974568,
    "throttle_traj": 0.75,
    "brake_traj": 0.0,
    "plan": [
        [
            -0.15881292521953583,
            2.5950570106506348
        ],
        [
            -0.4401189088821411,
            5.428982734680176
        ],
        [
            -0.7770267724990845,
            8.295461654663086
        ],
        [
            -1.3532582521438599,
            11.158514022827148
        ],
        [
            -1.9466466903686523,
            13.668034553527832
        ],
        [
            -2.5302789211273193,
            15.721090316772461
        ]
    ],
    "command": 3,
    "redefined_command": 3,
    "cmd_softmax_output": [
        0.9999247789382935,
        7.16614886187017e-05,
        3.619613835326163e-06
    ],
    "all_plan": [
        [
            [
                -0.11388834565877914,
                2.680424690246582
            ],
            [
                -0.3585219085216522,
                5.528569221496582
            ],
            [
                -0.6532468795776367,
                8.295204162597656
            ],
            [
                -1.1790988445281982,
                10.951666831970215
            ],
            [
                -1.7273403406143188,
                13.259689331054688
            ],
            [
                -2.249875545501709,
                15.148569107055664
            ]
        ],
        [
            [
                -0.1455216407775879,
                2.6363282203674316
            ],
            [
                -0.41193321347236633,
                5.468874931335449
            ],
            [
                -0.7068524360656738,
                8.249972343444824
            ],
            [
                -1.1943435668945312,
                10.918208122253418
            ],
            [
                -1.7239117622375488,
                13.240468978881836
            ],
            [
                -2.2388343811035156,
                15.164294242858887
            ]
        ],
        [
            [
                -0.1824021339416504,
                2.754835605621338
            ],
            [
                -0.48756498098373413,
                5.746668815612793
            ],
            [
                -0.8338322639465332,
                8.775989532470703
            ],
            [
                -1.3710505962371826,
                11.797628402709961
            ],
            [
                -1.9551830291748047,
                14.467013359069824
            ],
            [
                -2.5398950576782227,
                16.700496673583984
            ]
        ],
        [
            [
                -0.15881292521953583,
                2.5950570106506348
            ],
            [
                -0.4401189088821411,
                5.428982734680176
            ],
            [
                -0.7770267724990845,
                8.295461654663086
            ],
            [
                -1.3532582521438599,
                11.158514022827148
            ],
            [
                -1.9466466903686523,
                13.668034553527832
            ],
            [
                -2.5302789211273193,
                15.721090316772461
            ]
        ],
        [
            [
                -0.20812448859214783,
                2.7697157859802246
            ],
            [
                -0.5417490601539612,
                5.74022102355957
            ],
            [
                -0.8998250961303711,
                8.724844932556152
            ],
            [
                -1.4301278591156006,
                11.664047241210938
            ],
            [
                -2.019712448120117,
                14.273967742919922
            ],
            [
                -2.61970853805542,
                16.488811492919922
            ]
        ],
        [
            [
                -0.12453228235244751,
                2.619724750518799
            ],
            [
                -0.3639105558395386,
                5.462400436401367
            ],
            [
                -0.6245059967041016,
                8.2014799118042
            ],
            [
                -1.041377305984497,
                10.716894149780273
            ],
            [
                -1.5107300281524658,
                12.794367790222168
            ],
            [
                -1.9603753089904785,
                14.491447448730469
            ]
        ]
    ],
    "tl_trigger": 1.43511431360821e-06,
    "tl_status": 0
}