{
    "speed": 4.319381293319048,
    "steer": -0.004508467391133308,
    "throttle": 0.75,
    "brake": 0.0,
    "wp_6": [
        0.2156970500946045,
        15.679866790771484
    ],
    "wp_5": [
        0.13742880523204803,
        13.86130142211914
    ],
    "wp_4": [
        0.10751361399888992,
        11.254068374633789
    ],
    "wp_3": [
        0.030302943661808968,
        8.05987548828125
    ],
    "wp_2": [
        0.044693492352962494,
        5.164761543273926
    ],
    "wp_1": [
        0.01803191751241684,
        2.4597058296203613
    ],
    "aim": [
        0.01803191751241684,
        2.4597058296203613
    ],
    "target": [
        -0.5822648039087213,
        11.315357264482998
    ],
    "desired_speed": 5.289246559143066,
    "angle": 0.004666964541343743,
    "angle_last": 0.027382200555045925,
    "angle_target": -0.03273026376460102,
    "angle_final": 0.004666964541343743,
    "delta": 0.25,
    "log_entries": [
        "norm1:3.81",
        "norm2:6.61",
        "norm3:9.66",
        "norm4:12.56",
        "norm5:14.77",
        " ",
        " ",
        " ",
        " ",
        " ",
        " ",
        " ",
        " ",
        " "
    ],
    "agent": "only_traj",
    "steer_traj": -0.0045084674740503376,
    "throttle_traj": 0.75,
    "brake_traj": 0.0,
    "plan": [
        [
            0.01803191751241684,
            2.4597058296203613
        ],
        [
            0.044693492352962494,
            5.164761543273926
        ],
        [
            0.030302943661808968,
            8.05987548828125
        ],
        [
            0.10751361399888992,
            11.254068374633789
        ],
        [
            0.13742880523204803,
            13.86130142211914
        ],
        [
            0.2156970500946045,
            15.679866790771484
        ]
    ],
    "command": 3,
    "redefined_command": 3,
    "cmd_softmax_output": [
        0.9940273761749268,
        0.005864775273948908,
        0.00010784529149532318
    ],
    "all_plan": [
        [
            [
                0.07701995968818665,
                2.248671531677246
            ],
            [
                0.024254001677036285,
                4.741563320159912
            ],
            [
                -0.10996808856725693,
                7.359155654907227
            ],
            [
                -0.47012150287628174,
                10.095983505249023
            ],
            [
                -0.7630931735038757,
                12.568947792053223
            ],
            [
                -0.9894405603408813,
                14.713125228881836
            ]
        ],
        [
            [
                0.05196665972471237,
                2.402863025665283
            ],
            [
                0.04356750100851059,
                5.02598762512207
            ],
            [
                -0.007864013314247131,
                7.6432294845581055
            ],
            [
                -0.11513087898492813,
                10.468698501586914
            ],
            [
                -0.15854164958000183,
                12.98552131652832
            ],
            [
                -0.13139879703521729,
                15.096545219421387
            ]
        ],
        [
            [
                0.05839816480875015,
                2.520508289337158
            ],
            [
                0.09245087951421738,
                5.567292213439941
            ],
            [
                0.1243336945772171,
                8.87072467803955
            ],
            [
                0.08895406126976013,
                12.376293182373047
            ],
            [
                0.09059638530015945,
                15.682843208312988
            ],
            [
                0.1270264983177185,
                18.69988250732422
            ]
        ],
        [
            [
                0.01803191751241684,
                2.4597058296203613
            ],
            [
                0.044693492352962494,
                5.164761543273926
            ],
            [
                0.030302943661808968,
                8.05987548828125
            ],
            [
                0.10751361399888992,
                11.254068374633789
            ],
            [
                0.13742880523204803,
                13.86130142211914
            ],
            [
                0.2156970500946045,
                15.679866790771484
            ]
        ],
        [
            [
                0.054493315517902374,
                2.596128463745117
            ],
            [
                0.03853817284107208,
                5.546905517578125
            ],
            [
                -0.007325313985347748,
                8.611091613769531
            ],
            [
                -0.201198011636734,
                11.844108581542969
            ],
            [
                -0.3066214621067047,
                14.850605964660645
            ],
            [
                -0.3483864665031433,
                17.500478744506836
            ]
        ],
        [
            [
                0.04860426485538483,
                2.4020848274230957
            ],
            [
                0.015421487390995026,
                4.900113105773926
            ],
            [
                -0.07146863639354706,
                7.30704927444458
            ],
            [
                -0.2871893644332886,
                9.80746841430664
            ],
            [
                -0.4473761022090912,
                11.973224639892578
            ],
            [
                -0.5277533531188965,
                13.710504531860352
            ]
        ]
    ],
    "tl_trigger": 1.7971851775655523e-06,
    "tl_status": 0
}