{
    "speed": -0.0022190866177175354,
    "steer": -0.008695142343640327,
    "throttle": 0.75,
    "brake": 0.0,
    "wp_6": [
        0.0428176075220108,
        1.7877458333969116
    ],
    "wp_5": [
        0.03404970467090607,
        1.3473039865493774
    ],
    "wp_4": [
        -0.008167590945959091,
        1.0768312215805054
    ],
    "wp_3": [
        -0.005000913515686989,
        0.7447481751441956
    ],
    "wp_2": [
        -0.015562722459435463,
        0.4790463447570801
    ],
    "wp_1": [
        -0.016262898221611977,
        0.2511657774448395
    ],
    "aim": [
        -0.008167590945959091,
        1.0768312215805054
    ],
    "target": [
        0.8525214888431547,
        16.14062973716037
    ],
    "desired_speed": 0.6160673141479491,
    "angle": -0.004828516224789539,
    "angle_last": 0.012671566793644796,
    "angle_target": 0.03359399152325091,
    "angle_final": -0.004828516224789539,
    "delta": 0.25,
    "agent": "only_traj",
    "steer_traj": -0.008695142159688281,
    "throttle_traj": 0.75,
    "brake_traj": 0.0,
    "plan": [
        [
            -0.016262898221611977,
            0.2511657774448395
        ],
        [
            -0.015562722459435463,
            0.4790463447570801
        ],
        [
            -0.005000913515686989,
            0.7447481751441956
        ],
        [
            -0.008167590945959091,
            1.0768312215805054
        ],
        [
            0.03404970467090607,
            1.3473039865493774
        ],
        [
            0.0428176075220108,
            1.7877458333969116
        ]
    ],
    "command": 3,
    "all_plan": [
        [
            [
                0.020156700164079666,
                0.31493687629699707
            ],
            [
                0.03629586100578308,
                0.6575391888618469
            ],
            [
                0.07352321594953537,
                1.2045304775238037
            ],
            [
                -0.01665891706943512,
                1.7876243591308594
            ],
            [
                0.02705489844083786,
                2.436504364013672
            ],
            [
                0.017538847401738167,
                3.2477269172668457
            ]
        ],
        [
            [
                0.03295157477259636,
                0.35185426473617554
            ],
            [
                0.04378422349691391,
                0.67994624376297
            ],
            [
                0.07471467554569244,
                1.1636232137680054
            ],
            [
                -0.01987997442483902,
                1.6379258632659912
            ],
            [
                0.01022280566394329,
                2.2007555961608887
            ],
            [
                -0.002243243157863617,
                2.9177141189575195
            ]
        ],
        [
            [
                -0.0045975930988788605,
                0.24545878171920776
            ],
            [
                0.008947676047682762,
                0.6290060877799988
            ],
            [
                0.04348871111869812,
                1.1968507766723633
            ],
            [
                -0.013109531253576279,
                1.849224328994751
            ],
            [
                0.06146164610981941,
                2.4877705574035645
            ],
            [
                0.06889260560274124,
                3.3250434398651123
            ]
        ],
        [
            [
                -0.016262898221611977,
                0.2511657774448395
            ],
            [
                -0.015562722459435463,
                0.4790463447570801
            ],
            [
                -0.005000913515686989,
                0.7447481751441956
            ],
            [
                -0.008167590945959091,
                1.0768312215805054
            ],
            [
                0.03404970467090607,
                1.3473039865493774
            ],
            [
                0.0428176075220108,
                1.7877458333969116
            ]
        ],
        [
            [
                0.01939605176448822,
                0.34189075231552124
            ],
            [
                0.0313715934753418,
                0.975701630115509
            ],
            [
                0.0556582510471344,
                1.9424405097961426
            ],
            [
                -0.06872954219579697,
                3.0128371715545654
            ],
            [
                -0.019992932677268982,
                4.121359825134277
            ],
            [
                -0.049248553812503815,
                5.437484264373779
            ]
        ],
        [
            [
                0.04182956740260124,
                0.36438870429992676
            ],
            [
                0.05487170070409775,
                0.7288814187049866
            ],
            [
                0.07932613790035248,
                1.266239881515503
            ],
            [
                -0.03252040594816208,
                1.788684606552124
            ],
            [
                -0.015312833711504936,
                2.4077682495117188
            ],
            [
                -0.03352560102939606,
                3.1707050800323486
            ]
        ]
    ],
    "tl_trigger": 0.9999982118606567,
    "tl_status": 0
}