{
    "speed": 4.982596410177395,
    "steer": 0.020038848742842674,
    "throttle": 0.08316469192504883,
    "brake": 0.0,
    "wp_6": [
        -3.8825604915618896,
        13.974325180053711
    ],
    "wp_5": [
        -2.7466683387756348,
        12.703886032104492
    ],
    "wp_4": [
        -1.4367971420288086,
        10.8607759475708
    ],
    "wp_3": [
        -0.09071546047925949,
        8.512453079223633
    ],
    "wp_2": [
        0.12463762611150742,
        5.6413254737854
    ],
    "wp_1": [
        0.07436773926019669,
        2.759814739227295
    ],
    "aim": [
        -1.4367971420288086,
        10.8607759475708
    ],
    "target": [
        0.17849999749793866,
        5.567954115532153
    ],
    "desired_speed": 4.973299169540406,
    "angle": -0.08373366948343562,
    "angle_last": -0.46444128006681323,
    "angle_target": 0.020402057847836066,
    "angle_final": 0.020402057847836066,
    "delta": 0.0,
    "agent": "only_traj",
    "steer_traj": 0.020038849278152922,
    "throttle_traj": 0.08316469440910881,
    "brake_traj": 0.0,
    "plan": [
        [
            0.07436773926019669,
            2.759814739227295
        ],
        [
            0.12463762611150742,
            5.6413254737854
        ],
        [
            -0.09071546047925949,
            8.512453079223633
        ],
        [
            -1.4367971420288086,
            10.8607759475708
        ],
        [
            -2.7466683387756348,
            12.703886032104492
        ],
        [
            -3.8825604915618896,
            13.974325180053711
        ]
    ],
    "command": 3,
    "all_plan": [
        [
            [
                0.17104041576385498,
                2.9607605934143066
            ],
            [
                -0.2508648931980133,
                5.980561256408691
            ],
            [
                -1.1108227968215942,
                8.982842445373535
            ],
            [
                -4.12899112701416,
                10.906126976013184
            ],
            [
                -7.290681838989258,
                12.056777000427246
            ],
            [
                -10.110438346862793,
                12.646601676940918
            ]
        ],
        [
            [
                0.22872912883758545,
                3.186838150024414
            ],
            [
                -0.2152356505393982,
                6.4983229637146
            ],
            [
                -1.1000430583953857,
                9.738606452941895
            ],
            [
                -4.309820175170898,
                11.749479293823242
            ],
            [
                -7.658623695373535,
                13.022512435913086
            ],
            [
                -10.6636323928833,
                13.761384963989258
            ]
        ],
        [
            [
                0.267892450094223,
                3.2350573539733887
            ],
            [
                0.2202441394329071,
                6.693415641784668
            ],
            [
                -0.24330443143844604,
                10.123004913330078
            ],
            [
                -2.4776692390441895,
                12.65295124053955
            ],
            [
                -4.655057907104492,
                14.667632102966309
            ],
            [
                -6.569211959838867,
                16.243600845336914
            ]
        ],
        [
            [
                0.07436773926019669,
                2.759814739227295
            ],
            [
                0.12463762611150742,
                5.6413254737854
            ],
            [
                -0.09071546047925949,
                8.512453079223633
            ],
            [
                -1.4367971420288086,
                10.8607759475708
            ],
            [
                -2.7466683387756348,
                12.703886032104492
            ],
            [
                -3.8825604915618896,
                13.974325180053711
            ]
        ],
        [
            [
                0.35381200909614563,
                3.3765225410461426
            ],
            [
                0.18599329888820648,
                6.92111873626709
            ],
            [
                -0.49445557594299316,
                10.415156364440918
            ],
            [
                -3.388640880584717,
                12.783626556396484
            ],
            [
                -6.2097673416137695,
                14.590690612792969
            ],
            [
                -8.680521011352539,
                15.937969207763672
            ]
        ],
        [
            [
                0.17606666684150696,
                3.097242832183838
            ],
            [
                -0.27556541562080383,
                6.226491928100586
            ],
            [
                -1.143618106842041,
                9.275768280029297
            ],
            [
                -4.272644996643066,
                11.204436302185059
            ],
            [
                -7.361879348754883,
                12.526363372802734
            ],
            [
                -10.09125804901123,
                13.411355018615723
            ]
        ]
    ],
    "tl_trigger": 0.9999967813491821,
    "tl_status": 2
}