{
    "speed": -9.181806670658369e-06,
    "steer": -0.0011083943536505103,
    "throttle": 0.75,
    "brake": 0.0,
    "wp_6": [
        -0.13929037749767303,
        17.063621520996094
    ],
    "wp_5": [
        -0.06750956922769547,
        12.925745010375977
    ],
    "wp_4": [
        -0.022979453206062317,
        8.929086685180664
    ],
    "wp_3": [
        0.005692873150110245,
        5.185903549194336
    ],
    "wp_2": [
        0.018585355952382088,
        2.2522058486938477
    ],
    "wp_1": [
        0.012777112424373627,
        0.4962993562221527
    ],
    "aim": [
        -0.022979453206062317,
        8.929086685180664
    ],
    "target": [
        -0.12933417746553172,
        35.922473091763734
    ],
    "desired_speed": 6.627336311340333,
    "angle": -0.0016383625364489172,
    "angle_last": -0.011042470549685584,
    "angle_target": -0.0022920565252384545,
    "angle_final": -0.0016383625364489172,
    "delta": 0.25,
    "agent": "only_traj",
    "steer_traj": -0.0011083943590897208,
    "throttle_traj": 0.75,
    "brake_traj": 0.0,
    "plan": [
        [
            0.012777112424373627,
            0.4962993562221527
        ],
        [
            0.018585355952382088,
            2.2522058486938477
        ],
        [
            0.005692873150110245,
            5.185903549194336
        ],
        [
            -0.022979453206062317,
            8.929086685180664
        ],
        [
            -0.06750956922769547,
            12.925745010375977
        ],
        [
            -0.13929037749767303,
            17.063621520996094
        ]
    ],
    "command": 3,
    "all_plan": [
        [
            [
                0.034400515258312225,
                0.6235529780387878
            ],
            [
                0.04423899948596954,
                2.4650652408599854
            ],
            [
                0.02853945828974247,
                5.452228546142578
            ],
            [
                -0.06986120343208313,
                9.192712783813477
            ],
            [
                -0.13421550393104553,
                13.215575218200684
            ],
            [
                -0.2220509648323059,
                17.393260955810547
            ]
        ],
        [
            [
                0.03637518733739853,
                0.6505706310272217
            ],
            [
                0.04695701599121094,
                2.5106194019317627
            ],
            [
                0.032323673367500305,
                5.463561058044434
            ],
            [
                -0.05249392241239548,
                9.114594459533691
            ],
            [
                -0.10154066979885101,
                13.000195503234863
            ],
            [
                -0.1595805585384369,
                17.024227142333984
            ]
        ],
        [
            [
                0.020868666470050812,
                0.6115983724594116
            ],
            [
                0.027777256444096565,
                2.553959369659424
            ],
            [
                0.01392475888133049,
                5.695417881011963
            ],
            [
                -0.04349764436483383,
                9.634182929992676
            ],
            [
                -0.09034551680088043,
                13.812971115112305
            ],
            [
                -0.1605481505393982,
                18.12461280822754
            ]
        ],
        [
            [
                0.012777112424373627,
                0.4962993562221527
            ],
            [
                0.018585355952382088,
                2.2522058486938477
            ],
            [
                0.005692873150110245,
                5.185903549194336
            ],
            [
                -0.022979453206062317,
                8.929086685180664
            ],
            [
                -0.06750956922769547,
                12.925745010375977
            ],
            [
                -0.13929037749767303,
                17.063621520996094
            ]
        ],
        [
            [
                0.01960604637861252,
                0.7107402086257935
            ],
            [
                0.018063316121697426,
                2.714233875274658
            ],
            [
                -0.0009536109864711761,
                5.880006313323975
            ],
            [
                -0.09333102405071259,
                9.780668258666992
            ],
            [
                -0.16679894924163818,
                13.92294979095459
            ],
            [
                -0.2715849280357361,
                18.185638427734375
            ]
        ],
        [
            [
                0.04293358325958252,
                0.7785888910293579
            ],
            [
                0.05349291115999222,
                2.680912494659424
            ],
            [
                0.03752805292606354,
                5.581114768981934
            ],
            [
                -0.058521829545497894,
                9.10041618347168
            ],
            [
                -0.11148025095462799,
                12.819823265075684
            ],
            [
                -0.166588693857193,
                16.65736961364746
            ]
        ]
    ],
    "tl_trigger": 4.912150188829401e-07,
    "tl_status": 0
}