{
    "speed": 7.4566892324401435,
    "steer": 0.0022633939515799284,
    "throttle": 0.75,
    "brake": 0.0,
    "wp_6": [
        0.22300225496292114,
        22.667444229125977
    ],
    "wp_5": [
        0.16901108622550964,
        19.040180206298828
    ],
    "wp_4": [
        0.09698104858398438,
        15.223633766174316
    ],
    "wp_3": [
        0.08180471509695053,
        11.359745979309082
    ],
    "wp_2": [
        0.04448288679122925,
        7.544147491455078
    ],
    "wp_1": [
        0.020336903631687164,
        3.7495970726013184
    ],
    "aim": [
        0.09698104858398438,
        15.223633766174316
    ],
    "target": [
        0.5460805355435718,
        23.312984136047415
    ],
    "desired_speed": 7.567687129974365,
    "angle": 0.004055510828646046,
    "angle_last": 0.009475265935051165,
    "angle_target": 0.014909378536355131,
    "angle_final": 0.004055510828646046,
    "delta": 0.1109978975342214,
    "agent": "only_traj",
    "steer_traj": 0.0022633940409157796,
    "throttle_traj": 0.75,
    "brake_traj": 0.0,
    "plan": [
        [
            0.020336903631687164,
            3.7495970726013184
        ],
        [
            0.04448288679122925,
            7.544147491455078
        ],
        [
            0.08180471509695053,
            11.359745979309082
        ],
        [
            0.09698104858398438,
            15.223633766174316
        ],
        [
            0.16901108622550964,
            19.040180206298828
        ],
        [
            0.22300225496292114,
            22.667444229125977
        ]
    ],
    "command": 3,
    "all_plan": [
        [
            [
                0.04815711826086044,
                3.3567862510681152
            ],
            [
                0.09134092181921005,
                6.908498764038086
            ],
            [
                0.1779044270515442,
                10.546231269836426
            ],
            [
                0.11830948293209076,
                14.206724166870117
            ],
            [
                0.17303696274757385,
                17.947120666503906
            ],
            [
                0.23306876420974731,
                21.600229263305664
            ]
        ],
        [
            [
                -0.005473427474498749,
                3.3247456550598145
            ],
            [
                0.018190206959843636,
                6.881369590759277
            ],
            [
                0.13668863475322723,
                10.54860782623291
            ],
            [
                0.12159731984138489,
                14.225769996643066
            ],
            [
                0.21636727452278137,
                18.044889450073242
            ],
            [
                0.3128037750720978,
                21.83749008178711
            ]
        ],
        [
            [
                -0.0009456201223656535,
                3.6617584228515625
            ],
            [
                0.022204415872693062,
                7.464999198913574
            ],
            [
                0.09746261686086655,
                11.317987442016602
            ],
            [
                0.11814489960670471,
                15.206939697265625
            ],
            [
                0.20413270592689514,
                19.119413375854492
            ],
            [
                0.27714240550994873,
                22.907516479492188
            ]
        ],
        [
            [
                0.020336903631687164,
                3.7495970726013184
            ],
            [
                0.04448288679122925,
                7.544147491455078
            ],
            [
                0.08180471509695053,
                11.359745979309082
            ],
            [
                0.09698104858398438,
                15.223633766174316
            ],
            [
                0.16901108622550964,
                19.040180206298828
            ],
            [
                0.22300225496292114,
                22.667444229125977
            ]
        ],
        [
            [
                -0.04157385975122452,
                3.484748363494873
            ],
            [
                -0.04387771338224411,
                7.181736946105957
            ],
            [
                0.046882227063179016,
                10.973352432250977
            ],
            [
                0.05974748358130455,
                14.76950454711914
            ],
            [
                0.1289663314819336,
                18.667301177978516
            ],
            [
                0.17724761366844177,
                22.51175308227539
            ]
        ],
        [
            [
                0.011782728135585785,
                3.23549222946167
            ],
            [
                0.022955434396862984,
                6.706669807434082
            ],
            [
                0.11792286485433578,
                10.290872573852539
            ],
            [
                0.04150080680847168,
                13.90228271484375
            ],
            [
                0.1306850016117096,
                17.6833553314209
            ],
            [
                0.23080414533615112,
                21.44637680053711
            ]
        ]
    ],
    "tl_trigger": 4.5934191916785494e-07,
    "tl_status": 0
}