{
    "speed": 8.392542356036012,
    "steer": -0.0007333395769819617,
    "throttle": 0.06781850010156631,
    "brake": 0.0,
    "wp_6": [
        0.042435549199581146,
        24.0732421875
    ],
    "wp_5": [
        0.03347015008330345,
        20.055801391601562
    ],
    "wp_4": [
        -0.01633022353053093,
        15.965490341186523
    ],
    "wp_3": [
        -0.0704975351691246,
        11.870083808898926
    ],
    "wp_2": [
        -0.07354754209518433,
        7.824712753295898
    ],
    "wp_1": [
        -0.044682420790195465,
        3.826988697052002
    ],
    "aim": [
        -0.01633022353053093,
        15.965490341186523
    ],
    "target": [
        0.5239710982152468,
        34.27423349944351
    ],
    "desired_speed": 8.098812007904053,
    "angle": -0.0006511725284097408,
    "angle_last": 0.0014207274108182385,
    "angle_target": 0.0097316364074781,
    "angle_final": -0.0006511725284097408,
    "delta": 0.0,
    "agent": "only_traj",
    "steer_traj": -0.000733339601230487,
    "throttle_traj": 0.06781849912278144,
    "brake_traj": 0.0,
    "plan": [
        [
            -0.044682420790195465,
            3.826988697052002
        ],
        [
            -0.07354754209518433,
            7.824712753295898
        ],
        [
            -0.0704975351691246,
            11.870083808898926
        ],
        [
            -0.01633022353053093,
            15.965490341186523
        ],
        [
            0.03347015008330345,
            20.055801391601562
        ],
        [
            0.042435549199581146,
            24.0732421875
        ]
    ],
    "command": 2,
    "all_plan": [
        [
            [
                -0.01014324277639389,
                3.770455837249756
            ],
            [
                -0.02326810173690319,
                7.69325065612793
            ],
            [
                -0.01472776010632515,
                11.656340599060059
            ],
            [
                -0.003642447292804718,
                15.652032852172852
            ],
            [
                0.032986074686050415,
                19.65882682800293
            ],
            [
                0.04043077677488327,
                23.600452423095703
            ]
        ],
        [
            [
                -0.008942089974880219,
                3.7422590255737305
            ],
            [
                -0.013572199270129204,
                7.662173271179199
            ],
            [
                0.00628618523478508,
                11.640320777893066
            ],
            [
                0.03519659489393234,
                15.669797897338867
            ],
            [
                0.0919543206691742,
                19.708328247070312
            ],
            [
                0.12418007105588913,
                23.68379783630371
            ]
        ],
        [
            [
                -0.044682420790195465,
                3.826988697052002
            ],
            [
                -0.07354754209518433,
                7.824712753295898
            ],
            [
                -0.0704975351691246,
                11.870083808898926
            ],
            [
                -0.01633022353053093,
                15.965490341186523
            ],
            [
                0.03347015008330345,
                20.055801391601562
            ],
            [
                0.042435549199581146,
                24.0732421875
            ]
        ],
        [
            [
                -0.04848717898130417,
                3.863293170928955
            ],
            [
                -0.08260758221149445,
                7.850019454956055
            ],
            [
                -0.0891396775841713,
                11.851789474487305
            ],
            [
                -0.03438379988074303,
                15.89264965057373
            ],
            [
                0.009026002138853073,
                19.914260864257812
            ],
            [
                0.008901452645659447,
                23.836816787719727
            ]
        ],
        [
            [
                -0.04614163190126419,
                3.782477378845215
            ],
            [
                -0.08192969858646393,
                7.746520042419434
            ],
            [
                -0.08816758543252945,
                11.774584770202637
            ],
            [
                -0.04499289020895958,
                15.853090286254883
            ],
            [
                -0.008962679654359818,
                19.9310302734375
            ],
            [
                -0.016023242846131325,
                23.942007064819336
            ]
        ],
        [
            [
                0.007852308452129364,
                3.654252052307129
            ],
            [
                0.010949933901429176,
                7.47752571105957
            ],
            [
                0.033853206783533096,
                11.359256744384766
            ],
            [
                0.042124852538108826,
                15.284502029418945
            ],
            [
                0.09223046153783798,
                19.228532791137695
            ],
            [
                0.12501077353954315,
                23.117177963256836
            ]
        ]
    ],
    "tl_trigger": 4.714157739726943e-07,
    "tl_status": 0
}