{
    "speed": 7.991643447315131,
    "steer": 0.0026552784256637096,
    "throttle": 0.75,
    "brake": 0.0,
    "wp_6": [
        0.2615838050842285,
        25.011995315551758
    ],
    "wp_5": [
        0.19539591670036316,
        20.818593978881836
    ],
    "wp_4": [
        0.07074180245399475,
        16.56666374206543
    ],
    "wp_3": [
        -0.14646443724632263,
        12.283232688903809
    ],
    "wp_2": [
        -0.1703805923461914,
        8.091144561767578
    ],
    "wp_1": [
        -0.1259639412164688,
        3.9451394081115723
    ],
    "aim": [
        0.07074180245399475,
        16.56666374206543
    ],
    "target": [
        0.23094357244788696,
        25.909365954448024
    ],
    "desired_speed": 8.43000602722168,
    "angle": 0.002718463353120661,
    "angle_last": 0.010047484005516676,
    "angle_target": 0.005674370853442815,
    "angle_final": 0.002718463353120661,
    "delta": 0.25,
    "agent": "only_traj",
    "steer_traj": 0.002655278441900828,
    "throttle_traj": 0.75,
    "brake_traj": 0.0,
    "plan": [
        [
            -0.1259639412164688,
            3.9451394081115723
        ],
        [
            -0.1703805923461914,
            8.091144561767578
        ],
        [
            -0.14646443724632263,
            12.283232688903809
        ],
        [
            0.07074180245399475,
            16.56666374206543
        ],
        [
            0.19539591670036316,
            20.818593978881836
        ],
        [
            0.2615838050842285,
            25.011995315551758
        ]
    ],
    "command": 2,
    "all_plan": [
        [
            [
                -0.07098937779664993,
                3.7992610931396484
            ],
            [
                -0.09378601610660553,
                7.780003547668457
            ],
            [
                -0.07031259685754776,
                11.792291641235352
            ],
            [
                0.07354617863893509,
                15.866002082824707
            ],
            [
                0.17515619099140167,
                19.911251068115234
            ],
            [
                0.22691717743873596,
                23.89426040649414
            ]
        ],
        [
            [
                -0.08415795117616653,
                3.7623233795166016
            ],
            [
                -0.10656866431236267,
                7.738895416259766
            ],
            [
                -0.07318263500928879,
                11.781427383422852
            ],
            [
                0.10276707261800766,
                15.911581039428711
            ],
            [
                0.2234334945678711,
                20.02189064025879
            ],
            [
                0.29968175292015076,
                24.084049224853516
            ]
        ],
        [
            [
                -0.1259639412164688,
                3.9451394081115723
            ],
            [
                -0.1703805923461914,
                8.091144561767578
            ],
            [
                -0.14646443724632263,
                12.283232688903809
            ],
            [
                0.07074180245399475,
                16.56666374206543
            ],
            [
                0.19539591670036316,
                20.818593978881836
            ],
            [
                0.2615838050842285,
                25.011995315551758
            ]
        ],
        [
            [
                -0.15860983729362488,
                3.978870391845703
            ],
            [
                -0.22434377670288086,
                8.101945877075195
            ],
            [
                -0.21218399703502655,
                12.212992668151855
            ],
            [
                0.0320681631565094,
                16.38420867919922
            ],
            [
                0.15565967559814453,
                20.50826644897461
            ],
            [
                0.21302619576454163,
                24.563112258911133
            ]
        ],
        [
            [
                -0.1357637643814087,
                3.829594135284424
            ],
            [
                -0.19721442461013794,
                7.894567012786865
            ],
            [
                -0.18962909281253815,
                12.049631118774414
            ],
            [
                0.011402055621147156,
                16.29606819152832
            ],
            [
                0.10998287051916122,
                20.519445419311523
            ],
            [
                0.1439223736524582,
                24.701282501220703
            ]
        ],
        [
            [
                -0.06049179285764694,
                3.7003917694091797
            ],
            [
                -0.07068593800067902,
                7.60595703125
            ],
            [
                -0.03496278077363968,
                11.569809913635254
            ],
            [
                0.11799449473619461,
                15.616399765014648
            ],
            [
                0.23472489416599274,
                19.64207649230957
            ],
            [
                0.31232354044914246,
                23.614925384521484
            ]
        ]
    ],
    "tl_trigger": 4.3648546466101834e-07,
    "tl_status": 0
}