{
    "speed": 7.636088639097437,
    "steer": 0.00040779547998681664,
    "throttle": 0.75,
    "brake": 0.0,
    "wp_6": [
        0.0660121813416481,
        23.455516815185547
    ],
    "wp_5": [
        0.04537560045719147,
        19.498828887939453
    ],
    "wp_4": [
        -0.024704836308956146,
        15.452798843383789
    ],
    "wp_3": [
        -0.1353529989719391,
        11.388677597045898
    ],
    "wp_2": [
        -0.1550358533859253,
        7.407381534576416
    ],
    "wp_1": [
        -0.1050780862569809,
        3.5801525115966797
    ],
    "aim": [
        -0.024704836308956146,
        15.452798843383789
    ],
    "target": [
        -0.05609141683139116,
        35.75129312089019
    ],
    "desired_speed": 7.951162338256835,
    "angle": -0.0010177260138670918,
    "angle_last": 0.00332035480098034,
    "angle_target": -0.000998813542057866,
    "angle_final": -0.000998813542057866,
    "delta": 0.25,
    "agent": "only_traj",
    "steer_traj": 0.0004077954848746424,
    "throttle_traj": 0.75,
    "brake_traj": 0.0,
    "plan": [
        [
            -0.1050780862569809,
            3.5801525115966797
        ],
        [
            -0.1550358533859253,
            7.407381534576416
        ],
        [
            -0.1353529989719391,
            11.388677597045898
        ],
        [
            -0.024704836308956146,
            15.452798843383789
        ],
        [
            0.04537560045719147,
            19.498828887939453
        ],
        [
            0.0660121813416481,
            23.455516815185547
        ]
    ],
    "command": 2,
    "all_plan": [
        [
            [
                -0.06307277828454971,
                3.404183864593506
            ],
            [
                -0.09606002271175385,
                7.0891032218933105
            ],
            [
                -0.07968022674322128,
                10.951305389404297
            ],
            [
                -0.018728118389844894,
                14.904080390930176
            ],
            [
                0.03125258907675743,
                18.847505569458008
            ],
            [
                0.04563646763563156,
                22.70590591430664
            ]
        ],
        [
            [
                -0.080315001308918,
                3.4254021644592285
            ],
            [
                -0.11321401596069336,
                7.134281158447266
            ],
            [
                -0.0799211785197258,
                11.022077560424805
            ],
            [
                0.014153614640235901,
                14.997926712036133
            ],
            [
                0.08964400738477707,
                18.974781036376953
            ],
            [
                0.12817128002643585,
                22.891128540039062
            ]
        ],
        [
            [
                -0.1050780862569809,
                3.5801525115966797
            ],
            [
                -0.1550358533859253,
                7.407381534576416
            ],
            [
                -0.1353529989719391,
                11.388677597045898
            ],
            [
                -0.024704836308956146,
                15.452798843383789
            ],
            [
                0.04537560045719147,
                19.498828887939453
            ],
            [
                0.0660121813416481,
                23.455516815185547
            ]
        ],
        [
            [
                -0.10136016458272934,
                3.5351061820983887
            ],
            [
                -0.15390363335609436,
                7.311132431030273
            ],
            [
                -0.14740100502967834,
                11.242225646972656
            ],
            [
                -0.044920168817043304,
                15.26640510559082
            ],
            [
                0.012796416878700256,
                19.253753662109375
            ],
            [
                0.021627405658364296,
                23.118803024291992
            ]
        ],
        [
            [
                -0.11536429077386856,
                3.550200939178467
            ],
            [
                -0.1765591949224472,
                7.344217300415039
            ],
            [
                -0.16444464027881622,
                11.292221069335938
            ],
            [
                -0.05705014616250992,
                15.309770584106445
            ],
            [
                0.002215445041656494,
                19.320655822753906
            ],
            [
                0.006442570593208075,
                23.263023376464844
            ]
        ],
        [
            [
                -0.07247994840145111,
                3.3255391120910645
            ],
            [
                -0.10360262542963028,
                6.923589706420898
            ],
            [
                -0.07051068544387817,
                10.693180084228516
            ],
            [
                0.009566523134708405,
                14.538863182067871
            ],
            [
                0.077985480427742,
                18.398876190185547
            ],
            [
                0.11231289058923721,
                22.215042114257812
            ]
        ]
    ],
    "tl_trigger": 5.041689519202919e-07,
    "tl_status": 0
}