{
    "speed": 7.957608190639773,
    "steer": 0.0029064216651022434,
    "throttle": 0.75,
    "brake": 0.0,
    "wp_6": [
        0.33093273639678955,
        24.604597091674805
    ],
    "wp_5": [
        0.24110719561576843,
        20.513917922973633
    ],
    "wp_4": [
        0.0797254741191864,
        16.333003997802734
    ],
    "wp_3": [
        -0.1990518569946289,
        12.090457916259766
    ],
    "wp_2": [
        -0.24788305163383484,
        7.933984279632568
    ],
    "wp_1": [
        -0.18618424236774445,
        3.8599181175231934
    ],
    "aim": [
        0.0797254741191864,
        16.333003997802734
    ],
    "target": [
        0.4469169396154797,
        28.287299722096062
    ],
    "desired_speed": 8.30347309112549,
    "angle": 0.0031074805718482763,
    "angle_last": 0.013977043617006567,
    "angle_target": 0.010057251612548428,
    "angle_final": 0.0031074805718482763,
    "delta": 0.25,
    "agent": "only_traj",
    "steer_traj": 0.002906421722182562,
    "throttle_traj": 0.75,
    "brake_traj": 0.0,
    "plan": [
        [
            -0.18618424236774445,
            3.8599181175231934
        ],
        [
            -0.24788305163383484,
            7.933984279632568
        ],
        [
            -0.1990518569946289,
            12.090457916259766
        ],
        [
            0.0797254741191864,
            16.333003997802734
        ],
        [
            0.24110719561576843,
            20.513917922973633
        ],
        [
            0.33093273639678955,
            24.604597091674805
        ]
    ],
    "command": 2,
    "all_plan": [
        [
            [
                -0.11560803651809692,
                3.7187891006469727
            ],
            [
                -0.14691859483718872,
                7.58952522277832
            ],
            [
                -0.10027114301919937,
                11.566267013549805
            ],
            [
                0.08121798187494278,
                15.623640060424805
            ],
            [
                0.2125696837902069,
                19.57421875
            ],
            [
                0.28608739376068115,
                23.323564529418945
            ]
        ],
        [
            [
                -0.11644534766674042,
                3.7043380737304688
            ],
            [
                -0.1457282155752182,
                7.6195878982543945
            ],
            [
                -0.09052332490682602,
                11.6318998336792
            ],
            [
                0.10884688049554825,
                15.72416877746582
            ],
            [
                0.25318610668182373,
                19.76563835144043
            ],
            [
                0.34778502583503723,
                23.708797454833984
            ]
        ],
        [
            [
                -0.18618424236774445,
                3.8599181175231934
            ],
            [
                -0.24788305163383484,
                7.933984279632568
            ],
            [
                -0.1990518569946289,
                12.090457916259766
            ],
            [
                0.0797254741191864,
                16.333003997802734
            ],
            [
                0.24110719561576843,
                20.513917922973633
            ],
            [
                0.33093273639678955,
                24.604597091674805
            ]
        ],
        [
            [
                -0.20539036393165588,
                3.860915184020996
            ],
            [
                -0.2784923315048218,
                7.853277206420898
            ],
            [
                -0.24343150854110718,
                11.935540199279785
            ],
            [
                0.045903533697128296,
                16.11627960205078
            ],
            [
                0.20069926977157593,
                20.177690505981445
            ],
            [
                0.27674439549446106,
                24.034236907958984
            ]
        ],
        [
            [
                -0.1869966685771942,
                3.771320343017578
            ],
            [
                -0.2645694315433502,
                7.789021015167236
            ],
            [
                -0.23372775316238403,
                11.899274826049805
            ],
            [
                0.016553670167922974,
                16.07474708557129
            ],
            [
                0.14698642492294312,
                20.211162567138672
            ],
            [
                0.20293930172920227,
                24.305213928222656
            ]
        ],
        [
            [
                -0.09475670009851456,
                3.649416446685791
            ],
            [
                -0.10526028275489807,
                7.523099899291992
            ],
            [
                -0.032918162643909454,
                11.481131553649902
            ],
            [
                0.16020047664642334,
                15.512311935424805
            ],
            [
                0.3168849050998688,
                19.501436233520508
            ],
            [
                0.429706871509552,
                23.412944793701172
            ]
        ]
    ],
    "tl_trigger": 4.6830379574203107e-07,
    "tl_status": 0
}