{
    "speed": -5.1485517771674356e-06,
    "steer": -0.02138056978583336,
    "throttle": 0.0,
    "brake": 1.0,
    "wp_6": [
        -0.00022593617904931307,
        0.006425708532333374
    ],
    "wp_5": [
        -0.00013954064343124628,
        0.0024150609970092773
    ],
    "wp_4": [
        -8.90576047822833e-05,
        0.002335529774427414
    ],
    "wp_3": [
        0.0011872906470671296,
        -0.001269560307264328
    ],
    "wp_2": [
        0.0004591589095070958,
        0.0008550882339477539
    ],
    "wp_1": [
        0.001915648696012795,
        -0.0015331506729125977
    ],
    "aim": [
        -8.90576047822833e-05,
        0.002335529774427414
    ],
    "target": [
        -0.2404521850312289,
        10.837436541244072
    ],
    "desired_speed": 0.005189368824358099,
    "angle": -0.02426359183508849,
    "angle_last": -0.013711632586335789,
    "angle_target": -0.01412248216974647,
    "angle_final": -0.01412248216974647,
    "delta": 0.005194517376135266,
    "agent": "only_traj",
    "steer_traj": -0.021380569718427025,
    "throttle_traj": 0.0,
    "brake_traj": 1.0,
    "plan": [
        [
            0.001915648696012795,
            -0.0015331506729125977
        ],
        [
            0.0004591589095070958,
            0.0008550882339477539
        ],
        [
            0.0011872906470671296,
            -0.001269560307264328
        ],
        [
            -8.90576047822833e-05,
            0.002335529774427414
        ],
        [
            -0.00013954064343124628,
            0.0024150609970092773
        ],
        [
            -0.00022593617904931307,
            0.006425708532333374
        ]
    ],
    "command": 3,
    "all_plan": [
        [
            [
                0.0020102467387914658,
                -0.0077607035636901855
            ],
            [
                0.000782448798418045,
                -0.006586208939552307
            ],
            [
                0.0016438248567283154,
                -0.009444285184144974
            ],
            [
                9.80151817202568e-05,
                -0.004545610398054123
            ],
            [
                0.00011181854642927647,
                -0.005746074020862579
            ],
            [
                0.0002119650598615408,
                -0.00565270334482193
            ]
        ],
        [
            [
                0.0020716525614261627,
                -0.011803150177001953
            ],
            [
                0.0009923037141561508,
                -0.011416524648666382
            ],
            [
                0.0019401716999709606,
                -0.014750685542821884
            ],
            [
                0.00021944846957921982,
                -0.009012315422296524
            ],
            [
                0.0002749816048890352,
                -0.011043652892112732
            ],
            [
                0.0004962168168276548,
                -0.013493075966835022
            ]
        ],
        [
            [
                0.0020052678883075714,
                -0.0074329376220703125
            ],
            [
                0.0007654335349798203,
                -0.006194561719894409
            ],
            [
                0.001619796734303236,
                -0.009014036506414413
            ],
            [
                8.816923946142197e-05,
                -0.0041834451258182526
            ],
            [
                9.85891092568636e-05,
                -0.005316540598869324
            ],
            [
                0.00018891762010753155,
                -0.005016997456550598
            ]
        ],
        [
            [
                0.001915648696012795,
                -0.0015331506729125977
            ],
            [
                0.0004591589095070958,
                0.0008550882339477539
            ],
            [
                0.0011872906470671296,
                -0.001269560307264328
            ],
            [
                -8.90576047822833e-05,
                0.002335529774427414
            ],
            [
                -0.00013954064343124628,
                0.0024150609970092773
            ],
            [
                -0.00022593617904931307,
                0.006425708532333374
            ]
        ],
        [
            [
                0.0020882487297058105,
                -0.012895703315734863
            ],
            [
                0.0010490212589502335,
                -0.012722015380859375
            ],
            [
                0.0020202654413878918,
                -0.016184847801923752
            ],
            [
                0.0002522682771086693,
                -0.010219532996416092
            ],
            [
                0.00031907972879707813,
                -0.012475430965423584
            ],
            [
                0.0005730416160076857,
                -0.015612095594406128
            ]
        ],
        [
            [
                0.0021031852811574936,
                -0.013879001140594482
            ],
            [
                0.0011000670492649078,
                -0.013896957039833069
            ],
            [
                0.00209234980866313,
                -0.017475593835115433
            ],
            [
                0.0002818061038851738,
                -0.011306028813123703
            ],
            [
                0.00035876804031431675,
                -0.01376403123140335
            ],
            [
                0.0006421839352697134,
                -0.017519213259220123
            ]
        ]
    ],
    "tl_trigger": 0.9999992847442627,
    "tl_status": 0
}