{
    "speed": 0.5222062921659777,
    "steer": 0.17278516292572021,
    "throttle": 0.75,
    "brake": 0.0,
    "wp_6": [
        4.897190093994141,
        14.608975410461426
    ],
    "wp_5": [
        3.583498001098633,
        11.758565902709961
    ],
    "wp_4": [
        2.4300265312194824,
        8.872312545776367
    ],
    "wp_3": [
        1.901210904121399,
        5.92189359664917
    ],
    "wp_2": [
        1.0775197744369507,
        3.675795316696167
    ],
    "wp_1": [
        0.42338618636131287,
        1.6499202251434326
    ],
    "aim": [
        2.4300265312194824,
        8.872312545776367
    ],
    "target": [
        1.66251668551984,
        14.465768103788799
    ],
    "desired_speed": 5.50617790222168,
    "angle": 0.17018931354148809,
    "angle_last": 0.27493284475732005,
    "angle_target": 0.07284561040019472,
    "angle_final": 0.07284561040019472,
    "delta": 0.25,
    "agent": "only_traj",
    "steer_traj": 0.17278515987204796,
    "throttle_traj": 0.75,
    "brake_traj": 0.0,
    "plan": [
        [
            0.42338618636131287,
            1.6499202251434326
        ],
        [
            1.0775197744369507,
            3.675795316696167
        ],
        [
            1.901210904121399,
            5.92189359664917
        ],
        [
            2.4300265312194824,
            8.872312545776367
        ],
        [
            3.583498001098633,
            11.758565902709961
        ],
        [
            4.897190093994141,
            14.608975410461426
        ]
    ],
    "command": 1,
    "all_plan": [
        [
            [
                0.27481991052627563,
                1.6323485374450684
            ],
            [
                0.7012298107147217,
                3.772559642791748
            ],
            [
                1.246429681777954,
                6.165805816650391
            ],
            [
                1.6306629180908203,
                9.108560562133789
            ],
            [
                2.4727630615234375,
                12.085315704345703
            ],
            [
                3.506143808364868,
                14.980600357055664
            ]
        ],
        [
            [
                0.42338618636131287,
                1.6499202251434326
            ],
            [
                1.0775197744369507,
                3.675795316696167
            ],
            [
                1.901210904121399,
                5.92189359664917
            ],
            [
                2.4300265312194824,
                8.872312545776367
            ],
            [
                3.583498001098633,
                11.758565902709961
            ],
            [
                4.897190093994141,
                14.608975410461426
            ]
        ],
        [
            [
                0.1897922158241272,
                1.6838167905807495
            ],
            [
                0.6086101531982422,
                3.968494415283203
            ],
            [
                1.1898438930511475,
                6.478498458862305
            ],
            [
                1.847168207168579,
                9.566354751586914
            ],
            [
                2.860696792602539,
                12.526086807250977
            ],
            [
                4.039981365203857,
                15.383092880249023
            ]
        ],
        [
            [
                0.08726833015680313,
                1.5582786798477173
            ],
            [
                0.4045183062553406,
                3.693587303161621
            ],
            [
                0.8856554627418518,
                5.977021217346191
            ],
            [
                1.5901854038238525,
                8.77216911315918
            ],
            [
                2.518721103668213,
                11.36127758026123
            ],
            [
                3.6097095012664795,
                13.787168502807617
            ]
        ],
        [
            [
                0.24894675612449646,
                1.7789652347564697
            ],
            [
                0.7379159927368164,
                4.074522018432617
            ],
            [
                1.4035296440124512,
                6.594825744628906
            ],
            [
                2.0965356826782227,
                9.652368545532227
            ],
            [
                3.1764044761657715,
                12.658888816833496
            ],
            [
                4.401124477386475,
                15.604074478149414
            ]
        ],
        [
            [
                0.48299142718315125,
                1.9993743896484375
            ],
            [
                1.1211682558059692,
                4.344333648681641
            ],
            [
                1.8506944179534912,
                6.851366996765137
            ],
            [
                2.2002251148223877,
                9.945690155029297
            ],
            [
                3.1408677101135254,
                13.010759353637695
            ],
            [
                4.213318824768066,
                16.028518676757812
            ]
        ]
    ],
    "tl_trigger": 3.9267422380362405e-07,
    "tl_status": 0
}