{
    "speed": 0.006380439481402728,
    "steer": 0.02307506464421749,
    "throttle": 0.75,
    "brake": 0.0,
    "wp_6": [
        1.3345484733581543,
        11.769693374633789
    ],
    "wp_5": [
        0.8474795818328857,
        8.771883010864258
    ],
    "wp_4": [
        0.4708387851715088,
        5.850563049316406
    ],
    "wp_3": [
        0.280656099319458,
        3.1016314029693604
    ],
    "wp_2": [
        0.10261301696300507,
        1.1434593200683594
    ],
    "wp_1": [
        0.016468800604343414,
        0.08116370439529419
    ],
    "aim": [
        0.4708387851715088,
        5.850563049316406
    ],
    "target": [
        0.1591077787512729,
        15.154368153907729
    ],
    "desired_speed": 4.708062219619752,
    "angle": 0.05112340687307481,
    "angle_last": 0.10253871832421668,
    "angle_target": 0.006683712265020707,
    "angle_final": 0.006683712265020707,
    "delta": 0.25,
    "agent": "only_traj",
    "steer_traj": 0.023075064533910367,
    "throttle_traj": 0.75,
    "brake_traj": 0.0,
    "plan": [
        [
            0.016468800604343414,
            0.08116370439529419
        ],
        [
            0.10261301696300507,
            1.1434593200683594
        ],
        [
            0.280656099319458,
            3.1016314029693604
        ],
        [
            0.4708387851715088,
            5.850563049316406
        ],
        [
            0.8474795818328857,
            8.771883010864258
        ],
        [
            1.3345484733581543,
            11.769693374633789
        ]
    ],
    "command": 1,
    "all_plan": [
        [
            [
                0.02124251052737236,
                -0.06415718793869019
            ],
            [
                0.07353708148002625,
                1.0097107887268066
            ],
            [
                0.1860765814781189,
                3.164278030395508
            ],
            [
                0.2756492793560028,
                6.130805015563965
            ],
            [
                0.5175743103027344,
                9.351804733276367
            ],
            [
                0.8640066385269165,
                12.729869842529297
            ]
        ],
        [
            [
                0.016468800604343414,
                0.08116370439529419
            ],
            [
                0.10261301696300507,
                1.1434593200683594
            ],
            [
                0.280656099319458,
                3.1016314029693604
            ],
            [
                0.4708387851715088,
                5.850563049316406
            ],
            [
                0.8474795818328857,
                8.771883010864258
            ],
            [
                1.3345484733581543,
                11.769693374633789
            ]
        ],
        [
            [
                0.005265958607196808,
                0.1379808783531189
            ],
            [
                0.07553955167531967,
                1.4313108921051025
            ],
            [
                0.22995993494987488,
                3.738135576248169
            ],
            [
                0.4583011269569397,
                6.897899150848389
            ],
            [
                0.8349049687385559,
                10.243380546569824
            ],
            [
                1.3174147605895996,
                13.704055786132812
            ]
        ],
        [
            [
                -0.01033707894384861,
                0.11721664667129517
            ],
            [
                0.04048730432987213,
                1.2987055778503418
            ],
            [
                0.18431997299194336,
                3.4302663803100586
            ],
            [
                0.4107089042663574,
                6.348785400390625
            ],
            [
                0.7831393480300903,
                9.457829475402832
            ],
            [
                1.258083462715149,
                12.70876407623291
            ]
        ],
        [
            [
                0.0040359459817409515,
                0.12156462669372559
            ],
            [
                0.06123011186718941,
                1.381861925125122
            ],
            [
                0.1843458116054535,
                3.6444408893585205
            ],
            [
                0.3837125301361084,
                6.734073638916016
            ],
            [
                0.7044867873191833,
                10.024983406066895
            ],
            [
                1.1061348915100098,
                13.433762550354004
            ]
        ],
        [
            [
                0.05789055675268173,
                0.20159536600112915
            ],
            [
                0.1523853838443756,
                1.4535222053527832
            ],
            [
                0.2886090874671936,
                3.668131113052368
            ],
            [
                0.3674158751964569,
                6.579953670501709
            ],
            [
                0.6226192712783813,
                9.705245971679688
            ],
            [
                0.9444278478622437,
                12.973679542541504
            ]
        ]
    ],
    "tl_trigger": 3.726368902334798e-07,
    "tl_status": 0
}