{
    "speed": 0.016184185877210183,
    "steer": 0.05136542394757271,
    "throttle": 0.75,
    "brake": 0.0,
    "wp_6": [
        2.3045871257781982,
        12.758628845214844
    ],
    "wp_5": [
        1.5176653861999512,
        9.687952995300293
    ],
    "wp_4": [
        0.8833385705947876,
        6.672426223754883
    ],
    "wp_3": [
        0.541694164276123,
        3.7853195667266846
    ],
    "wp_2": [
        0.21646033227443695,
        1.7080004215240479
    ],
    "wp_1": [
        0.04648776352405548,
        0.40357446670532227
    ],
    "aim": [
        0.8833385705947876,
        6.672426223754883
    ],
    "target": [
        0.6129596797245807,
        14.161994741018663
    ],
    "desired_speed": 5.030702018737793,
    "angle": 0.08379258112819968,
    "angle_last": 0.1597094507339744,
    "angle_target": 0.027537000286348427,
    "angle_final": 0.027537000286348427,
    "delta": 0.25,
    "agent": "only_traj",
    "steer_traj": 0.05136542523034107,
    "throttle_traj": 0.75,
    "brake_traj": 0.0,
    "plan": [
        [
            0.04648776352405548,
            0.40357446670532227
        ],
        [
            0.21646033227443695,
            1.7080004215240479
        ],
        [
            0.541694164276123,
            3.7853195667266846
        ],
        [
            0.8833385705947876,
            6.672426223754883
        ],
        [
            1.5176653861999512,
            9.687952995300293
        ],
        [
            2.3045871257781982,
            12.758628845214844
        ]
    ],
    "command": 1,
    "all_plan": [
        [
            [
                0.055608637630939484,
                0.26260578632354736
            ],
            [
                0.18796533346176147,
                1.643405795097351
            ],
            [
                0.4230959415435791,
                4.019300937652588
            ],
            [
                0.6282196044921875,
                7.207081317901611
            ],
            [
                1.0795389413833618,
                10.57761001586914
            ],
            [
                1.67229425907135,
                14.072044372558594
            ]
        ],
        [
            [
                0.04648776352405548,
                0.40357446670532227
            ],
            [
                0.21646033227443695,
                1.7080004215240479
            ],
            [
                0.541694164276123,
                3.7853195667266846
            ],
            [
                0.8833385705947876,
                6.672426223754883
            ],
            [
                1.5176653861999512,
                9.687952995300293
            ],
            [
                2.3045871257781982,
                12.758628845214844
            ]
        ],
        [
            [
                0.037745095789432526,
                0.4223511815071106
            ],
            [
                0.1883944571018219,
                1.9835195541381836
            ],
            [
                0.46320316195487976,
                4.467331886291504
            ],
            [
                0.8090940713882446,
                7.809667587280273
            ],
            [
                1.3876211643218994,
                11.24889850616455
            ],
            [
                2.103224754333496,
                14.75726318359375
            ]
        ],
        [
            [
                0.005894303321838379,
                0.4296015501022339
            ],
            [
                0.12692385911941528,
                1.873581051826477
            ],
            [
                0.39100906252861023,
                4.094155311584473
            ],
            [
                0.7792198657989502,
                7.07703161239624
            ],
            [
                1.3874719142913818,
                10.094560623168945
            ],
            [
                2.1464948654174805,
                13.169055938720703
            ]
        ],
        [
            [
                0.02995433658361435,
                0.3981545567512512
            ],
            [
                0.15984556078910828,
                1.9061284065246582
            ],
            [
                0.4014274477958679,
                4.346071243286133
            ],
            [
                0.7107954025268555,
                7.62562370300293
            ],
            [
                1.2357734441757202,
                11.070416450500488
            ],
            [
                1.8577914237976074,
                14.627779960632324
            ]
        ],
        [
            [
                0.09450443834066391,
                0.5022059679031372
            ],
            [
                0.2720164656639099,
                1.9524718523025513
            ],
            [
                0.5499564409255981,
                4.244442939758301
            ],
            [
                0.7573621273040771,
                7.2443132400512695
            ],
            [
                1.2515242099761963,
                10.440561294555664
            ],
            [
                1.8674108982086182,
                13.761613845825195
            ]
        ]
    ],
    "tl_trigger": 3.720829226949718e-07,
    "tl_status": 0
}