{
    "speed": 0.030118885698102726,
    "steer": -0.02513892389833927,
    "throttle": 0.75,
    "brake": 0.0,
    "wp_6": [
        2.101577043533325,
        12.934505462646484
    ],
    "wp_5": [
        1.4023606777191162,
        9.90818977355957
    ],
    "wp_4": [
        0.8589557409286499,
        6.9404144287109375
    ],
    "wp_3": [
        0.6341601014137268,
        4.1365065574646
    ],
    "wp_2": [
        0.31572017073631287,
        2.0251617431640625
    ],
    "wp_1": [
        0.10852708667516708,
        0.6100675463676453
    ],
    "aim": [
        0.8589557409286499,
        6.9404144287109375
    ],
    "target": [
        -0.7326549648029417,
        13.704996397837725
    ],
    "desired_speed": 5.000586223602294,
    "angle": 0.07839035684066425,
    "angle_last": 0.14455159136391899,
    "angle_target": -0.03400067099605561,
    "angle_final": -0.03400067099605561,
    "delta": 0.25,
    "agent": "only_traj",
    "steer_traj": -0.025138924453997496,
    "throttle_traj": 0.75,
    "brake_traj": 0.0,
    "plan": [
        [
            0.10852708667516708,
            0.6100675463676453
        ],
        [
            0.31572017073631287,
            2.0251617431640625
        ],
        [
            0.6341601014137268,
            4.1365065574646
        ],
        [
            0.8589557409286499,
            6.9404144287109375
        ],
        [
            1.4023606777191162,
            9.90818977355957
        ],
        [
            2.101577043533325,
            12.934505462646484
        ]
    ],
    "command": 1,
    "all_plan": [
        [
            [
                0.07895481586456299,
                0.33924025297164917
            ],
            [
                0.2153143584728241,
                1.6867954730987549
            ],
            [
                0.4356403350830078,
                3.9491665363311768
            ],
            [
                0.5621088743209839,
                6.9327778816223145
            ],
            [
                0.9537279605865479,
                10.111736297607422
            ],
            [
                1.5005792379379272,
                13.411718368530273
            ]
        ],
        [
            [
                0.10852708667516708,
                0.6100675463676453
            ],
            [
                0.31572017073631287,
                2.0251617431640625
            ],
            [
                0.6341601014137268,
                4.1365065574646
            ],
            [
                0.8589557409286499,
                6.9404144287109375
            ],
            [
                1.4023606777191162,
                9.90818977355957
            ],
            [
                2.101577043533325,
                12.934505462646484
            ]
        ],
        [
            [
                0.06060989201068878,
                0.5919789671897888
            ],
            [
                0.22932972013950348,
                2.2198970317840576
            ],
            [
                0.5093079209327698,
                4.643452167510986
            ],
            [
                0.8359271287918091,
                7.8297929763793945
            ],
            [
                1.409273624420166,
                11.077332496643066
            ],
            [
                2.1277315616607666,
                14.366010665893555
            ]
        ],
        [
            [
                0.023371528834104538,
                0.5753856897354126
            ],
            [
                0.15486206114292145,
                2.0392913818359375
            ],
            [
                0.4134942293167114,
                4.145778656005859
            ],
            [
                0.7697052955627441,
                6.933832168579102
            ],
            [
                1.355675220489502,
                9.710268020629883
            ],
            [
                2.1046395301818848,
                12.489238739013672
            ]
        ],
        [
            [
                0.06876683980226517,
                0.5723437070846558
            ],
            [
                0.2231225073337555,
                2.1808972358703613
            ],
            [
                0.4695509374141693,
                4.651608467102051
            ],
            [
                0.7116068601608276,
                7.857429504394531
            ],
            [
                1.1928510665893555,
                11.21933364868164
            ],
            [
                1.7718141078948975,
                14.689865112304688
            ]
        ],
        [
            [
                0.18796059489250183,
                0.9146953821182251
            ],
            [
                0.40715664625167847,
                2.5686230659484863
            ],
            [
                0.6675192713737488,
                4.870197296142578
            ],
            [
                0.7126570343971252,
                7.713100910186768
            ],
            [
                1.0661089420318604,
                10.783037185668945
            ],
            [
                1.5350178480148315,
                13.91537094116211
            ]
        ]
    ],
    "tl_trigger": 3.7187646739766933e-07,
    "tl_status": 0
}