{
    "speed": 0.05701459114715557,
    "steer": 0.0013422812335193157,
    "throttle": 0.75,
    "brake": 0.0,
    "wp_6": [
        1.4666064977645874,
        12.142520904541016
    ],
    "wp_5": [
        0.9535510540008545,
        9.043553352355957
    ],
    "wp_4": [
        0.5444793701171875,
        6.0841569900512695
    ],
    "wp_3": [
        0.4252229928970337,
        3.375652551651001
    ],
    "wp_2": [
        0.18906119465827942,
        1.386173963546753
    ],
    "wp_1": [
        0.058037422597408295,
        0.2543817162513733
    ],
    "aim": [
        0.5444793701171875,
        6.0841569900512695
    ],
    "target": [
        -0.2047741581819924,
        14.610437834405031
    ],
    "desired_speed": 4.793044662475586,
    "angle": 0.056820619441764,
    "angle_last": 0.10444934990804157,
    "angle_target": -0.008922028510315361,
    "angle_final": -0.008922028510315361,
    "delta": 0.25,
    "agent": "only_traj",
    "steer_traj": 0.0013422811908880964,
    "throttle_traj": 0.75,
    "brake_traj": 0.0,
    "plan": [
        [
            0.058037422597408295,
            0.2543817162513733
        ],
        [
            0.18906119465827942,
            1.386173963546753
        ],
        [
            0.4252229928970337,
            3.375652551651001
        ],
        [
            0.5444793701171875,
            6.0841569900512695
        ],
        [
            0.9535510540008545,
            9.043553352355957
        ],
        [
            1.4666064977645874,
            12.142520904541016
        ]
    ],
    "command": 1,
    "all_plan": [
        [
            [
                0.0696980357170105,
                0.19339001178741455
            ],
            [
                0.18074637651443481,
                1.3905504941940308
            ],
            [
                0.3579651117324829,
                3.5540175437927246
            ],
            [
                0.39736413955688477,
                6.441465377807617
            ],
            [
                0.6882572770118713,
                9.59695053100586
            ],
            [
                1.097208023071289,
                12.909759521484375
            ]
        ],
        [
            [
                0.058037422597408295,
                0.2543817162513733
            ],
            [
                0.18906119465827942,
                1.386173963546753
            ],
            [
                0.4252229928970337,
                3.375652551651001
            ],
            [
                0.5444793701171875,
                6.0841569900512695
            ],
            [
                0.9535510540008545,
                9.043553352355957
            ],
            [
                1.4666064977645874,
                12.142520904541016
            ]
        ],
        [
            [
                0.052616365253925323,
                0.2045762538909912
            ],
            [
                0.1570006012916565,
                1.581907033920288
            ],
            [
                0.3341870903968811,
                4.017477035522461
            ],
            [
                0.4607641398906708,
                7.264580726623535
            ],
            [
                0.8054996728897095,
                10.750959396362305
            ],
            [
                1.2715708017349243,
                14.39260482788086
            ]
        ],
        [
            [
                0.0370851531624794,
                0.13000011444091797
            ],
            [
                0.11518330872058868,
                1.3276326656341553
            ],
            [
                0.26398521661758423,
                3.492875576019287
            ],
            [
                0.3617396354675293,
                6.423412799835205
            ],
            [
                0.6627197265625,
                9.552980422973633
            ],
            [
                1.1176280975341797,
                12.798704147338867
            ]
        ],
        [
            [
                0.04223276674747467,
                0.2288004755973816
            ],
            [
                0.12832298874855042,
                1.5860357284545898
            ],
            [
                0.28337985277175903,
                3.9882149696350098
            ],
            [
                0.39218276739120483,
                7.161200523376465
            ],
            [
                0.7133493423461914,
                10.634444236755371
            ],
            [
                1.1113768815994263,
                14.314528465270996
            ]
        ],
        [
            [
                0.1558757722377777,
                0.6821904182434082
            ],
            [
                0.33899736404418945,
                2.1521618366241455
            ],
            [
                0.5606511831283569,
                4.366849899291992
            ],
            [
                0.5712485909461975,
                7.166184425354004
            ],
            [
                0.8776957392692566,
                10.265392303466797
            ],
            [
                1.2765567302703857,
                13.491398811340332
            ]
        ]
    ],
    "tl_trigger": 3.939183272905211e-07,
    "tl_status": 0
}