{
    "speed": 0.02693181872526429,
    "steer": 0.0035391857381910086,
    "throttle": 0.75,
    "brake": 0.0,
    "wp_6": [
        -0.01176939345896244,
        11.017467498779297
    ],
    "wp_5": [
        0.020975230261683464,
        7.910774230957031
    ],
    "wp_4": [
        0.019302569329738617,
        5.032690048217773
    ],
    "wp_3": [
        0.0897902399301529,
        2.553313970565796
    ],
    "wp_2": [
        0.05183501914143562,
        0.7794244289398193
    ],
    "wp_1": [
        0.013443071395158768,
        -0.04139861464500427
    ],
    "aim": [
        0.019302569329738617,
        5.032690048217773
    ],
    "target": [
        -0.7846030197353713,
        13.652405283495861
    ],
    "desired_speed": 4.4245376825332645,
    "angle": 0.002441688909753589,
    "angle_last": -0.0067097021041926065,
    "angle_target": -0.03654630551301036,
    "angle_final": 0.002441688909753589,
    "delta": 0.25,
    "agent": "only_traj",
    "steer_traj": 0.003539185840044262,
    "throttle_traj": 0.75,
    "brake_traj": 0.0,
    "plan": [
        [
            0.013443071395158768,
            -0.04139861464500427
        ],
        [
            0.05183501914143562,
            0.7794244289398193
        ],
        [
            0.0897902399301529,
            2.553313970565796
        ],
        [
            0.019302569329738617,
            5.032690048217773
        ],
        [
            0.020975230261683464,
            7.910774230957031
        ],
        [
            -0.01176939345896244,
            11.017467498779297
        ]
    ],
    "command": 1,
    "all_plan": [
        [
            [
                0.022301260381937027,
                -0.051889389753341675
            ],
            [
                0.05223283916711807,
                0.7758828401565552
            ],
            [
                0.07086686044931412,
                2.5539984703063965
            ],
            [
                -0.005362659692764282,
                5.029935836791992
            ],
            [
                -0.011860514059662819,
                7.868699073791504
            ],
            [
                -0.04355287551879883,
                10.908992767333984
            ]
        ],
        [
            [
                0.013443071395158768,
                -0.04139861464500427
            ],
            [
                0.05183501914143562,
                0.7794244289398193
            ],
            [
                0.0897902399301529,
                2.553313970565796
            ],
            [
                0.019302569329738617,
                5.032690048217773
            ],
            [
                0.020975230261683464,
                7.910774230957031
            ],
            [
                -0.01176939345896244,
                11.017467498779297
            ]
        ],
        [
            [
                0.0317256897687912,
                0.12043687701225281
            ],
            [
                0.054006025195121765,
                1.3455312252044678
            ],
            [
                0.05351947247982025,
                3.650297164916992
            ],
            [
                0.023273345082998276,
                6.743642807006836
            ],
            [
                0.017940523102879524,
                10.18338680267334
            ],
            [
                0.025827985256910324,
                13.805312156677246
            ]
        ],
        [
            [
                0.010709237307310104,
                -0.017966508865356445
            ],
            [
                0.013231951743364334,
                0.9378499388694763
            ],
            [
                -0.012067841365933418,
                2.7963619232177734
            ],
            [
                -0.00763813266530633,
                5.362325668334961
            ],
            [
                -0.016051843762397766,
                8.225967407226562
            ],
            [
                -0.011251484975218773,
                11.242064476013184
            ]
        ],
        [
            [
                0.03417380899190903,
                0.2314819097518921
            ],
            [
                0.06014680862426758,
                1.4945112466812134
            ],
            [
                0.07079163938760757,
                3.862551689147949
            ],
            [
                -0.015602022409439087,
                6.996962547302246
            ],
            [
                -0.06285958737134933,
                10.559778213500977
            ],
            [
                -0.12810373306274414,
                14.362671852111816
            ]
        ],
        [
            [
                0.07657746225595474,
                0.554818868637085
            ],
            [
                0.13269776105880737,
                1.9375343322753906
            ],
            [
                0.16777099668979645,
                4.12843656539917
            ],
            [
                0.0005381256341934204,
                6.8040971755981445
            ],
            [
                -0.03923378139734268,
                9.798683166503906
            ],
            [
                -0.052883997559547424,
                12.962433815002441
            ]
        ]
    ],
    "tl_trigger": 3.6059043395653134e-07,
    "tl_status": 0
}