{
    "speed": 1.0192427926599132,
    "steer": -0.03811875358223915,
    "throttle": 0.75,
    "brake": 0.0,
    "wp_6": [
        2.0684292316436768,
        16.160781860351562
    ],
    "wp_5": [
        1.4943175315856934,
        12.73946762084961
    ],
    "wp_4": [
        1.0573009252548218,
        9.344828605651855
    ],
    "wp_3": [
        1.073123574256897,
        6.257470607757568
    ],
    "wp_2": [
        0.684540867805481,
        3.646202564239502
    ],
    "wp_1": [
        0.3317638635635376,
        1.5360301733016968
    ],
    "aim": [
        1.0573009252548218,
        9.344828605651855
    ],
    "target": [
        -0.9130028478446741,
        11.085877620752685
    ],
    "desired_speed": 5.903472423553467,
    "angle": 0.07172401631974104,
    "angle_last": 0.1058415701338625,
    "angle_target": -0.05231221983302778,
    "angle_final": -0.05231221983302778,
    "delta": 0.25,
    "agent": "only_traj",
    "steer_traj": -0.03811875235769702,
    "throttle_traj": 0.75,
    "brake_traj": 0.0,
    "plan": [
        [
            0.3317638635635376,
            1.5360301733016968
        ],
        [
            0.684540867805481,
            3.646202564239502
        ],
        [
            1.073123574256897,
            6.257470607757568
        ],
        [
            1.0573009252548218,
            9.344828605651855
        ],
        [
            1.4943175315856934,
            12.73946762084961
        ],
        [
            2.0684292316436768,
            16.160781860351562
        ]
    ],
    "command": 1,
    "all_plan": [
        [
            [
                0.3472442328929901,
                1.6029268503189087
            ],
            [
                0.6719028949737549,
                3.8014416694641113
            ],
            [
                0.9836923480033875,
                6.507504463195801
            ],
            [
                0.8596442341804504,
                9.64318561553955
            ],
            [
                1.1379088163375854,
                13.079883575439453
            ],
            [
                1.5506157875061035,
                16.51555824279785
            ]
        ],
        [
            [
                0.3317638635635376,
                1.5360301733016968
            ],
            [
                0.684540867805481,
                3.646202564239502
            ],
            [
                1.073123574256897,
                6.257470607757568
            ],
            [
                1.0573009252548218,
                9.344828605651855
            ],
            [
                1.4943175315856934,
                12.73946762084961
            ],
            [
                2.0684292316436768,
                16.160781860351562
            ]
        ],
        [
            [
                0.2940966486930847,
                1.5193970203399658
            ],
            [
                0.6125675439834595,
                3.8918895721435547
            ],
            [
                0.9382897615432739,
                6.935968399047852
            ],
            [
                0.9464343786239624,
                10.540437698364258
            ],
            [
                1.3025922775268555,
                14.348309516906738
            ],
            [
                1.7817981243133545,
                18.152584075927734
            ]
        ],
        [
            [
                0.21860271692276,
                1.2468693256378174
            ],
            [
                0.5011751651763916,
                3.3250746726989746
            ],
            [
                0.8187837600708008,
                6.023784637451172
            ],
            [
                0.9529387354850769,
                9.316678047180176
            ],
            [
                1.3998308181762695,
                12.756430625915527
            ],
            [
                1.9808576107025146,
                16.200233459472656
            ]
        ],
        [
            [
                0.3134159445762634,
                1.6382761001586914
            ],
            [
                0.6247557997703552,
                4.018911361694336
            ],
            [
                0.9462642669677734,
                7.023094654083252
            ],
            [
                0.877349317073822,
                10.520261764526367
            ],
            [
                1.198189377784729,
                14.286385536193848
            ],
            [
                1.6346523761749268,
                18.07501983642578
            ]
        ],
        [
            [
                0.37139829993247986,
                1.7672251462936401
            ],
            [
                0.7255809307098389,
                4.0213446617126465
            ],
            [
                1.0849636793136597,
                6.689755439758301
            ],
            [
                0.973895251750946,
                9.733705520629883
            ],
            [
                1.3128622770309448,
                13.066670417785645
            ],
            [
                1.7882122993469238,
                16.38467788696289
            ]
        ]
    ],
    "tl_trigger": 4.62883178897755e-07,
    "tl_status": 0
}