{
    "speed": 1.7096323739625108,
    "steer": -0.0162978358566761,
    "throttle": 0.75,
    "brake": 0.0,
    "wp_6": [
        4.019460201263428,
        16.44894790649414
    ],
    "wp_5": [
        3.0420897006988525,
        13.268998146057129
    ],
    "wp_4": [
        2.205913543701172,
        10.076065063476562
    ],
    "wp_3": [
        2.302067995071411,
        6.931436538696289
    ],
    "wp_2": [
        1.4960894584655762,
        4.491517543792725
    ],
    "wp_1": [
        0.7249982357025146,
        2.184443950653076
    ],
    "aim": [
        2.205913543701172,
        10.076065063476562
    ],
    "target": [
        0.0495902895157565,
        8.096920996971342
    ],
    "desired_speed": 5.910232734680176,
    "angle": 0.13720792375030283,
    "angle_last": 0.18983362061336176,
    "angle_target": 0.0038989838366709044,
    "angle_final": 0.0038989838366709044,
    "delta": 0.25,
    "agent": "only_traj",
    "steer_traj": -0.016297835566223808,
    "throttle_traj": 0.75,
    "brake_traj": 0.0,
    "plan": [
        [
            0.7249982357025146,
            2.184443950653076
        ],
        [
            1.4960894584655762,
            4.491517543792725
        ],
        [
            2.302067995071411,
            6.931436538696289
        ],
        [
            2.205913543701172,
            10.076065063476562
        ],
        [
            3.0420897006988525,
            13.268998146057129
        ],
        [
            4.019460201263428,
            16.44894790649414
        ]
    ],
    "command": 1,
    "all_plan": [
        [
            [
                0.6593461632728577,
                2.236238956451416
            ],
            [
                1.2818937301635742,
                4.669151782989502
            ],
            [
                1.8525197505950928,
                7.2504072189331055
            ],
            [
                1.593528389930725,
                10.372058868408203
            ],
            [
                2.0539512634277344,
                13.614830017089844
            ],
            [
                2.662964105606079,
                16.772552490234375
            ]
        ],
        [
            [
                0.7249982357025146,
                2.184443950653076
            ],
            [
                1.4960894584655762,
                4.491517543792725
            ],
            [
                2.302067995071411,
                6.931436538696289
            ],
            [
                2.205913543701172,
                10.076065063476562
            ],
            [
                3.0420897006988525,
                13.268998146057129
            ],
            [
                4.019460201263428,
                16.44894790649414
            ]
        ],
        [
            [
                0.6373621821403503,
                2.40842342376709
            ],
            [
                1.3445351123809814,
                5.072480201721191
            ],
            [
                2.1002519130706787,
                7.912886619567871
            ],
            [
                2.1468935012817383,
                11.343788146972656
            ],
            [
                2.968350410461426,
                14.887106895446777
            ],
            [
                3.946131467819214,
                18.39508628845215
            ]
        ],
        [
            [
                0.5005481839179993,
                2.025622844696045
            ],
            [
                1.1370089054107666,
                4.319235801696777
            ],
            [
                1.8971110582351685,
                6.786721229553223
            ],
            [
                2.155526876449585,
                9.85983657836914
            ],
            [
                3.1523890495300293,
                12.958120346069336
            ],
            [
                4.330975532531738,
                16.028343200683594
            ]
        ],
        [
            [
                0.6106808185577393,
                2.335221290588379
            ],
            [
                1.2560902833938599,
                4.90266227722168
            ],
            [
                1.9482958316802979,
                7.663982391357422
            ],
            [
                1.901444911956787,
                10.958998680114746
            ],
            [
                2.6255314350128174,
                14.438008308410645
            ],
            [
                3.4966940879821777,
                17.887508392333984
            ]
        ],
        [
            [
                0.7515002489089966,
                2.285613536834717
            ],
            [
                1.4697601795196533,
                4.633609771728516
            ],
            [
                2.144306182861328,
                7.0585174560546875
            ],
            [
                1.8360874652862549,
                10.078361511230469
            ],
            [
                2.395766019821167,
                13.123812675476074
            ],
            [
                3.088285446166992,
                16.10870361328125
            ]
        ]
    ],
    "tl_trigger": 4.098626789073023e-07,
    "tl_status": 0
}