{
    "speed": 4.310357521260815,
    "steer": -0.0018835116643458605,
    "throttle": 0.75,
    "brake": 0.0,
    "wp_6": [
        0.004646673798561096,
        16.040550231933594
    ],
    "wp_5": [
        -0.013322154060006142,
        14.010549545288086
    ],
    "wp_4": [
        0.0005557388067245483,
        11.419808387756348
    ],
    "wp_3": [
        -0.07132772356271744,
        8.384235382080078
    ],
    "wp_2": [
        -0.039914146065711975,
        5.483154773712158
    ],
    "wp_1": [
        -0.021323852241039276,
        2.6069912910461426
    ],
    "aim": [
        0.0005557388067245483,
        11.419808387756348
    ],
    "target": [
        -0.14820714199942717,
        11.438737474391234
    ],
    "desired_speed": 5.373902606964112,
    "angle": 3.1011587692977215e-05,
    "angle_last": 0.005634954128716105,
    "angle_target": -0.00824796600461675,
    "angle_final": 3.1011587692977215e-05,
    "delta": 0.25,
    "agent": "only_traj",
    "steer_traj": -0.0018835116432152756,
    "throttle_traj": 0.75,
    "brake_traj": 0.0,
    "plan": [
        [
            -0.021323852241039276,
            2.6069912910461426
        ],
        [
            -0.039914146065711975,
            5.483154773712158
        ],
        [
            -0.07132772356271744,
            8.384235382080078
        ],
        [
            0.0005557388067245483,
            11.419808387756348
        ],
        [
            -0.013322154060006142,
            14.010549545288086
        ],
        [
            0.004646673798561096,
            16.040550231933594
        ]
    ],
    "command": 3,
    "all_plan": [
        [
            [
                0.060291506350040436,
                2.2287559509277344
            ],
            [
                0.02907034195959568,
                4.592399597167969
            ],
            [
                -0.050011858344078064,
                6.958428859710693
            ],
            [
                -0.29769808053970337,
                9.369718551635742
            ],
            [
                -0.48611199855804443,
                11.651076316833496
            ],
            [
                -0.6154353618621826,
                13.677408218383789
            ]
        ],
        [
            [
                0.02126552164554596,
                2.316249370574951
            ],
            [
                0.006677055731415749,
                4.760530471801758
            ],
            [
                -0.0024968571960926056,
                7.138300895690918
            ],
            [
                -0.05698574334383011,
                9.622122764587402
            ],
            [
                -0.004243910312652588,
                11.887711524963379
            ],
            [
                0.10584879666566849,
                13.850296974182129
            ]
        ],
        [
            [
                0.01213313639163971,
                2.867669105529785
            ],
            [
                0.01514526642858982,
                6.040074348449707
            ],
            [
                0.043695639818906784,
                9.317546844482422
            ],
            [
                0.019668065011501312,
                12.654937744140625
            ],
            [
                0.027737973257899284,
                15.935657501220703
            ],
            [
                0.04395943135023117,
                19.033838272094727
            ]
        ],
        [
            [
                -0.021323852241039276,
                2.6069912910461426
            ],
            [
                -0.039914146065711975,
                5.483154773712158
            ],
            [
                -0.07132772356271744,
                8.384235382080078
            ],
            [
                0.0005557388067245483,
                11.419808387756348
            ],
            [
                -0.013322154060006142,
                14.010549545288086
            ],
            [
                0.004646673798561096,
                16.040550231933594
            ]
        ],
        [
            [
                -0.008673232048749924,
                2.7804603576660156
            ],
            [
                -0.06564095616340637,
                5.82899284362793
            ],
            [
                -0.09650016576051712,
                8.929208755493164
            ],
            [
                -0.34344059228897095,
                12.018575668334961
            ],
            [
                -0.5059629678726196,
                14.981369972229004
            ],
            [
                -0.594065248966217,
                17.632436752319336
            ]
        ],
        [
            [
                0.06379039585590363,
                2.576331615447998
            ],
            [
                0.0849822536110878,
                5.186432838439941
            ],
            [
                0.09824753552675247,
                7.650070667266846
            ],
            [
                0.04140337184071541,
                10.10765266418457
            ],
            [
                0.034229688346385956,
                12.335556983947754
            ],
            [
                0.07995332777500153,
                14.243206977844238
            ]
        ]
    ],
    "tl_trigger": 0.9999873638153076,
    "tl_status": 2
}