{
    "speed": 7.366404769942969,
    "steer": 0.00438045896589756,
    "throttle": 0.03442201390862465,
    "brake": 0.0,
    "wp_6": [
        0.29131630063056946,
        21.39109230041504
    ],
    "wp_5": [
        0.21022701263427734,
        18.00279426574707
    ],
    "wp_4": [
        0.10963563621044159,
        14.40938949584961
    ],
    "wp_3": [
        0.04462523013353348,
        10.756888389587402
    ],
    "wp_2": [
        0.009363317862153053,
        7.167267799377441
    ],
    "wp_1": [
        -0.007174648344516754,
        3.587337017059326
    ],
    "aim": [
        0.009363317862153053,
        7.167267799377441
    ],
    "target": [
        2.85558545032194,
        47.22455767124786
    ],
    "desired_speed": 7.122769165039061,
    "angle": 0.0008316615404000274,
    "angle_last": 0.015232811841408801,
    "angle_target": 0.03844845583281571,
    "angle_final": 0.0008316615404000274,
    "delta": 0.0,
    "log_entries": [
        "norm1:5.38",
        "norm2:8.96",
        "norm3:12.58",
        "norm4:16.21",
        "norm5:19.70",
        " ",
        " ",
        " ",
        " ",
        " ",
        " ",
        " ",
        " ",
        " ",
        " ",
        " ",
        " ",
        " ",
        " ",
        " ",
        " ",
        " ",
        " ",
        " ",
        " ",
        " "
    ],
    "agent": "only_traj",
    "steer_traj": 0.004380458817158654,
    "throttle_traj": 0.03442201430039951,
    "brake_traj": 0.0,
    "plan": [
        [
            -0.007174648344516754,
            3.587337017059326
        ],
        [
            0.009363317862153053,
            7.167267799377441
        ],
        [
            0.04462523013353348,
            10.756888389587402
        ],
        [
            0.10963563621044159,
            14.40938949584961
        ],
        [
            0.21022701263427734,
            18.00279426574707
        ],
        [
            0.29131630063056946,
            21.39109230041504
        ]
    ],
    "command": 3,
    "redefined_command": 3,
    "cmd_softmax_output": [
        0.9997979998588562,
        0.000168844751897268,
        3.309152089059353e-05
    ],
    "all_plan": [
        [
            [
                0.017565079033374786,
                3.6345086097717285
            ],
            [
                0.04128876328468323,
                7.308392524719238
            ],
            [
                0.07873111218214035,
                10.999367713928223
            ],
            [
                0.10638996958732605,
                14.742921829223633
            ],
            [
                0.18758434057235718,
                18.451404571533203
            ],
            [
                0.2622050344944,
                21.985248565673828
            ]
        ],
        [
            [
                0.016035743057727814,
                3.533906936645508
            ],
            [
                0.08619911223649979,
                7.204500198364258
            ],
            [
                0.21203574538230896,
                10.869004249572754
            ],
            [
                0.32158908247947693,
                14.578756332397461
            ],
            [
                0.5005765557289124,
                18.275304794311523
            ],
            [
                0.6709650754928589,
                21.889545440673828
            ]
        ],
        [
            [
                -0.03294867277145386,
                3.662867546081543
            ],
            [
                -0.014496413990855217,
                7.438810348510742
            ],
            [
                0.05541238933801651,
                11.252360343933105
            ],
            [
                0.16911004483699799,
                15.135807991027832
            ],
            [
                0.3043166995048523,
                18.992698669433594
            ],
            [
                0.4217919707298279,
                22.724628448486328
            ]
        ],
        [
            [
                -0.007174648344516754,
                3.587337017059326
            ],
            [
                0.009363317862153053,
                7.167267799377441
            ],
            [
                0.04462523013353348,
                10.756888389587402
            ],
            [
                0.10963563621044159,
                14.40938949584961
            ],
            [
                0.21022701263427734,
                18.00279426574707
            ],
            [
                0.29131630063056946,
                21.39109230041504
            ]
        ],
        [
            [
                -0.035803958773612976,
                3.620784282684326
            ],
            [
                -0.02601105533540249,
                7.339412689208984
            ],
            [
                0.03218259662389755,
                11.075197219848633
            ],
            [
                0.13770270347595215,
                14.864487648010254
            ],
            [
                0.25821825861930847,
                18.6322021484375
            ],
            [
                0.35826393961906433,
                22.28522491455078
            ]
        ],
        [
            [
                0.018663734197616577,
                3.5250635147094727
            ],
            [
                0.09020580351352692,
                7.189308166503906
            ],
            [
                0.21669422090053558,
                10.84709644317627
            ],
            [
                0.32495084404945374,
                14.549525260925293
            ],
            [
                0.5002094507217407,
                18.234668731689453
            ],
            [
                0.6682934761047363,
                21.831531524658203
            ]
        ]
    ],
    "tl_trigger": 4.7427835170310573e-07,
    "tl_status": 0
}