{
    "speed": 7.561630922449816,
    "steer": 0.004394045099616051,
    "throttle": 0.75,
    "brake": 0.0,
    "wp_6": [
        0.30359306931495667,
        23.621273040771484
    ],
    "wp_5": [
        0.2409895658493042,
        19.674907684326172
    ],
    "wp_4": [
        0.1537548005580902,
        15.66009521484375
    ],
    "wp_3": [
        0.10901268571615219,
        11.660871505737305
    ],
    "wp_2": [
        0.055451422929763794,
        7.723113059997559
    ],
    "wp_1": [
        0.020917467772960663,
        3.8005995750427246
    ],
    "aim": [
        0.055451422929763794,
        7.723113059997559
    ],
    "target": [
        -3.459642505044304,
        20.86767466263145
    ],
    "desired_speed": 7.929153728485106,
    "angle": 0.00457081065602812,
    "angle_last": 0.010098255078347105,
    "angle_target": -0.10459354143173492,
    "angle_final": 0.00457081065602812,
    "delta": 0.25,
    "log_entries": [
        "norm1:5.76",
        "norm2:9.69",
        "norm3:13.66",
        "norm4:17.67",
        "norm5:21.65",
        " ",
        " ",
        " "
    ],
    "agent": "only_traj",
    "steer_traj": 0.004394045201782672,
    "throttle_traj": 0.75,
    "brake_traj": 0.0,
    "plan": [
        [
            0.020917467772960663,
            3.8005995750427246
        ],
        [
            0.055451422929763794,
            7.723113059997559
        ],
        [
            0.10901268571615219,
            11.660871505737305
        ],
        [
            0.1537548005580902,
            15.66009521484375
        ],
        [
            0.2409895658493042,
            19.674907684326172
        ],
        [
            0.30359306931495667,
            23.621273040771484
        ]
    ],
    "command": 3,
    "redefined_command": 3,
    "cmd_softmax_output": [
        0.9801025986671448,
        0.006303082685917616,
        0.013594250194728374
    ],
    "all_plan": [
        [
            [
                0.0926017239689827,
                3.7182669639587402
            ],
            [
                0.16401536762714386,
                7.564245223999023
            ],
            [
                0.23768915235996246,
                11.432236671447754
            ],
            [
                0.20167699456214905,
                15.341367721557617
            ],
            [
                0.2738340497016907,
                19.288673400878906
            ],
            [
                0.34933361411094666,
                23.18220329284668
            ]
        ],
        [
            [
                0.1229979619383812,
                3.7294631004333496
            ],
            [
                0.2564106583595276,
                7.635618209838867
            ],
            [
                0.4008362293243408,
                11.570562362670898
            ],
            [
                0.4353582561016083,
                15.60338306427002
            ],
            [
                0.6043828725814819,
                19.652103424072266
            ],
            [
                0.7978628873825073,
                23.62677001953125
            ]
        ],
        [
            [
                0.04231248050928116,
                3.815157413482666
            ],
            [
                0.0983877032995224,
                7.798252105712891
            ],
            [
                0.1709519326686859,
                11.82236099243164
            ],
            [
                0.21858926117420197,
                15.934350967407227
            ],
            [
                0.3262227177619934,
                20.05828094482422
            ],
            [
                0.42129960656166077,
                24.113658905029297
            ]
        ],
        [
            [
                0.020917467772960663,
                3.8005995750427246
            ],
            [
                0.055451422929763794,
                7.723113059997559
            ],
            [
                0.10901268571615219,
                11.660871505737305
            ],
            [
                0.1537548005580902,
                15.66009521484375
            ],
            [
                0.2409895658493042,
                19.674907684326172
            ],
            [
                0.30359306931495667,
                23.621273040771484
            ]
        ],
        [
            [
                0.0520646795630455,
                3.765674114227295
            ],
            [
                0.10964335501194,
                7.7202606201171875
            ],
            [
                0.18140602111816406,
                11.735183715820312
            ],
            [
                0.20995868742465973,
                15.83749008178711
            ],
            [
                0.3091699182987213,
                19.955230712890625
            ],
            [
                0.4000192880630493,
                24.010414123535156
            ]
        ],
        [
            [
                0.14339038729667664,
                3.6727070808410645
            ],
            [
                0.29693394899368286,
                7.529162406921387
            ],
            [
                0.46057021617889404,
                11.416635513305664
            ],
            [
                0.4923662841320038,
                15.405827522277832
            ],
            [
                0.6763857007026672,
                19.41036605834961
            ],
            [
                0.8934229016304016,
                23.338958740234375
            ]
        ]
    ],
    "tl_trigger": 4.4926989062332723e-07,
    "tl_status": 0
}