{
    "speed": 3.9969311076695333,
    "steer": -0.001079433597624302,
    "throttle": 0.75,
    "brake": 0.0,
    "wp_6": [
        0.4991324543952942,
        13.86364459991455
    ],
    "wp_5": [
        0.3619615137577057,
        13.12768268585205
    ],
    "wp_4": [
        0.2580128312110901,
        11.39699935913086
    ],
    "wp_3": [
        0.1663821041584015,
        8.57966423034668
    ],
    "wp_2": [
        0.11523457616567612,
        5.658671855926514
    ],
    "wp_1": [
        0.0454530343413353,
        2.781956195831299
    ],
    "aim": [
        0.0454530343413353,
        2.781956195831299
    ],
    "target": [
        0.015658699627169537,
        14.608225778001154
    ],
    "desired_speed": 4.4401059389114375,
    "angle": 0.010400528894615558,
    "angle_last": 0.11730923007734159,
    "angle_target": 0.0006823986790563825,
    "angle_final": 0.010400528894615558,
    "delta": 0.25,
    "log_entries": [
        "norm1:4.22",
        "norm2:7.12",
        "norm3:9.99",
        "norm4:12.27",
        "norm5:13.50",
        " ",
        " ",
        " ",
        " ",
        " ",
        " ",
        " ",
        " ",
        " ",
        " ",
        " ",
        " "
    ],
    "agent": "only_traj",
    "steer_traj": -0.0010794336113128284,
    "throttle_traj": 0.75,
    "brake_traj": 0.0,
    "plan": [
        [
            0.0454530343413353,
            2.781956195831299
        ],
        [
            0.11523457616567612,
            5.658671855926514
        ],
        [
            0.1663821041584015,
            8.57966423034668
        ],
        [
            0.2580128312110901,
            11.39699935913086
        ],
        [
            0.3619615137577057,
            13.12768268585205
        ],
        [
            0.4991324543952942,
            13.86364459991455
        ]
    ],
    "command": 3,
    "redefined_command": 3,
    "cmd_softmax_output": [
        0.9979185461997986,
        0.0020791355054825544,
        2.430831045785453e-06
    ],
    "all_plan": [
        [
            [
                0.12385205179452896,
                2.634028434753418
            ],
            [
                0.23787301778793335,
                5.3380022048950195
            ],
            [
                0.3348512649536133,
                8.040410041809082
            ],
            [
                0.3183511793613434,
                10.887206077575684
            ],
            [
                0.4161810874938965,
                13.436859130859375
            ],
            [
                0.5742388963699341,
                15.463518142700195
            ]
        ],
        [
            [
                0.13048624992370605,
                2.6574273109436035
            ],
            [
                0.25596731901168823,
                5.39378547668457
            ],
            [
                0.3763943910598755,
                8.092935562133789
            ],
            [
                0.36821404099464417,
                10.90677547454834
            ],
            [
                0.48532572388648987,
                13.470096588134766
            ],
            [
                0.6606945991516113,
                15.584016799926758
            ]
        ],
        [
            [
                0.06259535253047943,
                2.8138275146484375
            ],
            [
                0.1592622846364975,
                5.7361650466918945
            ],
            [
                0.27067655324935913,
                8.74374008178711
            ],
            [
                0.3776775598526001,
                11.886570930480957
            ],
            [
                0.5708668231964111,
                14.391885757446289
            ],
            [
                0.8156567811965942,
                16.053194046020508
            ]
        ],
        [
            [
                0.0454530343413353,
                2.781956195831299
            ],
            [
                0.11523457616567612,
                5.658671855926514
            ],
            [
                0.1663821041584015,
                8.57966423034668
            ],
            [
                0.2580128312110901,
                11.39699935913086
            ],
            [
                0.3619615137577057,
                13.12768268585205
            ],
            [
                0.4991324543952942,
                13.86364459991455
            ]
        ],
        [
            [
                0.05898390710353851,
                2.7589101791381836
            ],
            [
                0.10951413959264755,
                5.6533966064453125
            ],
            [
                0.15210629999637604,
                8.593113899230957
            ],
            [
                0.1684592366218567,
                11.700052261352539
            ],
            [
                0.26471206545829773,
                14.432329177856445
            ],
            [
                0.40641582012176514,
                16.542001724243164
            ]
        ],
        [
            [
                0.13879936933517456,
                2.640723705291748
            ],
            [
                0.2507825195789337,
                5.37117862701416
            ],
            [
                0.35989683866500854,
                8.071707725524902
            ],
            [
                0.2909795045852661,
                10.834086418151855
            ],
            [
                0.36232757568359375,
                13.447851181030273
            ],
            [
                0.48497116565704346,
                15.71390151977539
            ]
        ]
    ],
    "tl_trigger": 5.16870784394996e-07,
    "tl_status": 0
}