{
    "speed": -4.844141263110941e-05,
    "steer": -0.031112415716052055,
    "throttle": 0.0,
    "brake": 1.0,
    "wp_6": [
        -0.0023002056404948235,
        0.06363923847675323
    ],
    "wp_5": [
        -0.0013301899889484048,
        0.04107306897640228
    ],
    "wp_4": [
        -0.0009751924080774188,
        0.034930404275655746
    ],
    "wp_3": [
        -0.0009752403711900115,
        0.0374528206884861
    ],
    "wp_2": [
        -0.0010722147999331355,
        0.03610333800315857
    ],
    "wp_1": [
        0.0014675521524623036,
        0.027965784072875977
    ],
    "aim": [
        -0.0013301899889484048,
        0.04107306897640228
    ],
    "target": [
        -2.0143099355114327,
        12.120901546222074
    ],
    "desired_speed": 0.016455992683768274,
    "angle": -0.020610275430030224,
    "angle_last": -0.027348484719220138,
    "angle_target": -0.1048384324259524,
    "angle_final": -0.020610275430030224,
    "delta": 0.016504434096399383,
    "log_entries": [
        "norm1:0.03",
        "norm2:0.04",
        "norm3:0.04",
        "norm4:0.04",
        "norm5:0.05",
        " ",
        " ",
        " ",
        " ",
        " ",
        " ",
        " ",
        " ",
        " "
    ],
    "agent": "only_traj",
    "steer_traj": -0.03111241572209358,
    "throttle_traj": 0.0,
    "brake_traj": 1.0,
    "plan": [
        [
            0.0014675521524623036,
            0.027965784072875977
        ],
        [
            -0.0010722147999331355,
            0.03610333800315857
        ],
        [
            -0.0009752403711900115,
            0.0374528206884861
        ],
        [
            -0.0009751924080774188,
            0.034930404275655746
        ],
        [
            -0.0013301899889484048,
            0.04107306897640228
        ],
        [
            -0.0023002056404948235,
            0.06363923847675323
        ]
    ],
    "command": 3,
    "redefined_command": 3,
    "cmd_softmax_output": [
        0.9999701976776123,
        2.0800132915610448e-05,
        9.110505743592512e-06
    ],
    "all_plan": [
        [
            [
                0.0015654695453122258,
                0.021519720554351807
            ],
            [
                -0.0007375812856480479,
                0.02840094268321991
            ],
            [
                -0.0005026872968301177,
                0.02899126335978508
            ],
            [
                -0.000781555543653667,
                0.027807820588350296
            ],
            [
                -0.0010700110578909516,
                0.032625578343868256
            ],
            [
                -0.0018469394417479634,
                0.05113702267408371
            ]
        ],
        [
            [
                0.0015671291621401906,
                0.021410465240478516
            ],
            [
                -0.0007319095311686397,
                0.02827039361000061
            ],
            [
                -0.0004946779226884246,
                0.028847847133874893
            ],
            [
                -0.000778273562900722,
                0.02768709883093834
            ],
            [
                -0.0010656012455001473,
                0.03248240053653717
            ],
            [
                -0.0018392569618299603,
                0.0509251207113266
            ]
        ],
        [
            [
                0.0015654695453122258,
                0.021519720554351807
            ],
            [
                -0.0007375812856480479,
                0.02840094268321991
            ],
            [
                -0.0005026872968301177,
                0.02899126335978508
            ],
            [
                -0.000781555543653667,
                0.027807820588350296
            ],
            [
                -0.0010700110578909516,
                0.032625578343868256
            ],
            [
                -0.0018469394417479634,
                0.05113702267408371
            ]
        ],
        [
            [
                0.0014675521524623036,
                0.027965784072875977
            ],
            [
                -0.0010722147999331355,
                0.03610333800315857
            ],
            [
                -0.0009752403711900115,
                0.0374528206884861
            ],
            [
                -0.0009751924080774188,
                0.034930404275655746
            ],
            [
                -0.0013301899889484048,
                0.04107306897640228
            ],
            [
                -0.0023002056404948235,
                0.06363923847675323
            ]
        ],
        [
            [
                -0.0005162051529623568,
                -0.13704851269721985
            ],
            [
                -0.0072075724601745605,
                -0.16742855310440063
            ],
            [
                -0.004286414477974176,
                -0.03452466428279877
            ],
            [
                -0.003977405838668346,
                0.16391561925411224
            ],
            [
                -0.014868754893541336,
                0.4388412833213806
            ],
            [
                -0.03396136686205864,
                0.7977176904678345
            ]
        ],
        [
            [
                0.0015682860976085067,
                0.014355048537254333
            ],
            [
                -0.0007963684620335698,
                0.018929529935121536
            ],
            [
                -0.00014053063932806253,
                0.023557299748063087
            ],
            [
                -0.0009953008266165853,
                0.027327226474881172
            ],
            [
                -0.0013475896557793021,
                0.0383945107460022
            ],
            [
                -0.002846265211701393,
                0.06610856205224991
            ]
        ]
    ],
    "tl_trigger": 3.9519201777693524e-07,
    "tl_status": 0
}