{
    "speed": -4.4433470676244066e-05,
    "steer": -0.028695175424218178,
    "throttle": 0.75,
    "brake": 0.0,
    "wp_6": [
        -0.034432195127010345,
        1.2338846921920776
    ],
    "wp_5": [
        -0.022093001753091812,
        0.8014106750488281
    ],
    "wp_4": [
        0.001004861667752266,
        0.4100618362426758
    ],
    "wp_3": [
        -0.021422449499368668,
        0.13413426280021667
    ],
    "wp_2": [
        -0.010304706171154976,
        -0.013892635703086853
    ],
    "wp_1": [
        -0.0018086287891492248,
        -0.039070963859558105
    ],
    "aim": [
        -0.022093001753091812,
        0.8014106750488281
    ],
    "target": [
        -0.9949586454543864,
        12.166125951816241
    ],
    "desired_speed": 0.5106137327849865,
    "angle": -0.01754564544043628,
    "angle_last": -0.01815884464592187,
    "angle_target": -0.05194783252754983,
    "angle_final": -0.01754564544043628,
    "delta": 0.25,
    "log_entries": [
        "norm1:0.03",
        "norm2:0.06",
        "norm3:0.27",
        "norm4:0.61",
        "norm5:1.02",
        " ",
        " ",
        " ",
        " ",
        " ",
        " ",
        " ",
        " ",
        " ",
        " ",
        " ",
        " "
    ],
    "agent": "only_traj",
    "steer_traj": -0.028695176200924138,
    "throttle_traj": 0.75,
    "brake_traj": 0.0,
    "plan": [
        [
            -0.0018086287891492248,
            -0.039070963859558105
        ],
        [
            -0.010304706171154976,
            -0.013892635703086853
        ],
        [
            -0.021422449499368668,
            0.13413426280021667
        ],
        [
            0.001004861667752266,
            0.4100618362426758
        ],
        [
            -0.022093001753091812,
            0.8014106750488281
        ],
        [
            -0.034432195127010345,
            1.2338846921920776
        ]
    ],
    "command": 3,
    "redefined_command": 3,
    "cmd_softmax_output": [
        0.9999569654464722,
        3.349659527884796e-05,
        9.494277037447318e-06
    ],
    "all_plan": [
        [
            [
                0.0049448804929852486,
                -0.007806316018104553
            ],
            [
                0.001605140045285225,
                -0.0029260702431201935
            ],
            [
                0.00826878659427166,
                0.13806591928005219
            ],
            [
                -0.0077677275985479355,
                0.30840784311294556
            ],
            [
                -0.014717784710228443,
                0.5641249418258667
            ],
            [
                -0.03285086899995804,
                0.9062988758087158
            ]
        ],
        [
            [
                0.0018951158272102475,
                -0.20744681358337402
            ],
            [
                0.003742196597158909,
                -0.23372800648212433
            ],
            [
                0.01117786020040512,
                0.07558874785900116
            ],
            [
                -0.006720874458551407,
                0.5309451222419739
            ],
            [
                -0.013877570629119873,
                1.146154761314392
            ],
            [
                -0.0491400808095932,
                1.8879231214523315
            ]
        ],
        [
            [
                -0.004133759066462517,
                -0.1891542673110962
            ],
            [
                -0.014620974659919739,
                -0.17859800159931183
            ],
            [
                -0.018310125917196274,
                0.12537537515163422
            ],
            [
                -0.002958601340651512,
                0.614459216594696
            ],
            [
                -0.026939168572425842,
                1.2723605632781982
            ],
            [
                -0.054998911917209625,
                2.04614520072937
            ]
        ],
        [
            [
                -0.0018086287891492248,
                -0.039070963859558105
            ],
            [
                -0.010304706171154976,
                -0.013892635703086853
            ],
            [
                -0.021422449499368668,
                0.13413426280021667
            ],
            [
                0.001004861667752266,
                0.4100618362426758
            ],
            [
                -0.022093001753091812,
                0.8014106750488281
            ],
            [
                -0.034432195127010345,
                1.2338846921920776
            ]
        ],
        [
            [
                -0.013318885117769241,
                -0.1952485740184784
            ],
            [
                -0.022426338866353035,
                -0.0584433376789093
            ],
            [
                -0.01713729277253151,
                0.4955233633518219
            ],
            [
                -0.00488005205988884,
                1.2956385612487793
            ],
            [
                -0.0035108791198581457,
                2.3022849559783936
            ],
            [
                -0.030921250581741333,
                3.5013628005981445
            ]
        ],
        [
            [
                0.008166746236383915,
                -0.14771628379821777
            ],
            [
                0.015337604098021984,
                -0.1596136838197708
            ],
            [
                0.0344461128115654,
                0.12520472705364227
            ],
            [
                -0.010883767157793045,
                0.4923725724220276
            ],
            [
                -0.005272094160318375,
                0.9696354866027832
            ],
            [
                -0.03654582425951958,
                1.5658756494522095
            ]
        ]
    ],
    "tl_trigger": 3.915030788448348e-07,
    "tl_status": 0
}