{
    "speed": -8.292967416490503e-05,
    "steer": -0.02891305461525917,
    "throttle": 0.75,
    "brake": 0.0,
    "wp_6": [
        -0.04447753727436066,
        1.4340078830718994
    ],
    "wp_5": [
        -0.02621663175523281,
        0.8928879499435425
    ],
    "wp_4": [
        0.0010922066867351532,
        0.4110106825828552
    ],
    "wp_3": [
        -0.024595260620117188,
        0.061304107308387756
    ],
    "wp_2": [
        -0.013797207735478878,
        -0.1271466612815857
    ],
    "wp_1": [
        -0.0035211853682994843,
        -0.1302052140235901
    ],
    "aim": [
        -0.02621663175523281,
        0.8928879499435425
    ],
    "target": [
        -0.44885028468318655,
        11.467600814377281
    ],
    "desired_speed": 0.6296834424138069,
    "angle": -0.018686818268763856,
    "angle_last": -0.021475508615889285,
    "angle_target": -0.024905050630637145,
    "angle_final": -0.018686818268763856,
    "delta": 0.25,
    "log_entries": [
        "norm1:0.13",
        "norm2:0.04",
        "norm3:0.24",
        "norm4:0.65",
        "norm5:1.16",
        " ",
        " ",
        " ",
        " ",
        " ",
        " ",
        " ",
        " ",
        " "
    ],
    "agent": "only_traj",
    "steer_traj": -0.028913054966579317,
    "throttle_traj": 0.75,
    "brake_traj": 0.0,
    "plan": [
        [
            -0.0035211853682994843,
            -0.1302052140235901
        ],
        [
            -0.013797207735478878,
            -0.1271466612815857
        ],
        [
            -0.024595260620117188,
            0.061304107308387756
        ],
        [
            0.0010922066867351532,
            0.4110106825828552
        ],
        [
            -0.02621663175523281,
            0.8928879499435425
        ],
        [
            -0.04447753727436066,
            1.4340078830718994
        ]
    ],
    "command": 3,
    "redefined_command": 3,
    "cmd_softmax_output": [
        0.9999679327011108,
        2.566202965681441e-05,
        6.461707016569562e-06
    ],
    "all_plan": [
        [
            [
                0.006338940467685461,
                -0.06441134214401245
            ],
            [
                0.004090824630111456,
                -0.0719464123249054
            ],
            [
                0.014014624059200287,
                0.10253347456455231
            ],
            [
                -0.008708663284778595,
                0.32529014348983765
            ],
            [
                -0.01658003032207489,
                0.6372509002685547
            ],
            [
                -0.03882136940956116,
                1.0420925617218018
            ]
        ],
        [
            [
                0.005544762127101421,
                -0.226870596408844
            ],
            [
                0.01017890777438879,
                -0.2776966392993927
            ],
            [
                0.020844239741563797,
                0.004408210515975952
            ],
            [
                -0.007587205618619919,
                0.41931426525115967
            ],
            [
                -0.014563143253326416,
                0.9769638180732727
            ],
            [
                -0.051093973219394684,
                1.6481866836547852
            ]
        ],
        [
            [
                -0.005288190208375454,
                -0.24118533730506897
            ],
            [
                -0.016299273818731308,
                -0.2438497692346573
            ],
            [
                -0.019340870901942253,
                0.06902830302715302
            ],
            [
                -0.0025036800652742386,
                0.5785571932792664
            ],
            [
                -0.026781324297189713,
                1.2543842792510986
            ],
            [
                -0.056463878601789474,
                2.050581455230713
            ]
        ],
        [
            [
                -0.0035211853682994843,
                -0.1302052140235901
            ],
            [
                -0.013797207735478878,
                -0.1271466612815857
            ],
            [
                -0.024595260620117188,
                0.061304107308387756
            ],
            [
                0.0010922066867351532,
                0.4110106825828552
            ],
            [
                -0.02621663175523281,
                0.8928879499435425
            ],
            [
                -0.04447753727436066,
                1.4340078830718994
            ]
        ],
        [
            [
                -0.011568649671971798,
                -0.2469143271446228
            ],
            [
                -0.018035240471363068,
                -0.1363219916820526
            ],
            [
                -0.011281933635473251,
                0.411156564950943
            ],
            [
                -0.0045137968845665455,
                1.2144567966461182
            ],
            [
                -0.0035495294723659754,
                2.2175583839416504
            ],
            [
                -0.03341082111001015,
                3.4027981758117676
            ]
        ],
        [
            [
                0.010008716955780983,
                -0.1551213264465332
            ],
            [
                0.0215741153806448,
                -0.14550413191318512
            ],
            [
                0.0456586629152298,
                0.17905323207378387
            ],
            [
                -0.01133963093161583,
                0.597296953201294
            ],
            [
                0.001794109120965004,
                1.1124241352081299
            ],
            [
                -0.02795768529176712,
                1.7383875846862793
            ]
        ]
    ],
    "tl_trigger": 3.9782995031600876e-07,
    "tl_status": 0
}