{
    "speed": -0.023016589050463304,
    "steer": -0.02039865404367447,
    "throttle": 0.75,
    "brake": 0.0,
    "wp_6": [
        -0.058807939291000366,
        1.45194411277771
    ],
    "wp_5": [
        -0.026175474748015404,
        0.8157567977905273
    ],
    "wp_4": [
        -0.006606027949601412,
        0.3277270197868347
    ],
    "wp_3": [
        -0.012796565890312195,
        -0.016059592366218567
    ],
    "wp_2": [
        -0.01562556065618992,
        -0.2519095540046692
    ],
    "wp_1": [
        -0.003844639752060175,
        -0.20759817957878113
    ],
    "aim": [
        -0.006606027949601412,
        0.3277270197868347
    ],
    "target": [
        0.6376981166132998,
        11.783248949249202
    ],
    "desired_speed": 0.7004022493958473,
    "angle": -0.0128306899653857,
    "angle_last": -0.03262602010890743,
    "angle_target": 0.034419673294276656,
    "angle_final": -0.0128306899653857,
    "delta": 0.25,
    "log_entries": [
        "norm1:0.23",
        "norm2:0.13",
        "norm3:0.16",
        "norm4:0.57",
        "norm5:1.13",
        " ",
        " ",
        " ",
        " ",
        " ",
        " ",
        " ",
        " ",
        " ",
        " ",
        " ",
        " ",
        " ",
        " ",
        " ",
        " ",
        " ",
        " ",
        " ",
        " ",
        " ",
        " ",
        " "
    ],
    "agent": "only_traj",
    "steer_traj": -0.020398653536963546,
    "throttle_traj": 0.75,
    "brake_traj": 0.0,
    "plan": [
        [
            -0.003844639752060175,
            -0.20759817957878113
        ],
        [
            -0.01562556065618992,
            -0.2519095540046692
        ],
        [
            -0.012796565890312195,
            -0.016059592366218567
        ],
        [
            -0.006606027949601412,
            0.3277270197868347
        ],
        [
            -0.026175474748015404,
            0.8157567977905273
        ],
        [
            -0.058807939291000366,
            1.45194411277771
        ]
    ],
    "command": 0,
    "redefined_command": 0,
    "cmd_softmax_output": [
        0.999698281288147,
        6.711847527185455e-05,
        0.0002346372202737257
    ],
    "all_plan": [
        [
            [
                -0.003844639752060175,
                -0.20759817957878113
            ],
            [
                -0.01562556065618992,
                -0.2519095540046692
            ],
            [
                -0.012796565890312195,
                -0.016059592366218567
            ],
            [
                -0.006606027949601412,
                0.3277270197868347
            ],
            [
                -0.026175474748015404,
                0.8157567977905273
            ],
            [
                -0.058807939291000366,
                1.45194411277771
            ]
        ],
        [
            [
                -0.0020589488558471203,
                -0.33188849687576294
            ],
            [
                -0.01136067695915699,
                -0.4189324676990509
            ],
            [
                -0.0025806203484535217,
                -0.12983548641204834
            ],
            [
                -0.008843664079904556,
                0.29105886816978455
            ],
            [
                -0.027892643585801125,
                0.8715941905975342
            ],
            [
                -0.0710429698228836,
                1.6273930072784424
            ]
        ],
        [
            [
                -0.013436928391456604,
                -0.2906847894191742
            ],
            [
                -0.03685956448316574,
                -0.19273525476455688
            ],
            [
                -0.056495703756809235,
                0.326429545879364
            ],
            [
                -0.02582988701760769,
                1.1086931228637695
            ],
            [
                -0.06460113078355789,
                2.0985937118530273
            ],
            [
                -0.10174352675676346,
                3.230863332748413
            ]
        ],
        [
            [
                -0.00210616085678339,
                -0.26596128940582275
            ],
            [
                -0.025417771190404892,
                -0.1937885880470276
            ],
            [
                -0.05966604873538017,
                0.26679718494415283
            ],
            [
                -0.054428327828645706,
                1.011920690536499
            ],
            [
                -0.12254421412944794,
                1.9743120670318604
            ],
            [
                -0.16828767955303192,
                3.0584664344787598
            ]
        ],
        [
            [
                -0.011261110194027424,
                -0.2990052103996277
            ],
            [
                -0.027944695204496384,
                -0.25715574622154236
            ],
            [
                -0.03383558616042137,
                0.26027777791023254
            ],
            [
                -0.018040064722299576,
                1.0580902099609375
            ],
            [
                -0.062454260885715485,
                2.101696729660034
            ],
            [
                -0.12265151739120483,
                3.3453664779663086
            ]
        ],
        [
            [
                0.006862333044409752,
                -0.20573201775550842
            ],
            [
                0.007245762273669243,
                -0.20648477971553802
            ],
            [
                0.031334903091192245,
                0.16354386508464813
            ],
            [
                -0.014494653791189194,
                0.6366174817085266
            ],
            [
                -0.014682114124298096,
                1.2401885986328125
            ],
            [
                -0.05210035294294357,
                2.011014461517334
            ]
        ]
    ],
    "tl_trigger": 6.24028416496003e-07,
    "tl_status": 0
}