{
    "speed": -0.001037300321963225,
    "steer": 0.20985156297683716,
    "throttle": 0.0,
    "brake": 1.0,
    "wp_6": [
        4.2950501665472984e-05,
        -0.0009908601641654968
    ],
    "wp_5": [
        1.480267383158207e-05,
        -0.002596162259578705
    ],
    "wp_4": [
        2.5811605155467987e-05,
        -0.0018897317349910736
    ],
    "wp_3": [
        0.0014676186256110668,
        -0.006289128214120865
    ],
    "wp_2": [
        0.0006576701998710632,
        -0.003714129328727722
    ],
    "wp_1": [
        0.0019737351685762405,
        -0.005357086658477783
    ],
    "aim": [
        2.5811605155467987e-05,
        -0.0018897317349910736
    ],
    "target": [
        3.4138121951661065,
        13.871434103436608
    ],
    "desired_speed": 0.004698459268547594,
    "angle": 1.9913050452321275,
    "angle_last": 0.011161563750136534,
    "angle_target": 0.15362161750038056,
    "angle_final": 0.15362161750038056,
    "delta": 0.005735759590510819,
    "log_entries": [
        "norm1:0.00",
        "norm2:0.01",
        "norm3:0.00",
        "norm4:0.00",
        "norm5:0.00",
        " ",
        " ",
        " ",
        " ",
        " ",
        " ",
        " ",
        " ",
        " ",
        " ",
        " ",
        " ",
        " ",
        " ",
        " ",
        " ",
        " ",
        " "
    ],
    "agent": "only_traj",
    "steer_traj": 0.20985156409076935,
    "throttle_traj": 0.0,
    "brake_traj": 1.0,
    "plan": [
        [
            0.0019737351685762405,
            -0.005357086658477783
        ],
        [
            0.0006576701998710632,
            -0.003714129328727722
        ],
        [
            0.0014676186256110668,
            -0.006289128214120865
        ],
        [
            2.5811605155467987e-05,
            -0.0018897317349910736
        ],
        [
            1.480267383158207e-05,
            -0.002596162259578705
        ],
        [
            4.2950501665472984e-05,
            -0.0009908601641654968
        ]
    ],
    "command": 0,
    "redefined_command": 0,
    "cmd_softmax_output": [
        0.99921715259552,
        0.00031842084717936814,
        0.0004644713189918548
    ],
    "all_plan": [
        [
            [
                0.0019737351685762405,
                -0.005357086658477783
            ],
            [
                0.0006576701998710632,
                -0.003714129328727722
            ],
            [
                0.0014676186256110668,
                -0.006289128214120865
            ],
            [
                2.5811605155467987e-05,
                -0.0018897317349910736
            ],
            [
                1.480267383158207e-05,
                -0.002596162259578705
            ],
            [
                4.2950501665472984e-05,
                -0.0009908601641654968
            ]
        ],
        [
            [
                -0.0011805264512076974,
                -0.06977564096450806
            ],
            [
                -0.006758331321179867,
                -0.06134549528360367
            ],
            [
                -0.014641779474914074,
                0.023836486041545868
            ],
            [
                0.0026231007650494576,
                0.21061328053474426
            ],
            [
                -0.012997706420719624,
                0.4561934471130371
            ],
            [
                -0.019286425784230232,
                0.712378740310669
            ]
        ],
        [
            [
                0.0012397823156788945,
                -0.0012337565422058105
            ],
            [
                3.982451744377613e-06,
                0.0047290027141571045
            ],
            [
                0.00011458212975412607,
                0.010210435837507248
            ],
            [
                -0.0014325407100841403,
                0.01722424104809761
            ],
            [
                -0.007070016115903854,
                0.022736482322216034
            ],
            [
                -0.011149439960718155,
                0.030279137194156647
            ]
        ],
        [
            [
                0.0008503255667164922,
                0.01923319697380066
            ],
            [
                -0.0011099613038823009,
                0.02959641069173813
            ],
            [
                -0.001508785760961473,
                0.03837421163916588
            ],
            [
                -0.002203522250056267,
                0.04154280200600624
            ],
            [
                -0.008705710992217064,
                0.051890306174755096
            ],
            [
                -0.0138644278049469,
                0.0726984292268753
            ]
        ],
        [
            [
                -0.004668890032917261,
                -0.2686827778816223
            ],
            [
                -0.01644415222108364,
                -0.29639819264411926
            ],
            [
                -0.025522518903017044,
                -0.03624451160430908
            ],
            [
                0.0008123889565467834,
                0.44082048535346985
            ],
            [
                -0.03285319730639458,
                1.075391173362732
            ],
            [
                -0.06052294373512268,
                1.792832851409912
            ]
        ],
        [
            [
                0.0005881788674741983,
                -0.06606179475784302
            ],
            [
                -0.0010693336371332407,
                -0.06350873410701752
            ],
            [
                -0.007773963734507561,
                0.048629239201545715
            ],
            [
                0.0015631243586540222,
                0.2688891291618347
            ],
            [
                -0.011683270335197449,
                0.5698952674865723
            ],
            [
                -0.02250770479440689,
                0.8898032307624817
            ]
        ]
    ],
    "tl_trigger": 1.098865413950989e-05,
    "tl_status": 0
}