{
    "speed": -0.0012362659680842261,
    "steer": 0.20266543328762054,
    "throttle": 0.75,
    "brake": 0.0,
    "wp_6": [
        2.3266658782958984,
        7.718549728393555
    ],
    "wp_5": [
        1.5298774242401123,
        5.935831069946289
    ],
    "wp_4": [
        0.9063718318939209,
        4.167248725891113
    ],
    "wp_3": [
        0.5697405338287354,
        2.43398380279541
    ],
    "wp_2": [
        0.23017197847366333,
        1.2079174518585205
    ],
    "wp_1": [
        0.05907677859067917,
        0.3862234950065613
    ],
    "aim": [
        0.9063718318939209,
        4.167248725891113
    ],
    "target": [
        5.488914830183622,
        7.92136988834468
    ],
    "desired_speed": 3.082056760787964,
    "angle": 0.13634064150769276,
    "angle_last": 0.2675813603716538,
    "angle_target": 0.3857672688884126,
    "angle_final": 0.13634064150769276,
    "delta": 0.25,
    "log_entries": [
        "norm1:0.81",
        "norm2:1.86",
        "norm3:3.38",
        "norm4:5.20",
        "norm5:7.09",
        " ",
        " ",
        " ",
        " ",
        " ",
        " ",
        " ",
        " ",
        " ",
        " ",
        " ",
        " ",
        " ",
        " ",
        " ",
        " ",
        " ",
        " "
    ],
    "agent": "only_traj",
    "steer_traj": 0.2026654337641531,
    "throttle_traj": 0.75,
    "brake_traj": 0.0,
    "plan": [
        [
            0.05907677859067917,
            0.3862234950065613
        ],
        [
            0.23017197847366333,
            1.2079174518585205
        ],
        [
            0.5697405338287354,
            2.43398380279541
        ],
        [
            0.9063718318939209,
            4.167248725891113
        ],
        [
            1.5298774242401123,
            5.935831069946289
        ],
        [
            2.3266658782958984,
            7.718549728393555
        ]
    ],
    "command": 0,
    "redefined_command": 0,
    "cmd_softmax_output": [
        0.8584330081939697,
        0.0028393715620040894,
        0.13872770965099335
    ],
    "all_plan": [
        [
            [
                0.05907677859067917,
                0.3862234950065613
            ],
            [
                0.23017197847366333,
                1.2079174518585205
            ],
            [
                0.5697405338287354,
                2.43398380279541
            ],
            [
                0.9063718318939209,
                4.167248725891113
            ],
            [
                1.5298774242401123,
                5.935831069946289
            ],
            [
                2.3266658782958984,
                7.718549728393555
            ]
        ],
        [
            [
                0.12799707055091858,
                0.7668827176094055
            ],
            [
                0.4275195002555847,
                1.5993947982788086
            ],
            [
                1.0053637027740479,
                2.578474521636963
            ],
            [
                1.5825414657592773,
                3.962174892425537
            ],
            [
                2.6136043071746826,
                5.312262058258057
            ],
            [
                3.873824119567871,
                6.637874603271484
            ]
        ],
        [
            [
                0.05557858943939209,
                0.6322997808456421
            ],
            [
                0.2687087655067444,
                1.6972559690475464
            ],
            [
                0.6882378458976746,
                3.0232133865356445
            ],
            [
                1.2361538410186768,
                4.8747878074646
            ],
            [
                2.072144031524658,
                6.6720805168151855
            ],
            [
                3.0841779708862305,
                8.435942649841309
            ]
        ],
        [
            [
                -0.002307731658220291,
                0.3461833596229553
            ],
            [
                0.1040792465209961,
                1.2279512882232666
            ],
            [
                0.37308642268180847,
                2.4866082668304443
            ],
            [
                0.7816554307937622,
                4.25180196762085
            ],
            [
                1.3851778507232666,
                6.033803462982178
            ],
            [
                2.1378636360168457,
                7.853638648986816
            ]
        ],
        [
            [
                0.08672899007797241,
                0.7982063293457031
            ],
            [
                0.3489132523536682,
                1.8511462211608887
            ],
            [
                0.8562531471252441,
                3.0639090538024902
            ],
            [
                1.4611090421676636,
                4.742614269256592
            ],
            [
                2.437852144241333,
                6.33616304397583
            ],
            [
                3.601545810699463,
                7.872718811035156
            ]
        ],
        [
            [
                0.09982240945100784,
                0.6126088500022888
            ],
            [
                0.32557642459869385,
                1.4745162725448608
            ],
            [
                0.6979848146438599,
                2.588344097137451
            ],
            [
                1.0268052816390991,
                4.184196472167969
            ],
            [
                1.664136528968811,
                5.807129859924316
            ],
            [
                2.4730966091156006,
                7.369372844696045
            ]
        ]
    ],
    "tl_trigger": 4.4079413896724873e-07,
    "tl_status": 0
}