{
    "speed": 6.534958652368752,
    "steer": -0.02578989416360855,
    "throttle": 0.0,
    "brake": 1.0,
    "wp_6": [
        -0.34614434838294983,
        15.945964813232422
    ],
    "wp_5": [
        -0.2424747347831726,
        13.945941925048828
    ],
    "wp_4": [
        -0.14776037633419037,
        11.587520599365234
    ],
    "wp_3": [
        -0.13503888249397278,
        8.895998001098633
    ],
    "wp_2": [
        -0.07504818588495255,
        6.094265937805176
    ],
    "wp_1": [
        -0.02032158523797989,
        3.0442657470703125
    ],
    "aim": [
        -0.14776037633419037,
        11.587520599365234
    ],
    "target": [
        -1.32019550438409,
        21.482215420624193
    ],
    "desired_speed": 5.162979316711425,
    "angle": -0.008117479983123012,
    "angle_last": -0.032969123278214406,
    "angle_target": -0.0390745024946635,
    "angle_final": -0.008117479983123012,
    "delta": 0.0,
    "agent": "only_traj",
    "steer_traj": -0.025789893307682114,
    "throttle_traj": 0.0,
    "brake_traj": 1.0,
    "plan": [
        [
            -0.02032158523797989,
            3.0442657470703125
        ],
        [
            -0.07504818588495255,
            6.094265937805176
        ],
        [
            -0.13503888249397278,
            8.895998001098633
        ],
        [
            -0.14776037633419037,
            11.587520599365234
        ],
        [
            -0.2424747347831726,
            13.945941925048828
        ],
        [
            -0.34614434838294983,
            15.945964813232422
        ]
    ],
    "command": 3,
    "all_plan": [
        [
            [
                0.024078264832496643,
                3.0122761726379395
            ],
            [
                -0.008165039122104645,
                6.043302536010742
            ],
            [
                -0.047554656863212585,
                8.904485702514648
            ],
            [
                -0.12885302305221558,
                11.648859977722168
            ],
            [
                -0.21746471524238586,
                14.17131519317627
            ],
            [
                -0.3050270974636078,
                16.43177604675293
            ]
        ],
        [
            [
                0.01724962890148163,
                3.0559568405151367
            ],
            [
                -0.013062810525298119,
                6.134005546569824
            ],
            [
                -0.045871347188949585,
                9.139989852905273
            ],
            [
                -0.1030520349740982,
                12.079927444458008
            ],
            [
                -0.1702663004398346,
                14.833810806274414
            ],
            [
                -0.2412417232990265,
                17.31305503845215
            ]
        ],
        [
            [
                -0.02445422112941742,
                3.2811598777770996
            ],
            [
                -0.09285446256399155,
                6.59477424621582
            ],
            [
                -0.16438695788383484,
                9.867082595825195
            ],
            [
                -0.2535734176635742,
                13.086603164672852
            ],
            [
                -0.35598206520080566,
                16.145963668823242
            ],
            [
                -0.47946837544441223,
                18.941329956054688
            ]
        ],
        [
            [
                -0.02032158523797989,
                3.0442657470703125
            ],
            [
                -0.07504818588495255,
                6.094265937805176
            ],
            [
                -0.13503888249397278,
                8.895998001098633
            ],
            [
                -0.14776037633419037,
                11.587520599365234
            ],
            [
                -0.2424747347831726,
                13.945941925048828
            ],
            [
                -0.34614434838294983,
                15.945964813232422
            ]
        ],
        [
            [
                -0.03658150136470795,
                3.3065743446350098
            ],
            [
                -0.12884804606437683,
                6.622378349304199
            ],
            [
                -0.22151848673820496,
                9.877222061157227
            ],
            [
                -0.3582114577293396,
                13.03873062133789
            ],
            [
                -0.49924999475479126,
                16.104881286621094
            ],
            [
                -0.6615225672721863,
                19.00725555419922
            ]
        ],
        [
            [
                0.053462058305740356,
                3.125380039215088
            ],
            [
                0.05348832160234451,
                6.261524200439453
            ],
            [
                0.049314260482788086,
                9.307853698730469
            ],
            [
                -0.02247726172208786,
                12.259747505187988
            ],
            [
                -0.0606050044298172,
                15.069727897644043
            ],
            [
                -0.08946507424116135,
                17.678138732910156
            ]
        ]
    ],
    "tl_trigger": 4.799147745870869e-07,
    "tl_status": 0
}