{
    "speed": 6.690583068583908,
    "steer": -0.16771914064884186,
    "throttle": 0.75,
    "brake": 0.0,
    "wp_6": [
        -6.3238677978515625,
        22.73921775817871
    ],
    "wp_5": [
        -4.941607475280762,
        19.015146255493164
    ],
    "wp_4": [
        -3.6578874588012695,
        15.185808181762695
    ],
    "wp_3": [
        -2.2263426780700684,
        11.444517135620117
    ],
    "wp_2": [
        -1.350551962852478,
        7.591348648071289
    ],
    "wp_1": [
        -0.4838111698627472,
        3.8763723373413086
    ],
    "aim": [
        -3.6578874588012695,
        15.185808181762695
    ],
    "target": [
        -7.4155722665237365,
        30.1699383515406
    ],
    "desired_speed": 7.9132462501525875,
    "angle": -0.1504794164176619,
    "angle_last": -0.22625960634904557,
    "angle_target": -0.1534353124822167,
    "angle_final": -0.1504794164176619,
    "delta": 0.25,
    "agent": "only_traj",
    "steer_traj": -0.1677191407857124,
    "throttle_traj": 0.75,
    "brake_traj": 0.0,
    "plan": [
        [
            -0.4838111698627472,
            3.8763723373413086
        ],
        [
            -1.350551962852478,
            7.591348648071289
        ],
        [
            -2.2263426780700684,
            11.444517135620117
        ],
        [
            -3.6578874588012695,
            15.185808181762695
        ],
        [
            -4.941607475280762,
            19.015146255493164
        ],
        [
            -6.3238677978515625,
            22.73921775817871
        ]
    ],
    "command": 3,
    "all_plan": [
        [
            [
                -0.3323647975921631,
                3.877345561981201
            ],
            [
                -1.032515287399292,
                7.5596113204956055
            ],
            [
                -1.802224040031433,
                11.353893280029297
            ],
            [
                -3.365776538848877,
                14.901411056518555
            ],
            [
                -4.742401599884033,
                18.530574798583984
            ],
            [
                -6.139072895050049,
                22.05129623413086
            ]
        ],
        [
            [
                -0.4134082496166229,
                3.9001259803771973
            ],
            [
                -1.229875087738037,
                7.5770978927612305
            ],
            [
                -2.066746473312378,
                11.368452072143555
            ],
            [
                -3.5574419498443604,
                15.004778861999512
            ],
            [
                -4.852964878082275,
                18.749174118041992
            ],
            [
                -6.217585563659668,
                22.378786087036133
            ]
        ],
        [
            [
                -0.4506644904613495,
                4.020896911621094
            ],
            [
                -1.2866603136062622,
                7.884731292724609
            ],
            [
                -2.138444185256958,
                11.87350845336914
            ],
            [
                -3.5547356605529785,
                15.732795715332031
            ],
            [
                -4.812430381774902,
                19.68280029296875
            ],
            [
                -6.152523994445801,
                23.528961181640625
            ]
        ],
        [
            [
                -0.4838111698627472,
                3.8763723373413086
            ],
            [
                -1.350551962852478,
                7.591348648071289
            ],
            [
                -2.2263426780700684,
                11.444517135620117
            ],
            [
                -3.6578874588012695,
                15.185808181762695
            ],
            [
                -4.941607475280762,
                19.015146255493164
            ],
            [
                -6.3238677978515625,
                22.73921775817871
            ]
        ],
        [
            [
                -0.46814486384391785,
                3.9653091430664062
            ],
            [
                -1.3471806049346924,
                7.7469282150268555
            ],
            [
                -2.2370455265045166,
                11.660680770874023
            ],
            [
                -3.7471764087677,
                15.44575309753418
            ],
            [
                -5.077411651611328,
                19.308624267578125
            ],
            [
                -6.496940612792969,
                23.039796829223633
            ]
        ],
        [
            [
                -0.35506755113601685,
                3.8459272384643555
            ],
            [
                -1.103507399559021,
                7.452895164489746
            ],
            [
                -1.8903319835662842,
                11.144418716430664
            ],
            [
                -3.352658748626709,
                14.64684772491455
            ],
            [
                -4.612447261810303,
                18.244081497192383
            ],
            [
                -5.909332752227783,
                21.7199649810791
            ]
        ]
    ],
    "tl_trigger": 6.382671244864468e-07,
    "tl_status": 0
}