{
    "speed": 3.4731616556969787e-07,
    "steer": -0.018611010164022446,
    "throttle": 0.0,
    "brake": 1.0,
    "wp_6": [
        -0.019851472228765488,
        0.5480811595916748
    ],
    "wp_5": [
        -0.011424730531871319,
        0.37038305401802063
    ],
    "wp_4": [
        -0.008415399119257927,
        0.310811311006546
    ],
    "wp_3": [
        -0.01158103533089161,
        0.2760307192802429
    ],
    "wp_2": [
        -0.00995701551437378,
        0.23234650492668152
    ],
    "wp_1": [
        -0.0028147930279374123,
        0.19144195318222046
    ],
    "aim": [
        -0.008415399119257927,
        0.310811311006546
    ],
    "target": [
        0.7967891491456439,
        15.264446721095867
    ],
    "desired_speed": 0.1430830702185631,
    "angle": -0.017232595103477362,
    "angle_last": -0.03016692433473051,
    "angle_target": 0.03320079518447202,
    "angle_final": -0.017232595103477362,
    "delta": 0.1430827229023975,
    "agent": "only_traj",
    "steer_traj": -0.018611010288572215,
    "throttle_traj": 0.0,
    "brake_traj": 1.0,
    "plan": [
        [
            -0.0028147930279374123,
            0.19144195318222046
        ],
        [
            -0.00995701551437378,
            0.23234650492668152
        ],
        [
            -0.01158103533089161,
            0.2760307192802429
        ],
        [
            -0.008415399119257927,
            0.310811311006546
        ],
        [
            -0.011424730531871319,
            0.37038305401802063
        ],
        [
            -0.019851472228765488,
            0.5480811595916748
        ]
    ],
    "command": 3,
    "all_plan": [
        [
            [
                0.0421253964304924,
                0.32251113653182983
            ],
            [
                0.046993523836135864,
                0.4364251494407654
            ],
            [
                0.05510970205068588,
                0.5533830523490906
            ],
            [
                -0.015137806534767151,
                0.606028139591217
            ],
            [
                -0.033800818026065826,
                0.7633267641067505
            ],
            [
                -0.05164244771003723,
                0.9722665548324585
            ]
        ],
        [
            [
                0.04356732964515686,
                0.26748543977737427
            ],
            [
                0.047934308648109436,
                0.36468565464019775
            ],
            [
                0.05827002972364426,
                0.49989640712738037
            ],
            [
                -0.016527853906154633,
                0.5783329606056213
            ],
            [
                -0.03627178817987442,
                0.7636935710906982
            ],
            [
                -0.057911984622478485,
                1.0106236934661865
            ]
        ],
        [
            [
                0.021381864324212074,
                0.31242692470550537
            ],
            [
                0.023598233237862587,
                0.46714383363723755
            ],
            [
                0.029100654646754265,
                0.5942279100418091
            ],
            [
                -0.009206930175423622,
                0.6713788509368896
            ],
            [
                -0.00750911608338356,
                0.8067613840103149
            ],
            [
                -0.0133882537484169,
                1.0226173400878906
            ]
        ],
        [
            [
                -0.0028147930279374123,
                0.19144195318222046
            ],
            [
                -0.00995701551437378,
                0.23234650492668152
            ],
            [
                -0.01158103533089161,
                0.2760307192802429
            ],
            [
                -0.008415399119257927,
                0.310811311006546
            ],
            [
                -0.011424730531871319,
                0.37038305401802063
            ],
            [
                -0.019851472228765488,
                0.5480811595916748
            ]
        ],
        [
            [
                0.03550904989242554,
                0.29441148042678833
            ],
            [
                0.030802926048636436,
                0.5948277115821838
            ],
            [
                0.043139759451150894,
                1.0646268129348755
            ],
            [
                -0.043766919523477554,
                1.5138062238693237
            ],
            [
                -0.025748660787940025,
                2.0760462284088135
            ],
            [
                -0.03883602097630501,
                2.7874510288238525
            ]
        ],
        [
            [
                0.047726791352033615,
                0.2833624482154846
            ],
            [
                0.06072700396180153,
                0.3968024253845215
            ],
            [
                0.07345367223024368,
                0.516059398651123
            ],
            [
                -0.010128289461135864,
                0.593817949295044
            ],
            [
                -0.031018830835819244,
                0.7452841997146606
            ],
            [
                -0.04955911636352539,
                0.9179636240005493
            ]
        ]
    ],
    "tl_trigger": 0.9999655485153198,
    "tl_status": 0
}