{
    "speed": -1.2274113387538014e-05,
    "steer": -0.00927894189953804,
    "throttle": 0.75,
    "brake": 0.0,
    "wp_6": [
        -0.025891046971082687,
        2.754525661468506
    ],
    "wp_5": [
        -0.004556668922305107,
        1.8905823230743408
    ],
    "wp_4": [
        -0.005087142810225487,
        1.100051999092102
    ],
    "wp_3": [
        0.022812912240624428,
        0.46117380261421204
    ],
    "wp_2": [
        0.013648083433508873,
        0.03350689262151718
    ],
    "wp_1": [
        0.005762850865721703,
        -0.07847636938095093
    ],
    "aim": [
        -0.005087142810225487,
        1.100051999092102
    ],
    "target": [
        0.22263334078300212,
        14.843927680862288
    ],
    "desired_speed": 1.133700007200241,
    "angle": -0.0029439911417922437,
    "angle_last": -0.01571758325457776,
    "angle_target": 0.009547483906859293,
    "angle_final": -0.0029439911417922437,
    "delta": 0.25,
    "agent": "only_traj",
    "steer_traj": -0.009278941770167502,
    "throttle_traj": 0.75,
    "brake_traj": 0.0,
    "plan": [
        [
            0.005762850865721703,
            -0.07847636938095093
        ],
        [
            0.013648083433508873,
            0.03350689262151718
        ],
        [
            0.022812912240624428,
            0.46117380261421204
        ],
        [
            -0.005087142810225487,
            1.100051999092102
        ],
        [
            -0.004556668922305107,
            1.8905823230743408
        ],
        [
            -0.025891046971082687,
            2.754525661468506
        ]
    ],
    "command": 3,
    "all_plan": [
        [
            [
                0.013835551217198372,
                0.09465768933296204
            ],
            [
                0.02018316462635994,
                0.1413957178592682
            ],
            [
                0.031993262469768524,
                0.26839935779571533
            ],
            [
                -0.008718658238649368,
                0.4280768036842346
            ],
            [
                -0.00992710329592228,
                0.6185046434402466
            ],
            [
                -0.01982378214597702,
                0.839015007019043
            ]
        ],
        [
            [
                0.014552067965269089,
                0.008454367518424988
            ],
            [
                0.020885609090328217,
                0.02927600033581257
            ],
            [
                0.03804248571395874,
                0.20510268211364746
            ],
            [
                -0.01111055538058281,
                0.4273751676082611
            ],
            [
                -0.012956471182405949,
                0.693038821220398
            ],
            [
                -0.030966613441705704,
                1.0179153680801392
            ]
        ],
        [
            [
                0.014757722616195679,
                -0.035138532519340515
            ],
            [
                0.027135325595736504,
                0.03072415292263031
            ],
            [
                0.04633782058954239,
                0.3509131073951721
            ],
            [
                -0.00988447293639183,
                0.7868653535842896
            ],
            [
                -0.004531774669885635,
                1.3202606439590454
            ],
            [
                -0.025932474061846733,
                1.9129348993301392
            ]
        ],
        [
            [
                0.005762850865721703,
                -0.07847636938095093
            ],
            [
                0.013648083433508873,
                0.03350689262151718
            ],
            [
                0.022812912240624428,
                0.46117380261421204
            ],
            [
                -0.005087142810225487,
                1.100051999092102
            ],
            [
                -0.004556668922305107,
                1.8905823230743408
            ],
            [
                -0.025891046971082687,
                2.754525661468506
            ]
        ],
        [
            [
                0.01622829958796501,
                -0.017012909054756165
            ],
            [
                0.029060909524559975,
                0.05302828550338745
            ],
            [
                0.054723262786865234,
                0.39201927185058594
            ],
            [
                -0.013558797538280487,
                0.8152657151222229
            ],
            [
                -0.002580348402261734,
                1.33396577835083
            ],
            [
                -0.026523662731051445,
                1.9396586418151855
            ]
        ],
        [
            [
                0.015189912170171738,
                0.004399552941322327
            ],
            [
                0.02127079851925373,
                0.024266265332698822
            ],
            [
                0.03623112663626671,
                0.17026937007904053
            ],
            [
                -0.009145688265562057,
                0.35605600476264954
            ],
            [
                -0.011744067072868347,
                0.5751458406448364
            ],
            [
                -0.026926061138510704,
                0.8366546630859375
            ]
        ]
    ],
    "tl_trigger": 0.0006822030991315842,
    "tl_status": 0
}