{
    "speed": 8.978028611002521e-09,
    "steer": -0.021103451028466225,
    "throttle": 0.0,
    "brake": 1.0,
    "wp_6": [
        -0.013136973604559898,
        0.3627455234527588
    ],
    "wp_5": [
        -0.007562607526779175,
        0.24436666071414948
    ],
    "wp_4": [
        -0.005569925531744957,
        0.20526769757270813
    ],
    "wp_3": [
        -0.0076418775133788586,
        0.18612836301326752
    ],
    "wp_2": [
        -0.006620610132813454,
        0.15883882343769073
    ],
    "wp_1": [
        -0.0011689731618389487,
        0.13022565841674805
    ],
    "aim": [
        -0.005569925531744957,
        0.20526769757270813
    ],
    "target": [
        -0.729101344848812,
        13.149306757504268
    ],
    "desired_speed": 0.09333897158503532,
    "angle": -0.017270388816884766,
    "angle_last": -0.029955795598386334,
    "angle_target": -0.0352631157029236,
    "angle_final": -0.017270388816884766,
    "delta": 0.0933389626070067,
    "agent": "only_traj",
    "steer_traj": -0.021103451343125985,
    "throttle_traj": 0.0,
    "brake_traj": 1.0,
    "plan": [
        [
            -0.0011689731618389487,
            0.13022565841674805
        ],
        [
            -0.006620610132813454,
            0.15883882343769073
        ],
        [
            -0.0076418775133788586,
            0.18612836301326752
        ],
        [
            -0.005569925531744957,
            0.20526769757270813
        ],
        [
            -0.007562607526779175,
            0.24436666071414948
        ],
        [
            -0.013136973604559898,
            0.3627455234527588
        ]
    ],
    "command": 3,
    "all_plan": [
        [
            [
                0.01831466518342495,
                0.21800217032432556
            ],
            [
                0.015149097889661789,
                0.2810937464237213
            ],
            [
                0.01368178054690361,
                0.2945878207683563
            ],
            [
                -0.005990654230117798,
                0.24029701948165894
            ],
            [
                -0.017569851130247116,
                0.24957065284252167
            ],
            [
                -0.025967175140976906,
                0.31430670619010925
            ]
        ],
        [
            [
                0.022017570212483406,
                0.21666008234024048
            ],
            [
                0.020014803856611252,
                0.2817257344722748
            ],
            [
                0.019043613225221634,
                0.29350051283836365
            ],
            [
                -0.0060415081679821014,
                0.23704221844673157
            ],
            [
                -0.019355326890945435,
                0.2411123365163803
            ],
            [
                -0.028290608897805214,
                0.29397058486938477
            ]
        ],
        [
            [
                0.002329736016690731,
                0.14216861128807068
            ],
            [
                -0.0034723039716482162,
                0.1749277412891388
            ],
            [
                -0.005384419579058886,
                0.18958117067813873
            ],
            [
                -0.004469209350645542,
                0.16537810862064362
            ],
            [
                -0.007319294847548008,
                0.19133752584457397
            ],
            [
                -0.012110217474400997,
                0.27832168340682983
            ]
        ],
        [
            [
                -0.0011689731618389487,
                0.13022565841674805
            ],
            [
                -0.006620610132813454,
                0.15883882343769073
            ],
            [
                -0.0076418775133788586,
                0.18612836301326752
            ],
            [
                -0.005569925531744957,
                0.20526769757270813
            ],
            [
                -0.007562607526779175,
                0.24436666071414948
            ],
            [
                -0.013136973604559898,
                0.3627455234527588
            ]
        ],
        [
            [
                0.01850900799036026,
                0.24634990096092224
            ],
            [
                0.01459901686757803,
                0.31476712226867676
            ],
            [
                0.01276529859751463,
                0.3333531618118286
            ],
            [
                -0.007210656069219112,
                0.2782632112503052
            ],
            [
                -0.01953825354576111,
                0.29510578513145447
            ],
            [
                -0.029279880225658417,
                0.3818236291408539
            ]
        ],
        [
            [
                0.035684872418642044,
                0.24322283267974854
            ],
            [
                0.04159791022539139,
                0.3321567177772522
            ],
            [
                0.0461164228618145,
                0.37582361698150635
            ],
            [
                -0.006538428366184235,
                0.3651678264141083
            ],
            [
                -0.02413913793861866,
                0.40758588910102844
            ],
            [
                -0.0353943407535553,
                0.46880078315734863
            ]
        ]
    ],
    "tl_trigger": 0.9999862909317017,
    "tl_status": 0
}