{
    "speed": 8.837320342515088,
    "steer": 0.003793525043874979,
    "throttle": 0.75,
    "brake": 0.0,
    "wp_6": [
        0.41969791054725647,
        28.197681427001953
    ],
    "wp_5": [
        0.34429579973220825,
        23.57183837890625
    ],
    "wp_4": [
        0.23569931089878082,
        18.861934661865234
    ],
    "wp_3": [
        0.01930096186697483,
        14.150221824645996
    ],
    "wp_2": [
        -0.022377578541636467,
        9.454304695129395
    ],
    "wp_1": [
        -0.028959281742572784,
        4.716481685638428
    ],
    "aim": [
        -0.022377578541636467,
        9.454304695129395
    ],
    "target": [
        0.8378413619988914,
        11.144831899386674
    ],
    "desired_speed": 9.395289039611816,
    "angle": -0.0015067675584400047,
    "angle_last": 0.010376091995585068,
    "angle_target": 0.04776966893636054,
    "angle_final": -0.0015067675584400047,
    "delta": 0.25,
    "log_entries": [
        "norm1:7.09",
        "norm2:11.80",
        "norm3:16.51",
        "norm4:21.22",
        "norm5:25.89",
        " ",
        " ",
        " ",
        " ",
        " ",
        " "
    ],
    "agent": "only_traj",
    "steer_traj": 0.0037935250092626105,
    "throttle_traj": 0.75,
    "brake_traj": 0.0,
    "plan": [
        [
            -0.028959281742572784,
            4.716481685638428
        ],
        [
            -0.022377578541636467,
            9.454304695129395
        ],
        [
            0.01930096186697483,
            14.150221824645996
        ],
        [
            0.23569931089878082,
            18.861934661865234
        ],
        [
            0.34429579973220825,
            23.57183837890625
        ],
        [
            0.41969791054725647,
            28.197681427001953
        ]
    ],
    "command": 3,
    "redefined_command": 3,
    "cmd_softmax_output": [
        0.9611359238624573,
        0.009524228982627392,
        0.029339754953980446
    ],
    "all_plan": [
        [
            [
                0.03769523650407791,
                4.704686641693115
            ],
            [
                0.008992614224553108,
                9.329069137573242
            ],
            [
                -0.048507027328014374,
                13.8959321975708
            ],
            [
                -0.14902551472187042,
                18.410371780395508
            ],
            [
                -0.26024124026298523,
                23.01607894897461
            ],
            [
                -0.3622828722000122,
                27.582063674926758
            ]
        ],
        [
            [
                0.09002827852964401,
                4.773860454559326
            ],
            [
                0.19652113318443298,
                9.555166244506836
            ],
            [
                0.30335286259651184,
                14.26616382598877
            ],
            [
                0.5019569396972656,
                18.952098846435547
            ],
            [
                0.6179589033126831,
                23.71113395690918
            ],
            [
                0.714109480381012,
                28.407337188720703
            ]
        ],
        [
            [
                0.0014931486221030354,
                4.800242900848389
            ],
            [
                0.03254223242402077,
                9.63121509552002
            ],
            [
                0.09153325855731964,
                14.420851707458496
            ],
            [
                0.29113149642944336,
                19.240394592285156
            ],
            [
                0.4099906384944916,
                24.071670532226562
            ],
            [
                0.5025397539138794,
                28.82021713256836
            ]
        ],
        [
            [
                -0.028959281742572784,
                4.716481685638428
            ],
            [
                -0.022377578541636467,
                9.454304695129395
            ],
            [
                0.01930096186697483,
                14.150221824645996
            ],
            [
                0.23569931089878082,
                18.861934661865234
            ],
            [
                0.34429579973220825,
                23.57183837890625
            ],
            [
                0.41969791054725647,
                28.197681427001953
            ]
        ],
        [
            [
                0.0055564045906066895,
                4.882856845855713
            ],
            [
                0.010842734947800636,
                9.764764785766602
            ],
            [
                0.03392516449093819,
                14.592350006103516
            ],
            [
                0.16419383883476257,
                19.411039352416992
            ],
            [
                0.22164899110794067,
                24.268417358398438
            ],
            [
                0.25394532084465027,
                29.048072814941406
            ]
        ],
        [
            [
                0.07997814565896988,
                4.611783504486084
            ],
            [
                0.147333562374115,
                9.184122085571289
            ],
            [
                0.21930038928985596,
                13.677170753479004
            ],
            [
                0.3104393184185028,
                18.14521026611328
            ],
            [
                0.3986397981643677,
                22.68646812438965
            ],
            [
                0.47934988141059875,
                27.181196212768555
            ]
        ]
    ],
    "tl_trigger": 4.6555098265343986e-07,
    "tl_status": 0
}