{
    "speed": 8.137733150044228,
    "steer": -0.00430786469951272,
    "throttle": 0.75,
    "brake": 0.0,
    "wp_6": [
        -0.250471293926239,
        25.425392150878906
    ],
    "wp_5": [
        -0.1705862581729889,
        21.194522857666016
    ],
    "wp_4": [
        -0.07624639570713043,
        16.884187698364258
    ],
    "wp_3": [
        0.12854501605033875,
        12.6373929977417
    ],
    "wp_2": [
        0.1401284635066986,
        8.387529373168945
    ],
    "wp_1": [
        0.11607139557600021,
        4.158515453338623
    ],
    "aim": [
        -0.07624639570713043,
        16.884187698364258
    ],
    "target": [
        -3.9729353389082074,
        23.4694757141101
    ],
    "desired_speed": 8.509473037719726,
    "angle": -0.0028748544491935583,
    "angle_last": -0.012018884037034296,
    "angle_target": -0.10675555210834733,
    "angle_final": -0.0028748544491935583,
    "delta": 0.25,
    "log_entries": [
        "norm1:6.27",
        "norm2:10.51",
        "norm3:14.76",
        "norm4:19.04",
        "norm5:23.31",
        " ",
        " ",
        " ",
        " ",
        " ",
        " ",
        " ",
        " ",
        " ",
        " ",
        " ",
        " "
    ],
    "agent": "only_traj",
    "steer_traj": -0.004307864818127062,
    "throttle_traj": 0.75,
    "brake_traj": 0.0,
    "plan": [
        [
            0.11607139557600021,
            4.158515453338623
        ],
        [
            0.1401284635066986,
            8.387529373168945
        ],
        [
            0.12854501605033875,
            12.6373929977417
        ],
        [
            -0.07624639570713043,
            16.884187698364258
        ],
        [
            -0.1705862581729889,
            21.194522857666016
        ],
        [
            -0.250471293926239,
            25.425392150878906
        ]
    ],
    "command": 2,
    "redefined_command": 2,
    "cmd_softmax_output": [
        0.6279181838035583,
        0.046484895050525665,
        0.3255969285964966
    ],
    "all_plan": [
        [
            [
                0.16758614778518677,
                4.099531173706055
            ],
            [
                0.1849069893360138,
                8.204057693481445
            ],
            [
                0.14026954770088196,
                12.297711372375488
            ],
            [
                -0.22424331307411194,
                16.31609344482422
            ],
            [
                -0.4137035310268402,
                20.414081573486328
            ],
            [
                -0.5594971179962158,
                24.43724822998047
            ]
        ],
        [
            [
                0.18010210990905762,
                4.082240104675293
            ],
            [
                0.2505186200141907,
                8.217808723449707
            ],
            [
                0.2768740952014923,
                12.341001510620117
            ],
            [
                0.04382173717021942,
                16.437524795532227
            ],
            [
                -0.03290287405252457,
                20.591073989868164
            ],
            [
                -0.07263608276844025,
                24.64830780029297
            ]
        ],
        [
            [
                0.11607139557600021,
                4.158515453338623
            ],
            [
                0.1401284635066986,
                8.387529373168945
            ],
            [
                0.12854501605033875,
                12.6373929977417
            ],
            [
                -0.07624639570713043,
                16.884187698364258
            ],
            [
                -0.1705862581729889,
                21.194522857666016
            ],
            [
                -0.250471293926239,
                25.425392150878906
            ]
        ],
        [
            [
                0.10017623752355576,
                4.0747575759887695
            ],
            [
                0.10828627645969391,
                8.199094772338867
            ],
            [
                0.08330554515123367,
                12.341259002685547
            ],
            [
                -0.13641932606697083,
                16.462371826171875
            ],
            [
                -0.24699586629867554,
                20.648300170898438
            ],
            [
                -0.35012856125831604,
                24.76406478881836
            ]
        ],
        [
            [
                0.12484195083379745,
                4.172566890716553
            ],
            [
                0.1261415332555771,
                8.390390396118164
            ],
            [
                0.0762571319937706,
                12.612939834594727
            ],
            [
                -0.22135290503501892,
                16.801408767700195
            ],
            [
                -0.3870156407356262,
                21.045236587524414
            ],
            [
                -0.5182900428771973,
                25.1948299407959
            ]
        ],
        [
            [
                0.21591810882091522,
                4.075415134429932
            ],
            [
                0.31399866938591003,
                8.201639175415039
            ],
            [
                0.36265134811401367,
                12.305516242980957
            ],
            [
                0.1179143637418747,
                16.378761291503906
            ],
            [
                0.05086155980825424,
                20.512096405029297
            ],
            [
                0.031286463141441345,
                24.54189109802246
            ]
        ]
    ],
    "tl_trigger": 4.6921931584620324e-07,
    "tl_status": 0
}