{
    "speed": 9.697025485347746,
    "steer": -0.01748962514102459,
    "throttle": 0.05879726633429527,
    "brake": 0.0,
    "wp_6": [
        -0.018688855692744255,
        28.024526596069336
    ],
    "wp_5": [
        0.000521637499332428,
        23.532306671142578
    ],
    "wp_4": [
        0.07582271099090576,
        18.877899169921875
    ],
    "wp_3": [
        0.23985005915164948,
        14.238991737365723
    ],
    "wp_2": [
        0.21555379033088684,
        9.571334838867188
    ],
    "wp_1": [
        0.15201503038406372,
        4.811583042144775
    ],
    "aim": [
        0.07582271099090576,
        18.877899169921875
    ],
    "target": [
        -1.166580770614459,
        5.966396961931768
    ],
    "desired_speed": 9.286792182922364,
    "angle": 0.0025569673247452483,
    "angle_last": -0.0027223894487207185,
    "angle_target": -0.12292437574102273,
    "angle_final": 0.0025569673247452483,
    "delta": 0.0,
    "log_entries": [
        "norm1:7.19",
        "norm2:11.91",
        "norm3:16.56",
        "norm4:21.21",
        "norm5:25.78",
        " ",
        " ",
        " ",
        " ",
        " ",
        " ",
        " ",
        " ",
        " ",
        " ",
        " ",
        " ",
        " ",
        " ",
        " "
    ],
    "agent": "only_traj",
    "steer_traj": -0.017489624766844312,
    "throttle_traj": 0.05879726530911478,
    "brake_traj": 0.0,
    "plan": [
        [
            0.15201503038406372,
            4.811583042144775
        ],
        [
            0.21555379033088684,
            9.571334838867188
        ],
        [
            0.23985005915164948,
            14.238991737365723
        ],
        [
            0.07582271099090576,
            18.877899169921875
        ],
        [
            0.000521637499332428,
            23.532306671142578
        ],
        [
            -0.018688855692744255,
            28.024526596069336
        ]
    ],
    "command": 2,
    "redefined_command": 2,
    "cmd_softmax_output": [
        0.015386650338768959,
        0.10419251024723053,
        0.8804208636283875
    ],
    "all_plan": [
        [
            [
                0.2618090808391571,
                4.801830291748047
            ],
            [
                0.38200077414512634,
                9.502572059631348
            ],
            [
                0.43999040126800537,
                14.073751449584961
            ],
            [
                0.14070042967796326,
                18.556446075439453
            ],
            [
                0.026962704956531525,
                23.086345672607422
            ],
            [
                0.013199420645833015,
                27.437585830688477
            ]
        ],
        [
            [
                0.3117620050907135,
                4.850761890411377
            ],
            [
                0.49970242381095886,
                9.65831184387207
            ],
            [
                0.6127144694328308,
                14.35896110534668
            ],
            [
                0.3322699964046478,
                18.96114730834961
            ],
            [
                0.20175457000732422,
                23.62972640991211
            ],
            [
                0.18313303589820862,
                28.067598342895508
            ]
        ],
        [
            [
                0.15201503038406372,
                4.811583042144775
            ],
            [
                0.21555379033088684,
                9.571334838867188
            ],
            [
                0.23985005915164948,
                14.238991737365723
            ],
            [
                0.07582271099090576,
                18.877899169921875
            ],
            [
                0.000521637499332428,
                23.532306671142578
            ],
            [
                -0.018688855692744255,
                28.024526596069336
            ]
        ],
        [
            [
                0.09791239351034164,
                4.751786708831787
            ],
            [
                0.09707210958003998,
                9.420982360839844
            ],
            [
                0.05722876638174057,
                14.006965637207031
            ],
            [
                -0.15604168176651,
                18.534475326538086
            ],
            [
                -0.2942880094051361,
                23.09588623046875
            ],
            [
                -0.3900827169418335,
                27.52754783630371
            ]
        ],
        [
            [
                0.16975316405296326,
                4.805845737457275
            ],
            [
                0.21065354347229004,
                9.576173782348633
            ],
            [
                0.19689932465553284,
                14.27492904663086
            ],
            [
                -0.13682007789611816,
                18.925392150878906
            ],
            [
                -0.32585951685905457,
                23.60396957397461
            ],
            [
                -0.41836756467819214,
                28.077301025390625
            ]
        ],
        [
            [
                0.3562118709087372,
                4.919459819793701
            ],
            [
                0.5445469617843628,
                9.772500991821289
            ],
            [
                0.6380441784858704,
                14.532318115234375
            ],
            [
                0.13088303804397583,
                19.152856826782227
            ],
            [
                -0.11121377348899841,
                23.881093978881836
            ],
            [
                -0.1821877360343933,
                28.370384216308594
            ]
        ]
    ],
    "tl_trigger": 4.596442693127756e-07,
    "tl_status": 0
}