{
    "speed": 8.06694944472593,
    "steer": 0.0022462124470621347,
    "throttle": 0.75,
    "brake": 0.0,
    "wp_6": [
        0.17511609196662903,
        26.287076950073242
    ],
    "wp_5": [
        0.15927726030349731,
        21.85184097290039
    ],
    "wp_4": [
        0.11208269000053406,
        17.380739212036133
    ],
    "wp_3": [
        0.043340053409338,
        12.966193199157715
    ],
    "wp_2": [
        0.020599262788891792,
        8.596677780151367
    ],
    "wp_1": [
        0.00914572924375534,
        4.257988452911377
    ],
    "aim": [
        0.020599262788891792,
        8.596677780151367
    ],
    "target": [
        0.2966090830629913,
        9.407956817715183
    ],
    "desired_speed": 8.811990356445312,
    "angle": 0.0015254569780917672,
    "angle_last": 0.002273438583198941,
    "angle_target": 0.02006436512274805,
    "angle_final": 0.0015254569780917672,
    "delta": 0.25,
    "log_entries": [
        "norm1:6.43",
        "norm2:10.78",
        "norm3:15.17",
        "norm4:19.62",
        "norm5:24.07",
        " ",
        " ",
        " ",
        " ",
        " ",
        " "
    ],
    "agent": "only_traj",
    "steer_traj": 0.0022462125317318452,
    "throttle_traj": 0.75,
    "brake_traj": 0.0,
    "plan": [
        [
            0.00914572924375534,
            4.257988452911377
        ],
        [
            0.020599262788891792,
            8.596677780151367
        ],
        [
            0.043340053409338,
            12.966193199157715
        ],
        [
            0.11208269000053406,
            17.380739212036133
        ],
        [
            0.15927726030349731,
            21.85184097290039
        ],
        [
            0.17511609196662903,
            26.287076950073242
        ]
    ],
    "command": 3,
    "redefined_command": 3,
    "cmd_softmax_output": [
        0.999386191368103,
        0.00036856511724181473,
        0.0002451812906656414
    ],
    "all_plan": [
        [
            [
                0.08546111732721329,
                4.411634922027588
            ],
            [
                0.07618080079555511,
                8.779983520507812
            ],
            [
                0.033244214951992035,
                13.116720199584961
            ],
            [
                -0.1288195252418518,
                17.382070541381836
            ],
            [
                -0.23278966546058655,
                21.757421493530273
            ],
            [
                -0.34791266918182373,
                26.123308181762695
            ]
        ],
        [
            [
                0.11063887923955917,
                4.395008563995361
            ],
            [
                0.1801598221063614,
                8.797924041748047
            ],
            [
                0.23914042115211487,
                13.14962387084961
            ],
            [
                0.21797652542591095,
                17.481441497802734
            ],
            [
                0.26528793573379517,
                21.868568420410156
            ],
            [
                0.31831303238868713,
                26.197887420654297
            ]
        ],
        [
            [
                0.03762149065732956,
                4.374085426330566
            ],
            [
                0.06639416515827179,
                8.826400756835938
            ],
            [
                0.0961591973900795,
                13.304985046386719
            ],
            [
                0.13951925933361053,
                17.837650299072266
            ],
            [
                0.18668869137763977,
                22.446372985839844
            ],
            [
                0.2084307074546814,
                27.02668571472168
            ]
        ],
        [
            [
                0.00914572924375534,
                4.257988452911377
            ],
            [
                0.020599262788891792,
                8.596677780151367
            ],
            [
                0.043340053409338,
                12.966193199157715
            ],
            [
                0.11208269000053406,
                17.380739212036133
            ],
            [
                0.15927726030349731,
                21.85184097290039
            ],
            [
                0.17511609196662903,
                26.287076950073242
            ]
        ],
        [
            [
                0.03975462168455124,
                4.402054309844971
            ],
            [
                0.04062440246343613,
                8.842243194580078
            ],
            [
                0.032786935567855835,
                13.276795387268066
            ],
            [
                0.014251839369535446,
                17.705936431884766
            ],
            [
                0.00947474129498005,
                22.212120056152344
            ],
            [
                -0.021708894520998,
                26.698467254638672
            ]
        ],
        [
            [
                0.11167105287313461,
                4.156531810760498
            ],
            [
                0.16512900590896606,
                8.223621368408203
            ],
            [
                0.21059277653694153,
                12.19400405883789
            ],
            [
                0.1374129354953766,
                16.062114715576172
            ],
            [
                0.15543538331985474,
                19.981447219848633
            ],
            [
                0.175868958234787,
                23.85166358947754
            ]
        ]
    ],
    "tl_trigger": 4.403122204621468e-07,
    "tl_status": 0
}