{
    "speed": 8.290372858578086,
    "steer": 0.05990976467728615,
    "throttle": 0.75,
    "brake": 0.0,
    "wp_6": [
        2.05460262298584,
        26.327943801879883
    ],
    "wp_5": [
        1.992244839668274,
        22.174222946166992
    ],
    "wp_4": [
        1.7438644170761108,
        17.895790100097656
    ],
    "wp_3": [
        0.655238151550293,
        13.594541549682617
    ],
    "wp_2": [
        0.35295772552490234,
        9.125544548034668
    ],
    "wp_1": [
        0.03337446600198746,
        4.47952127456665
    ],
    "aim": [
        0.35295772552490234,
        9.125544548034668
    ],
    "target": [
        0.017939632696666763,
        42.89135602099697
    ],
    "desired_speed": 8.805163764953614,
    "angle": 0.024610889244808642,
    "angle_last": 0.009556545186174315,
    "angle_target": 0.00026627099903631107,
    "angle_final": 0.024610889244808642,
    "delta": 0.25,
    "log_entries": [
        "norm1:6.81",
        "norm2:11.37",
        "norm3:15.79",
        "norm4:20.12",
        "norm5:24.34",
        " ",
        " ",
        " ",
        " ",
        " ",
        " ",
        " ",
        " ",
        " ",
        " ",
        " ",
        " ",
        " ",
        " ",
        " ",
        " ",
        " ",
        " ",
        " ",
        " ",
        " ",
        " ",
        " ",
        " "
    ],
    "agent": "only_traj",
    "steer_traj": 0.05990976443444715,
    "throttle_traj": 0.75,
    "brake_traj": 0.0,
    "plan": [
        [
            0.03337446600198746,
            4.47952127456665
        ],
        [
            0.35295772552490234,
            9.125544548034668
        ],
        [
            0.655238151550293,
            13.594541549682617
        ],
        [
            1.7438644170761108,
            17.895790100097656
        ],
        [
            1.992244839668274,
            22.174222946166992
        ],
        [
            2.05460262298584,
            26.327943801879883
        ]
    ],
    "command": 3,
    "redefined_command": 5,
    "cmd_softmax_output": [
        0.0009960965253412724,
        0.00011969268962275237,
        0.9988842606544495
    ],
    "all_plan": [
        [
            [
                0.08423732966184616,
                4.4545159339904785
            ],
            [
                0.354343980550766,
                8.992115020751953
            ],
            [
                0.5539610385894775,
                13.305082321166992
            ],
            [
                1.4226436614990234,
                17.415653228759766
            ],
            [
                1.5547831058502197,
                21.50682258605957
            ],
            [
                1.5208269357681274,
                25.47412109375
            ]
        ],
        [
            [
                0.05132884532213211,
                4.457067012786865
            ],
            [
                0.37929457426071167,
                9.049551010131836
            ],
            [
                0.6566956043243408,
                13.417573928833008
            ],
            [
                1.783893346786499,
                17.561176300048828
            ],
            [
                1.9849720001220703,
                21.681068420410156
            ],
            [
                1.9860848188400269,
                25.67977523803711
            ]
        ],
        [
            [
                0.04807191342115402,
                4.522759437561035
            ],
            [
                0.2918354868888855,
                9.116026878356934
            ],
            [
                0.47144049406051636,
                13.483238220214844
            ],
            [
                1.377861738204956,
                17.6456298828125
            ],
            [
                1.495273232460022,
                21.800138473510742
            ],
            [
                1.4390853643417358,
                25.846088409423828
            ]
        ],
        [
            [
                0.046104177832603455,
                4.501706600189209
            ],
            [
                0.2460058182477951,
                9.021076202392578
            ],
            [
                0.3772144615650177,
                13.302041053771973
            ],
            [
                1.165103554725647,
                17.372255325317383
            ],
            [
                1.2414151430130005,
                21.44129180908203
            ],
            [
                1.1576545238494873,
                25.41050910949707
            ]
        ],
        [
            [
                0.0007038043113425374,
                4.507893085479736
            ],
            [
                0.260051965713501,
                9.11903190612793
            ],
            [
                0.47054344415664673,
                13.49820613861084
            ],
            [
                1.5596575736999512,
                17.64217758178711
            ],
            [
                1.7041329145431519,
                21.768680572509766
            ],
            [
                1.641216516494751,
                25.7895450592041
            ]
        ],
        [
            [
                0.03337446600198746,
                4.47952127456665
            ],
            [
                0.35295772552490234,
                9.125544548034668
            ],
            [
                0.655238151550293,
                13.594541549682617
            ],
            [
                1.7438644170761108,
                17.895790100097656
            ],
            [
                1.992244839668274,
                22.174222946166992
            ],
            [
                2.05460262298584,
                26.327943801879883
            ]
        ]
    ],
    "tl_trigger": 5.345335694073583e-07,
    "tl_status": 0
}