{
    "speed": 7.660510777486804,
    "steer": -0.02089761011302471,
    "throttle": 0.05336768180131912,
    "brake": 0.0,
    "wp_6": [
        -0.3840963542461395,
        22.541242599487305
    ],
    "wp_5": [
        -0.2773972749710083,
        18.751541137695312
    ],
    "wp_4": [
        -0.20678594708442688,
        14.907569885253906
    ],
    "wp_3": [
        -0.11707127094268799,
        11.094097137451172
    ],
    "wp_2": [
        -0.06928522139787674,
        7.287294387817383
    ],
    "wp_1": [
        -0.015122190117835999,
        3.564918041229248
    ],
    "aim": [
        -0.06928522139787674,
        7.287294387817383
    ],
    "target": [
        -0.6595584084184769,
        20.255158560653836
    ],
    "desired_speed": 7.592089653015137,
    "angle": -0.006052562015046602,
    "angle_last": -0.017919256788035978,
    "angle_target": -0.020722603198453208,
    "angle_final": -0.006052562015046602,
    "delta": 0.0,
    "log_entries": [
        "norm1:5.43",
        "norm2:9.19",
        "norm3:13.00",
        "norm4:16.83",
        "norm5:20.65",
        " ",
        " ",
        " ",
        " ",
        " ",
        " ",
        " ",
        " ",
        " ",
        " ",
        " ",
        " ",
        " ",
        " ",
        " ",
        " "
    ],
    "agent": "only_traj",
    "steer_traj": -0.02089761026328956,
    "throttle_traj": 0.05336768183607601,
    "brake_traj": 0.0,
    "plan": [
        [
            -0.015122190117835999,
            3.564918041229248
        ],
        [
            -0.06928522139787674,
            7.287294387817383
        ],
        [
            -0.11707127094268799,
            11.094097137451172
        ],
        [
            -0.20678594708442688,
            14.907569885253906
        ],
        [
            -0.2773972749710083,
            18.751541137695312
        ],
        [
            -0.3840963542461395,
            22.541242599487305
        ]
    ],
    "command": 3,
    "redefined_command": 3,
    "cmd_softmax_output": [
        0.9992837309837341,
        0.0006487141363322735,
        6.7554647102952e-05
    ],
    "all_plan": [
        [
            [
                0.04785829037427902,
                3.330976963043213
            ],
            [
                0.0272016990929842,
                6.903525352478027
            ],
            [
                0.003644447773694992,
                10.643206596374512
            ],
            [
                -0.1669985055923462,
                14.398134231567383
            ],
            [
                -0.2579251229763031,
                18.226028442382812
            ],
            [
                -0.3613017797470093,
                22.020639419555664
            ]
        ],
        [
            [
                0.03562478721141815,
                3.257434368133545
            ],
            [
                0.01194976456463337,
                6.8005170822143555
            ],
            [
                -0.004518125206232071,
                10.545642852783203
            ],
            [
                -0.18252010643482208,
                14.326566696166992
            ],
            [
                -0.2714305818080902,
                18.194181442260742
            ],
            [
                -0.36868947744369507,
                22.021270751953125
            ]
        ],
        [
            [
                -0.00038033712189644575,
                3.561903476715088
            ],
            [
                -0.040209703147411346,
                7.3217926025390625
            ],
            [
                -0.07153812050819397,
                11.207681655883789
            ],
            [
                -0.15982428193092346,
                15.115792274475098
            ],
            [
                -0.21599352359771729,
                19.066715240478516
            ],
            [
                -0.30852368474006653,
                22.98105239868164
            ]
        ],
        [
            [
                -0.015122190117835999,
                3.564918041229248
            ],
            [
                -0.06928522139787674,
                7.287294387817383
            ],
            [
                -0.11707127094268799,
                11.094097137451172
            ],
            [
                -0.20678594708442688,
                14.907569885253906
            ],
            [
                -0.2773972749710083,
                18.751541137695312
            ],
            [
                -0.3840963542461395,
                22.541242599487305
            ]
        ],
        [
            [
                -0.001569032552652061,
                3.419538974761963
            ],
            [
                -0.06901101022958755,
                7.092963218688965
            ],
            [
                -0.1347658783197403,
                10.956827163696289
            ],
            [
                -0.3529193699359894,
                14.843382835388184
            ],
            [
                -0.4990425705909729,
                18.798078536987305
            ],
            [
                -0.6603996753692627,
                22.707990646362305
            ]
        ],
        [
            [
                0.04720538854598999,
                3.268216609954834
            ],
            [
                0.03863714635372162,
                6.783019065856934
            ],
            [
                0.039547450840473175,
                10.467933654785156
            ],
            [
                -0.1197703555226326,
                14.175477981567383
            ],
            [
                -0.18377867341041565,
                17.976116180419922
            ],
            [
                -0.2565876245498657,
                21.74231719970703
            ]
        ]
    ],
    "tl_trigger": 4.84520853660797e-07,
    "tl_status": 0
}