{
    "speed": 6.437648431863788,
    "steer": -0.006440040189772844,
    "throttle": 0.75,
    "brake": 0.0,
    "wp_6": [
        -0.24985656142234802,
        25.390710830688477
    ],
    "wp_5": [
        -0.1657097339630127,
        21.191059112548828
    ],
    "wp_4": [
        -0.14204171299934387,
        16.912994384765625
    ],
    "wp_3": [
        -0.1588289886713028,
        12.638725280761719
    ],
    "wp_2": [
        -0.11541252583265305,
        8.389118194580078
    ],
    "wp_1": [
        -0.05620835721492767,
        4.150277614593506
    ],
    "aim": [
        -0.14204171299934387,
        16.912994384765625
    ],
    "target": [
        -0.4731667529638367,
        13.973803333980626
    ],
    "desired_speed": 8.496803855895996,
    "angle": -0.005346396345858062,
    "angle_last": -0.012753964173709222,
    "angle_target": -0.021548339904541445,
    "angle_final": -0.005346396345858062,
    "delta": 0.25,
    "agent": "only_traj",
    "steer_traj": -0.006440040261474427,
    "throttle_traj": 0.75,
    "brake_traj": 0.0,
    "plan": [
        [
            -0.05620835721492767,
            4.150277614593506
        ],
        [
            -0.11541252583265305,
            8.389118194580078
        ],
        [
            -0.1588289886713028,
            12.638725280761719
        ],
        [
            -0.14204171299934387,
            16.912994384765625
        ],
        [
            -0.1657097339630127,
            21.191059112548828
        ],
        [
            -0.24985656142234802,
            25.390710830688477
        ]
    ],
    "command": 3,
    "all_plan": [
        [
            [
                0.008131973445415497,
                4.1089863777160645
            ],
            [
                -0.03441755473613739,
                8.29052448272705
            ],
            [
                -0.08455993980169296,
                12.487248420715332
            ],
            [
                -0.19851543009281158,
                16.67458724975586
            ],
            [
                -0.28594592213630676,
                20.895734786987305
            ],
            [
                -0.40503615140914917,
                25.04627227783203
            ]
        ],
        [
            [
                0.016556881368160248,
                4.0652971267700195
            ],
            [
                0.008287148550152779,
                8.250699043273926
            ],
            [
                0.005520920734852552,
                12.47490406036377
            ],
            [
                -0.017996348440647125,
                16.722923278808594
            ],
            [
                -0.021668436005711555,
                21.00353240966797
            ],
            [
                -0.06034097820520401,
                25.226062774658203
            ]
        ],
        [
            [
                -0.04698370397090912,
                4.1923065185546875
            ],
            [
                -0.09562297910451889,
                8.497594833374023
            ],
            [
                -0.12950867414474487,
                12.8228120803833
            ],
            [
                -0.1029960960149765,
                17.188631057739258
            ],
            [
                -0.11534906178712845,
                21.555971145629883
            ],
            [
                -0.18554775416851044,
                25.838544845581055
            ]
        ],
        [
            [
                -0.05620835721492767,
                4.150277614593506
            ],
            [
                -0.11541252583265305,
                8.389118194580078
            ],
            [
                -0.1588289886713028,
                12.638725280761719
            ],
            [
                -0.14204171299934387,
                16.912994384765625
            ],
            [
                -0.1657097339630127,
                21.191059112548828
            ],
            [
                -0.24985656142234802,
                25.390710830688477
            ]
        ],
        [
            [
                -0.041620321571826935,
                4.1482253074646
            ],
            [
                -0.11200325191020966,
                8.422836303710938
            ],
            [
                -0.17716023325920105,
                12.751248359680176
            ],
            [
                -0.24079596996307373,
                17.095380783081055
            ],
            [
                -0.31647148728370667,
                21.453020095825195
            ],
            [
                -0.44172048568725586,
                25.741661071777344
            ]
        ],
        [
            [
                0.040028177201747894,
                4.030874252319336
            ],
            [
                0.04449980705976486,
                8.137297630310059
            ],
            [
                0.047682300209999084,
                12.242055892944336
            ],
            [
                0.001712556928396225,
                16.3472957611084
            ],
            [
                -0.00498458556830883,
                20.485858917236328
            ],
            [
                -0.035802606493234634,
                24.55899429321289
            ]
        ]
    ],
    "tl_trigger": 5.785178700534743e-07,
    "tl_status": 0
}