{
    "speed": 0.0005592677467692272,
    "steer": 0.4159405827522278,
    "throttle": 0.75,
    "brake": 0.0,
    "wp_6": [
        6.582798004150391,
        10.531049728393555
    ],
    "wp_5": [
        4.414656162261963,
        8.276680946350098
    ],
    "wp_4": [
        2.743725538253784,
        5.973176002502441
    ],
    "wp_3": [
        1.6200265884399414,
        3.686628580093384
    ],
    "wp_2": [
        0.6801105737686157,
        2.156726837158203
    ],
    "wp_1": [
        0.20252689719200134,
        0.9666186571121216
    ],
    "aim": [
        2.743725538253784,
        5.973176002502441
    ],
    "target": [
        19.80940989382792,
        28.559838795929235
    ],
    "desired_speed": 4.639667797088623,
    "angle": 0.2741251369424707,
    "angle_last": 0.48758919085486074,
    "angle_target": 0.3860621215705472,
    "angle_final": 0.2741251369424707,
    "delta": 0.25,
    "agent": "only_traj",
    "steer_traj": 0.415940575079112,
    "throttle_traj": 0.75,
    "brake_traj": 0.0,
    "plan": [
        [
            0.20252689719200134,
            0.9666186571121216
        ],
        [
            0.6801105737686157,
            2.156726837158203
        ],
        [
            1.6200265884399414,
            3.686628580093384
        ],
        [
            2.743725538253784,
            5.973176002502441
        ],
        [
            4.414656162261963,
            8.276680946350098
        ],
        [
            6.582798004150391,
            10.531049728393555
        ]
    ],
    "command": 2,
    "all_plan": [
        [
            [
                0.1463446468114853,
                0.8853181600570679
            ],
            [
                0.5252324342727661,
                1.958145260810852
            ],
            [
                1.3449029922485352,
                3.3480985164642334
            ],
            [
                2.3310658931732178,
                5.445940017700195
            ],
            [
                3.8445382118225098,
                7.533642768859863
            ],
            [
                5.872547149658203,
                9.551684379577637
            ]
        ],
        [
            [
                0.08935681730508804,
                0.9940279722213745
            ],
            [
                0.4559323489665985,
                2.102372646331787
            ],
            [
                1.3564982414245605,
                3.536668062210083
            ],
            [
                2.571774482727051,
                5.727005958557129
            ],
            [
                4.3673624992370605,
                7.806078910827637
            ],
            [
                6.729851722717285,
                9.787738800048828
            ]
        ],
        [
            [
                0.20252689719200134,
                0.9666186571121216
            ],
            [
                0.6801105737686157,
                2.156726837158203
            ],
            [
                1.6200265884399414,
                3.686628580093384
            ],
            [
                2.743725538253784,
                5.973176002502441
            ],
            [
                4.414656162261963,
                8.276680946350098
            ],
            [
                6.582798004150391,
                10.531049728393555
            ]
        ],
        [
            [
                0.16643387079238892,
                0.8091132044792175
            ],
            [
                0.5633950233459473,
                1.8677964210510254
            ],
            [
                1.3762311935424805,
                3.304276943206787
            ],
            [
                2.3707163333892822,
                5.466953277587891
            ],
            [
                3.8290205001831055,
                7.676215171813965
            ],
            [
                5.79550838470459,
                9.834696769714355
            ]
        ],
        [
            [
                0.1313990205526352,
                1.0180485248565674
            ],
            [
                0.5610017776489258,
                2.1755998134613037
            ],
            [
                1.5124390125274658,
                3.69413423538208
            ],
            [
                2.7578206062316895,
                5.949077606201172
            ],
            [
                4.585522651672363,
                8.118968963623047
            ],
            [
                6.926241397857666,
                10.223091125488281
            ]
        ],
        [
            [
                0.13013392686843872,
                1.0515739917755127
            ],
            [
                0.5460960865020752,
                2.286842107772827
            ],
            [
                1.4412699937820435,
                3.8552193641662598
            ],
            [
                2.5905237197875977,
                6.151691436767578
            ],
            [
                4.303664684295654,
                8.34832763671875
            ],
            [
                6.497552871704102,
                10.461021423339844
            ]
        ]
    ],
    "tl_trigger": 2.48082801590499e-06,
    "tl_status": 0
}