{
    "speed": 0.0011928806562769402,
    "steer": 0.32121437788009644,
    "throttle": 0.75,
    "brake": 0.0,
    "wp_6": [
        2.702610731124878,
        7.206498622894287
    ],
    "wp_5": [
        1.7120027542114258,
        5.595263481140137
    ],
    "wp_4": [
        1.0000693798065186,
        3.9613780975341797
    ],
    "wp_3": [
        0.42944324016571045,
        2.3678722381591797
    ],
    "wp_2": [
        0.11291714012622833,
        1.2635682821273804
    ],
    "wp_1": [
        0.004157155752182007,
        0.4642454981803894
    ],
    "aim": [
        1.0000693798065186,
        3.9613780975341797
    ],
    "target": [
        19.56717231449891,
        28.41355495947771
    ],
    "desired_speed": 2.9286820411682126,
    "angle": 0.1574283193331717,
    "angle_last": 0.3509303864862917,
    "angle_target": 0.3839276044542032,
    "angle_final": 0.1574283193331717,
    "delta": 0.25,
    "agent": "only_traj",
    "steer_traj": 0.3212143804897611,
    "throttle_traj": 0.75,
    "brake_traj": 0.0,
    "plan": [
        [
            0.004157155752182007,
            0.4642454981803894
        ],
        [
            0.11291714012622833,
            1.2635682821273804
        ],
        [
            0.42944324016571045,
            2.3678722381591797
        ],
        [
            1.0000693798065186,
            3.9613780975341797
        ],
        [
            1.7120027542114258,
            5.595263481140137
        ],
        [
            2.702610731124878,
            7.206498622894287
        ]
    ],
    "command": 2,
    "all_plan": [
        [
            [
                0.00261881947517395,
                0.38518473505973816
            ],
            [
                0.07890672236680984,
                1.0255725383758545
            ],
            [
                0.3646449148654938,
                1.9912073612213135
            ],
            [
                0.8217310905456543,
                3.3917808532714844
            ],
            [
                1.4567339420318604,
                4.855432987213135
            ],
            [
                2.418778896331787,
                6.303145885467529
            ]
        ],
        [
            [
                0.03819382190704346,
                0.5747292041778564
            ],
            [
                0.21617084741592407,
                1.370431900024414
            ],
            [
                0.7343912124633789,
                2.465482234954834
            ],
            [
                1.4829498529434204,
                4.044742584228516
            ],
            [
                2.5670855045318604,
                5.6282453536987305
            ],
            [
                4.022073268890381,
                7.2061333656311035
            ]
        ],
        [
            [
                0.004157155752182007,
                0.4642454981803894
            ],
            [
                0.11291714012622833,
                1.2635682821273804
            ],
            [
                0.42944324016571045,
                2.3678722381591797
            ],
            [
                1.0000693798065186,
                3.9613780975341797
            ],
            [
                1.7120027542114258,
                5.595263481140137
            ],
            [
                2.702610731124878,
                7.206498622894287
            ]
        ],
        [
            [
                -0.012150347232818604,
                0.3551490604877472
            ],
            [
                0.05730476230382919,
                1.096001148223877
            ],
            [
                0.28673791885375977,
                2.1538009643554688
            ],
            [
                0.7612980604171753,
                3.698652505874634
            ],
            [
                1.312544584274292,
                5.296526908874512
            ],
            [
                2.114123821258545,
                6.861795425415039
            ]
        ],
        [
            [
                0.005918271839618683,
                0.5732564330101013
            ],
            [
                0.1526995301246643,
                1.4354302883148193
            ],
            [
                0.6120795011520386,
                2.6077613830566406
            ],
            [
                1.3709614276885986,
                4.249885559082031
            ],
            [
                2.3993325233459473,
                5.874209880828857
            ],
            [
                3.7376270294189453,
                7.499998569488525
            ]
        ],
        [
            [
                0.07874131947755814,
                0.7010935544967651
            ],
            [
                0.32209861278533936,
                1.6210505962371826
            ],
            [
                0.8686290979385376,
                2.8174829483032227
            ],
            [
                1.6072413921356201,
                4.51405143737793
            ],
            [
                2.6743640899658203,
                6.202268600463867
            ],
            [
                4.059717655181885,
                7.862476825714111
            ]
        ]
    ],
    "tl_trigger": 2.7254070573690115e-06,
    "tl_status": 0
}