{
    "speed": -0.0027957070193793798,
    "steer": 0.17976312339305878,
    "throttle": 0.75,
    "brake": 0.0,
    "wp_6": [
        1.8800194263458252,
        6.1642255783081055
    ],
    "wp_5": [
        1.1106059551239014,
        4.709395408630371
    ],
    "wp_4": [
        0.6263455748558044,
        3.2111666202545166
    ],
    "wp_3": [
        0.24035118520259857,
        1.8060894012451172
    ],
    "wp_2": [
        0.03689030185341835,
        0.8904327750205994
    ],
    "wp_1": [
        -0.009497802704572678,
        0.28116339445114136
    ],
    "aim": [
        0.6263455748558044,
        3.2111666202545166
    ],
    "target": [
        19.367778599279383,
        28.595723289158325
    ],
    "desired_speed": 2.490584468841553,
    "angle": 0.12263442500923741,
    "angle_last": 0.30969934243358355,
    "angle_target": 0.3789960143713843,
    "angle_final": 0.12263442500923741,
    "delta": 0.25,
    "agent": "only_traj",
    "steer_traj": 0.17976313072705158,
    "throttle_traj": 0.75,
    "brake_traj": 0.0,
    "plan": [
        [
            -0.009497802704572678,
            0.28116339445114136
        ],
        [
            0.03689030185341835,
            0.8904327750205994
        ],
        [
            0.24035118520259857,
            1.8060894012451172
        ],
        [
            0.6263455748558044,
            3.2111666202545166
        ],
        [
            1.1106059551239014,
            4.709395408630371
        ],
        [
            1.8800194263458252,
            6.1642255783081055
        ]
    ],
    "command": 2,
    "all_plan": [
        [
            [
                0.013260580599308014,
                0.27964097261428833
            ],
            [
                0.0634874552488327,
                0.8155203461647034
            ],
            [
                0.29578205943107605,
                1.602803111076355
            ],
            [
                0.6289910078048706,
                2.886791229248047
            ],
            [
                1.1264677047729492,
                4.284852981567383
            ],
            [
                1.9834654331207275,
                5.62581729888916
            ]
        ],
        [
            [
                0.038684286177158356,
                0.3992297053337097
            ],
            [
                0.14595556259155273,
                1.0054020881652832
            ],
            [
                0.5258920192718506,
                1.844373106956482
            ],
            [
                1.043116807937622,
                3.2148919105529785
            ],
            [
                1.8178176879882812,
                4.6872172355651855
            ],
            [
                3.0200748443603516,
                6.113621234893799
            ]
        ],
        [
            [
                -0.009497802704572678,
                0.28116339445114136
            ],
            [
                0.03689030185341835,
                0.8904327750205994
            ],
            [
                0.24035118520259857,
                1.8060894012451172
            ],
            [
                0.6263455748558044,
                3.2111666202545166
            ],
            [
                1.1106059551239014,
                4.709395408630371
            ],
            [
                1.8800194263458252,
                6.1642255783081055
            ]
        ],
        [
            [
                -0.015234127640724182,
                0.2516692876815796
            ],
            [
                0.01837117224931717,
                0.8544521927833557
            ],
            [
                0.1717502772808075,
                1.76559579372406
            ],
            [
                0.5079929828643799,
                3.1655049324035645
            ],
            [
                0.8943941593170166,
                4.668722152709961
            ],
            [
                1.5308867692947388,
                6.123498916625977
            ]
        ],
        [
            [
                0.016618721187114716,
                0.445120632648468
            ],
            [
                0.11868242174386978,
                1.1289846897125244
            ],
            [
                0.4710732400417328,
                2.0876386165618896
            ],
            [
                1.009015679359436,
                3.5225791931152344
            ],
            [
                1.7715752124786377,
                5.0170745849609375
            ],
            [
                2.8795623779296875,
                6.485550403594971
            ]
        ],
        [
            [
                0.09248873591423035,
                0.5510357022285461
            ],
            [
                0.30072933435440063,
                1.2954833507537842
            ],
            [
                0.7271914482116699,
                2.2764058113098145
            ],
            [
                1.235564947128296,
                3.773632764816284
            ],
            [
                2.0061118602752686,
                5.33404541015625
            ],
            [
                3.105285167694092,
                6.8227033615112305
            ]
        ]
    ],
    "tl_trigger": 1.1407475994928973e-06,
    "tl_status": 0
}