{
    "speed": 0.002103284715683435,
    "steer": 0.2922572195529938,
    "throttle": 0.75,
    "brake": 0.0,
    "wp_6": [
        4.426722526550293,
        9.798040390014648
    ],
    "wp_5": [
        2.9438743591308594,
        7.68562126159668
    ],
    "wp_4": [
        1.713411808013916,
        5.684138298034668
    ],
    "wp_3": [
        0.7378113269805908,
        3.7169032096862793
    ],
    "wp_2": [
        0.09145396202802658,
        2.196607828140259
    ],
    "wp_1": [
        -0.10315681248903275,
        0.929850161075592
    ],
    "aim": [
        1.713411808013916,
        5.684138298034668
    ],
    "target": [
        20.940795113764228,
        28.409247523719
    ],
    "desired_speed": 4.0239424228668215,
    "angle": 0.18638634824826555,
    "angle_last": 0.389639800588422,
    "angle_target": 0.4043818895195265,
    "angle_final": 0.18638634824826555,
    "delta": 0.25,
    "agent": "only_traj",
    "steer_traj": 0.2922572058226322,
    "throttle_traj": 0.75,
    "brake_traj": 0.0,
    "plan": [
        [
            -0.10315681248903275,
            0.929850161075592
        ],
        [
            0.09145396202802658,
            2.196607828140259
        ],
        [
            0.7378113269805908,
            3.7169032096862793
        ],
        [
            1.713411808013916,
            5.684138298034668
        ],
        [
            2.9438743591308594,
            7.68562126159668
        ],
        [
            4.426722526550293,
            9.798040390014648
        ]
    ],
    "command": 2,
    "all_plan": [
        [
            [
                -0.06285043805837631,
                0.703860342502594
            ],
            [
                0.07550794631242752,
                1.6973485946655273
            ],
            [
                0.5796811580657959,
                2.984593629837036
            ],
            [
                1.3356640338897705,
                4.708083629608154
            ],
            [
                2.359595537185669,
                6.467504978179932
            ],
            [
                3.6684212684631348,
                8.289156913757324
            ]
        ],
        [
            [
                -0.028974659740924835,
                0.9047380089759827
            ],
            [
                0.2240431308746338,
                2.0231313705444336
            ],
            [
                0.989645779132843,
                3.430239200592041
            ],
            [
                2.031888246536255,
                5.302978515625
            ],
            [
                3.513343095779419,
                7.177191734313965
            ],
            [
                5.326898574829102,
                9.140071868896484
            ]
        ],
        [
            [
                -0.10315681248903275,
                0.929850161075592
            ],
            [
                0.09145396202802658,
                2.196607828140259
            ],
            [
                0.7378113269805908,
                3.7169032096862793
            ],
            [
                1.713411808013916,
                5.684138298034668
            ],
            [
                2.9438743591308594,
                7.68562126159668
            ],
            [
                4.426722526550293,
                9.798040390014648
            ]
        ],
        [
            [
                -0.04710298031568527,
                0.6746197938919067
            ],
            [
                0.0921243205666542,
                1.6818922758102417
            ],
            [
                0.5174670815467834,
                2.941943645477295
            ],
            [
                1.2161157131195068,
                4.628443717956543
            ],
            [
                2.0580179691314697,
                6.34771728515625
            ],
            [
                3.150692939758301,
                8.10615348815918
            ]
        ],
        [
            [
                -0.11893432587385178,
                1.0112417936325073
            ],
            [
                0.09450628608465195,
                2.3310232162475586
            ],
            [
                0.8622660636901855,
                3.9385581016540527
            ],
            [
                1.9858027696609497,
                5.995218753814697
            ],
            [
                3.4809443950653076,
                8.057104110717773
            ],
            [
                5.259945869445801,
                10.249391555786133
            ]
        ],
        [
            [
                -0.008513592183589935,
                0.9791889190673828
            ],
            [
                0.263142466545105,
                2.208158016204834
            ],
            [
                1.0002992153167725,
                3.709235668182373
            ],
            [
                1.983604907989502,
                5.711432456970215
            ],
            [
                3.391672134399414,
                7.703160285949707
            ],
            [
                5.0945892333984375,
                9.748062133789062
            ]
        ]
    ],
    "tl_trigger": 7.138231694625574e-07,
    "tl_status": 0
}