{
    "speed": 7.96912697198587e-06,
    "steer": 0.0021069191861897707,
    "throttle": 0.0,
    "brake": 1.0,
    "wp_6": [
        -0.005815815180540085,
        0.16075953841209412
    ],
    "wp_5": [
        -0.0033572008833289146,
        0.10759128630161285
    ],
    "wp_4": [
        -0.0024509713985025883,
        0.0902114063501358
    ],
    "wp_3": [
        -0.0011638776632025838,
        0.0628272071480751
    ],
    "wp_2": [
        -0.0018269704887643456,
        0.04974185675382614
    ],
    "wp_1": [
        0.00048626388888806105,
        0.03903718292713165
    ],
    "aim": [
        -0.0024509713985025883,
        0.0902114063501358
    ],
    "target": [
        0.21804529385734428,
        13.616752678681237
    ],
    "desired_speed": 0.04883875586092472,
    "angle": -0.01729216953123803,
    "angle_last": -0.02941765258278011,
    "angle_target": 0.010193332130929504,
    "angle_final": 0.010193332130929504,
    "delta": 0.04883078673395273,
    "agent": "only_traj",
    "steer_traj": 0.002106919156168024,
    "throttle_traj": 0.0,
    "brake_traj": 1.0,
    "plan": [
        [
            0.00048626388888806105,
            0.03903718292713165
        ],
        [
            -0.0018269704887643456,
            0.04974185675382614
        ],
        [
            -0.0011638776632025838,
            0.0628272071480751
        ],
        [
            -0.0024509713985025883,
            0.0902114063501358
        ],
        [
            -0.0033572008833289146,
            0.10759128630161285
        ],
        [
            -0.005815815180540085,
            0.16075953841209412
        ]
    ],
    "command": 3,
    "all_plan": [
        [
            [
                0.0007041284115985036,
                0.07822322845458984
            ],
            [
                -0.003681221976876259,
                0.09615591168403625
            ],
            [
                -0.004659552592784166,
                0.10342428088188171
            ],
            [
                -0.002484903670847416,
                0.09046240895986557
            ],
            [
                -0.0033587038051337004,
                0.10693486034870148
            ],
            [
                -0.005834146402776241,
                0.1611141413450241
            ]
        ],
        [
            [
                0.0007539169164374471,
                0.07494556903839111
            ],
            [
                -0.003511069342494011,
                0.09223943948745728
            ],
            [
                -0.004419271368533373,
                0.09912179410457611
            ],
            [
                -0.0023864442482590675,
                0.08684075623750687
            ],
            [
                -0.0032264094334095716,
                0.10263952612876892
            ],
            [
                -0.005603672005236149,
                0.1547570824623108
            ]
        ],
        [
            [
                0.0012412579962983727,
                0.0339256227016449
            ],
            [
                -0.0014116623206064105,
                0.04329308867454529
            ],
            [
                -0.0013081295182928443,
                0.047086264938116074
            ],
            [
                -0.0013450997648760676,
                0.04870327189564705
            ],
            [
                -0.0018345752032473683,
                0.05756720155477524
            ],
            [
                -0.003176288213580847,
                0.08782900124788284
            ]
        ],
        [
            [
                0.00048626388888806105,
                0.03903718292713165
            ],
            [
                -0.0018269704887643456,
                0.04974185675382614
            ],
            [
                -0.0011638776632025838,
                0.0628272071480751
            ],
            [
                -0.0024509713985025883,
                0.0902114063501358
            ],
            [
                -0.0033572008833289146,
                0.10759128630161285
            ],
            [
                -0.005815815180540085,
                0.16075953841209412
            ]
        ],
        [
            [
                0.0005717853782698512,
                0.0818319022655487
            ],
            [
                -0.0038857213221490383,
                0.10050693899393082
            ],
            [
                -0.004864700138568878,
                0.10919494926929474
            ],
            [
                -0.002702305093407631,
                0.09855420887470245
            ],
            [
                -0.0036550178192555904,
                0.11662282049655914
            ],
            [
                -0.006348866969347,
                0.17532581090927124
            ]
        ],
        [
            [
                0.005241600796580315,
                0.07984590530395508
            ],
            [
                0.0022513028234243393,
                0.10202094167470932
            ],
            [
                0.0018167179077863693,
                0.10718195140361786
            ],
            [
                -0.0024163671769201756,
                0.09101120382547379
            ],
            [
                -0.005452142097055912,
                0.09985728561878204
            ],
            [
                -0.008426835760474205,
                0.13783439993858337
            ]
        ]
    ],
    "tl_trigger": 0.9999979734420776,
    "tl_status": 0
}