{
    "speed": 5.859872273846628e-05,
    "steer": -0.0003003617166541517,
    "throttle": 0.0,
    "brake": 1.0,
    "wp_6": [
        -0.008664702996611595,
        0.23941001296043396
    ],
    "wp_5": [
        -0.004996730014681816,
        0.16115516424179077
    ],
    "wp_4": [
        -0.0036557512357831,
        0.13499599695205688
    ],
    "wp_3": [
        -0.0024990630336105824,
        0.09707947075366974
    ],
    "wp_2": [
        -0.003064587712287903,
        0.07647261023521423
    ],
    "wp_1": [
        -0.00023348804097622633,
        0.06124681234359741
    ],
    "aim": [
        -0.0036557512357831,
        0.13499599695205688
    ],
    "target": [
        0.24175960810628627,
        13.586419450287751
    ],
    "desired_speed": 0.07142793163657188,
    "angle": -0.017235706634099256,
    "angle_last": -0.029817901668142858,
    "angle_target": 0.011326950861775738,
    "angle_final": 0.011326950861775738,
    "delta": 0.0713693329138334,
    "agent": "only_traj",
    "steer_traj": -0.00030036170422036764,
    "throttle_traj": 0.0,
    "brake_traj": 1.0,
    "plan": [
        [
            -0.00023348804097622633,
            0.06124681234359741
        ],
        [
            -0.003064587712287903,
            0.07647261023521423
        ],
        [
            -0.0024990630336105824,
            0.09707947075366974
        ],
        [
            -0.0036557512357831,
            0.13499599695205688
        ],
        [
            -0.004996730014681816,
            0.16115516424179077
        ],
        [
            -0.008664702996611595,
            0.23941001296043396
        ]
    ],
    "command": 3,
    "all_plan": [
        [
            [
                0.00046846282202750444,
                0.09373748302459717
            ],
            [
                -0.004486611112952232,
                0.11469388008117676
            ],
            [
                -0.005796883720904589,
                0.12378938496112823
            ],
            [
                -0.0029509449377655983,
                0.10760489851236343
            ],
            [
                -0.003984897397458553,
                0.12726610898971558
            ],
            [
                -0.006925059016793966,
                0.1912042200565338
            ]
        ],
        [
            [
                0.0004966763081029058,
                0.09188014268875122
            ],
            [
                -0.004390191286802292,
                0.11247454583644867
            ],
            [
                -0.005660724360495806,
                0.12135131657123566
            ],
            [
                -0.002895151264965534,
                0.10555263608694077
            ],
            [
                -0.00390993058681488,
                0.12483209371566772
            ],
            [
                -0.006794456858187914,
                0.18760189414024353
            ]
        ],
        [
            [
                0.0008322119247168303,
                0.04813879728317261
            ],
            [
                -0.002192266983911395,
                0.06037361919879913
            ],
            [
                -0.0022020952310413122,
                0.0683186873793602
            ],
            [
                -0.0020436097402125597,
                0.07463356107473373
            ],
            [
                -0.0027835965156555176,
                0.08854755014181137
            ],
            [
                -0.004825877491384745,
                0.13336466252803802
            ]
        ],
        [
            [
                -0.00023348804097622633,
                0.06124681234359741
            ],
            [
                -0.003064587712287903,
                0.07647261023521423
            ],
            [
                -0.0024990630336105824,
                0.09707947075366974
            ],
            [
                -0.0036557512357831,
                0.13499599695205688
            ],
            [
                -0.004996730014681816,
                0.16115516424179077
            ],
            [
                -0.008664702996611595,
                0.23941001296043396
            ]
        ],
        [
            [
                9.870214853435755e-05,
                0.09859701991081238
            ],
            [
                -0.00480439979583025,
                0.12064950913190842
            ],
            [
                -0.005926383193582296,
                0.13411419093608856
            ],
            [
                -0.003513006493449211,
                0.1286422312259674
            ],
            [
                -0.004756154492497444,
                0.15256395936012268
            ],
            [
                -0.00826297327876091,
                0.22816218435764313
            ]
        ],
        [
            [
                0.010603535920381546,
                0.11552578210830688
            ],
            [
                0.008185457438230515,
                0.14973562955856323
            ],
            [
                0.0077360691502690315,
                0.15612421929836273
            ],
            [
                -0.0033363988623023033,
                0.1288256049156189
            ],
            [
                -0.009516666643321514,
                0.13470421731472015
            ],
            [
                -0.014143314212560654,
                0.17283639311790466
            ]
        ]
    ],
    "tl_trigger": 0.9999980926513672,
    "tl_status": 0
}