{
    "speed": 3.7475256026422844e-05,
    "steer": 0.014968079514801502,
    "throttle": 0.75,
    "brake": 0.0,
    "wp_6": [
        0.18431313335895538,
        8.673247337341309
    ],
    "wp_5": [
        0.12198040634393692,
        6.548897743225098
    ],
    "wp_4": [
        0.09821447730064392,
        4.448747634887695
    ],
    "wp_3": [
        0.038680434226989746,
        2.5878612995147705
    ],
    "wp_2": [
        0.020878784358501434,
        1.2247710227966309
    ],
    "wp_1": [
        0.0011639223666861653,
        0.3276185989379883
    ],
    "aim": [
        0.09821447730064392,
        4.448747634887695
    ],
    "target": [
        0.8452645170266395,
        14.800780408573349
    ],
    "desired_speed": 3.3391849994659424,
    "angle": 0.014052327479858264,
    "angle_last": 0.01867439238219667,
    "angle_target": 0.03631756002000583,
    "angle_final": 0.014052327479858264,
    "delta": 0.25,
    "agent": "only_traj",
    "steer_traj": 0.014968079212719445,
    "throttle_traj": 0.75,
    "brake_traj": 0.0,
    "plan": [
        [
            0.0011639223666861653,
            0.3276185989379883
        ],
        [
            0.020878784358501434,
            1.2247710227966309
        ],
        [
            0.038680434226989746,
            2.5878612995147705
        ],
        [
            0.09821447730064392,
            4.448747634887695
        ],
        [
            0.12198040634393692,
            6.548897743225098
        ],
        [
            0.18431313335895538,
            8.673247337341309
        ]
    ],
    "command": 3,
    "all_plan": [
        [
            [
                -0.004464311525225639,
                0.16086088120937347
            ],
            [
                0.013891912996768951,
                0.7302415370941162
            ],
            [
                0.04792091250419617,
                1.7110286951065063
            ],
            [
                0.0988057404756546,
                3.0237250328063965
            ],
            [
                0.14616531133651733,
                4.528803825378418
            ],
            [
                0.2116219401359558,
                6.0819478034973145
            ]
        ],
        [
            [
                -0.014879278838634491,
                0.19576166570186615
            ],
            [
                -0.013261388055980206,
                0.8535065054893494
            ],
            [
                0.011604159139096737,
                1.948523998260498
            ],
            [
                0.08304814249277115,
                3.362874984741211
            ],
            [
                0.12562915682792664,
                4.945163726806641
            ],
            [
                0.2024421989917755,
                6.551016807556152
            ]
        ],
        [
            [
                -0.004741765558719635,
                0.30524110794067383
            ],
            [
                -0.005768481642007828,
                1.2068486213684082
            ],
            [
                -0.00321681285277009,
                2.6493477821350098
            ],
            [
                0.03947276622056961,
                4.557945251464844
            ],
            [
                0.03223682940006256,
                6.675355911254883
            ],
            [
                0.04665948450565338,
                8.846146583557129
            ]
        ],
        [
            [
                0.0011639223666861653,
                0.3276185989379883
            ],
            [
                0.020878784358501434,
                1.2247710227966309
            ],
            [
                0.038680434226989746,
                2.5878612995147705
            ],
            [
                0.09821447730064392,
                4.448747634887695
            ],
            [
                0.12198040634393692,
                6.548897743225098
            ],
            [
                0.18431313335895538,
                8.673247337341309
            ]
        ],
        [
            [
                -0.01660699024796486,
                0.3354405164718628
            ],
            [
                -0.03137792646884918,
                1.2104730606079102
            ],
            [
                -0.03668713942170143,
                2.5935938358306885
            ],
            [
                0.009326852858066559,
                4.360677242279053
            ],
            [
                -0.003872545436024666,
                6.285251140594482
            ],
            [
                -0.004891776014119387,
                8.240077018737793
            ]
        ],
        [
            [
                -0.01837909035384655,
                0.24414792656898499
            ],
            [
                -0.02330223098397255,
                0.8940408229827881
            ],
            [
                -0.012688593938946724,
                1.9730136394500732
            ],
            [
                0.03372649848461151,
                3.3153090476989746
            ],
            [
                0.07460346817970276,
                4.7859063148498535
            ],
            [
                0.13179348409175873,
                6.297422885894775
            ]
        ]
    ],
    "tl_trigger": 0.9999980926513672,
    "tl_status": 2
}