{
    "speed": -1.0633682859581883e-05,
    "steer": -0.013452686369419098,
    "throttle": 0.0,
    "brake": 1.0,
    "wp_6": [
        -0.002346300520002842,
        0.0649106502532959
    ],
    "wp_5": [
        -0.0013566488632932305,
        0.041932135820388794
    ],
    "wp_4": [
        -0.0009948842925950885,
        0.03565473482012749
    ],
    "wp_3": [
        -0.0010232966160401702,
        0.03831331804394722
    ],
    "wp_2": [
        -0.001106245326809585,
        0.036886632442474365
    ],
    "wp_1": [
        0.001457594451494515,
        0.028621315956115723
    ],
    "aim": [
        -0.0009948842925950885,
        0.03565473482012749
    ],
    "target": [
        -0.14672937106726902,
        13.849466344832315
    ],
    "desired_speed": 0.01681171599775553,
    "angle": -0.017759126797494567,
    "angle_last": -0.027401380739792345,
    "angle_target": -0.006744470995781454,
    "angle_final": -0.006744470995781454,
    "delta": 0.01682234968061511,
    "agent": "only_traj",
    "steer_traj": -0.013452686246961937,
    "throttle_traj": 0.0,
    "brake_traj": 1.0,
    "plan": [
        [
            0.001457594451494515,
            0.028621315956115723
        ],
        [
            -0.001106245326809585,
            0.036886632442474365
        ],
        [
            -0.0010232966160401702,
            0.03831331804394722
        ],
        [
            -0.0009948842925950885,
            0.03565473482012749
        ],
        [
            -0.0013566488632932305,
            0.041932135820388794
        ],
        [
            -0.002346300520002842,
            0.0649106502532959
        ]
    ],
    "command": 3,
    "all_plan": [
        [
            [
                0.0009646882535889745,
                0.061070144176483154
            ],
            [
                -0.0027907565236091614,
                0.07565970718860626
            ],
            [
                -0.0034020808525383472,
                0.08090794086456299
            ],
            [
                -0.0019696326926350594,
                0.07150910049676895
            ],
            [
                -0.0026663632597774267,
                0.0844559520483017
            ],
            [
                -0.004627997055649757,
                0.12784554064273834
            ]
        ],
        [
            [
                0.0010609460296109319,
                0.054733335971832275
            ],
            [
                -0.002461794763803482,
                0.0680878609418869
            ],
            [
                -0.0029375371523201466,
                0.07258979976177216
            ],
            [
                -0.0017792778089642525,
                0.06450723856687546
            ],
            [
                -0.002410594141110778,
                0.07615163922309875
            ],
            [
                -0.004182413220405579,
                0.11555522680282593
            ]
        ],
        [
            [
                0.0015986618818715215,
                0.019334614276885986
            ],
            [
                -0.0006241461960598826,
                0.025789961218833923
            ],
            [
                -0.0003424998139962554,
                0.026122938841581345
            ],
            [
                -0.000715915928594768,
                0.02539338544011116
            ],
            [
                -0.0009818148100748658,
                0.02976202219724655
            ],
            [
                -0.0016932898433879018,
                0.0468989834189415
            ]
        ],
        [
            [
                0.001457594451494515,
                0.028621315956115723
            ],
            [
                -0.001106245326809585,
                0.036886632442474365
            ],
            [
                -0.0010232966160401702,
                0.03831331804394722
            ],
            [
                -0.0009948842925950885,
                0.03565473482012749
            ],
            [
                -0.0013566488632932305,
                0.041932135820388794
            ],
            [
                -0.002346300520002842,
                0.0649106502532959
            ]
        ],
        [
            [
                0.0010343921603634953,
                0.05648142099380493
            ],
            [
                -0.0025525428354740143,
                0.07017664611339569
            ],
            [
                -0.0030656871385872364,
                0.07488445937633514
            ],
            [
                -0.0018317895010113716,
                0.06643878668546677
            ],
            [
                -0.0024811511393636465,
                0.07844248414039612
            ],
            [
                -0.004305332899093628,
                0.1189456582069397
            ]
        ],
        [
            [
                0.001211971160955727,
                0.04479110240936279
            ],
            [
                -0.0019456649897620082,
                0.056207895278930664
            ],
            [
                -0.002208684105426073,
                0.05953891947865486
            ],
            [
                -0.0014806175604462624,
                0.05352155491709709
            ],
            [
                -0.0020093012135475874,
                0.0631224513053894
            ],
            [
                -0.0034833077806979418,
                0.09627214074134827
            ]
        ]
    ],
    "tl_trigger": 0.9999980926513672,
    "tl_status": 0
}