{
    "speed": 1.8296979192903616e-05,
    "steer": -0.01782168820500374,
    "throttle": 0.0,
    "brake": 1.0,
    "wp_6": [
        -0.010221267119050026,
        0.28237929940223694
    ],
    "wp_5": [
        -0.005892324261367321,
        0.19039849936962128
    ],
    "wp_4": [
        -0.004314607009291649,
        0.15946435928344727
    ],
    "wp_3": [
        -0.00330753019079566,
        0.11670827865600586
    ],
    "wp_2": [
        -0.003782595507800579,
        0.09212465584278107
    ],
    "wp_1": [
        -0.0006217056652531028,
        0.07426562905311584
    ],
    "aim": [
        -0.004314607009291649,
        0.15946435928344727
    ],
    "target": [
        -0.7384387196830078,
        13.697118713979846
    ],
    "desired_speed": 0.08341988176107407,
    "angle": -0.01722075610891601,
    "angle_last": -0.029939479035369084,
    "angle_target": -0.034288235270776186,
    "angle_final": -0.01722075610891601,
    "delta": 0.08340158478188116,
    "agent": "only_traj",
    "steer_traj": -0.017821688223185802,
    "throttle_traj": 0.0,
    "brake_traj": 1.0,
    "plan": [
        [
            -0.0006217056652531028,
            0.07426562905311584
        ],
        [
            -0.003782595507800579,
            0.09212465584278107
        ],
        [
            -0.00330753019079566,
            0.11670827865600586
        ],
        [
            -0.004314607009291649,
            0.15946435928344727
        ],
        [
            -0.005892324261367321,
            0.19039849936962128
        ],
        [
            -0.010221267119050026,
            0.28237929940223694
        ]
    ],
    "command": 3,
    "all_plan": [
        [
            [
                0.00024690397549420595,
                0.10832306742668152
            ],
            [
                -0.005243790335953236,
                0.1321221888065338
            ],
            [
                -0.00686613516882062,
                0.14293545484542847
            ],
            [
                -0.0033890893682837486,
                0.12372125685214996
            ],
            [
                -0.004573606885969639,
                0.14638034999370575
            ],
            [
                -0.007950669154524803,
                0.21949313580989838
            ]
        ],
        [
            [
                0.0003016713308170438,
                0.10471764206886292
            ],
            [
                -0.005056622438132763,
                0.12781405448913574
            ],
            [
                -0.006601825822144747,
                0.1382027119398117
            ],
            [
                -0.0032807840034365654,
                0.11973743140697479
            ],
            [
                -0.004428083077073097,
                0.14165547490119934
            ],
            [
                -0.007697147782891989,
                0.21250036358833313
            ]
        ],
        [
            [
                0.0005333623848855495,
                0.05890722572803497
            ],
            [
                -0.0027812342159450054,
                0.07330889999866486
            ],
            [
                -0.0028878706507384777,
                0.08425770699977875
            ],
            [
                -0.002557278610765934,
                0.0936938226222992
            ],
            [
                -0.003481119405478239,
                0.11131203919649124
            ],
            [
                -0.006038440391421318,
                0.16683530807495117
            ]
        ],
        [
            [
                -0.0006217056652531028,
                0.07426562905311584
            ],
            [
                -0.003782595507800579,
                0.09212465584278107
            ],
            [
                -0.00330753019079566,
                0.11670827865600586
            ],
            [
                -0.004314607009291649,
                0.15946435928344727
            ],
            [
                -0.005892324261367321,
                0.19039849936962128
            ],
            [
                -0.010221267119050026,
                0.28237929940223694
            ]
        ],
        [
            [
                -0.00021727976854890585,
                0.10486719012260437
            ],
            [
                -0.005178769119083881,
                0.12825284898281097
            ],
            [
                -0.006216916721314192,
                0.14528796076774597
            ],
            [
                -0.00401170551776886,
                0.14725667238235474
            ],
            [
                -0.0054381974041461945,
                0.17489998042583466
            ],
            [
                -0.009446917101740837,
                0.26085931062698364
            ]
        ],
        [
            [
                0.0075790053233504295,
                0.10970321297645569
            ],
            [
                0.0043821679428219795,
                0.14009925723075867
            ],
            [
                0.00366264209151268,
                0.14737048745155334
            ],
            [
                -0.0032415189780294895,
                0.12324091792106628
            ],
            [
                -0.007897879928350449,
                0.13335421681404114
            ],
            [
                -0.012042617425322533,
                0.17957593500614166
            ]
        ]
    ],
    "tl_trigger": 0.9999980926513672,
    "tl_status": 0
}