{
    "speed": 7.404494222776696,
    "steer": -0.005585342645645142,
    "throttle": 0.75,
    "brake": 0.0,
    "wp_6": [
        -0.18977949023246765,
        22.74704360961914
    ],
    "wp_5": [
        -0.13251841068267822,
        19.29829216003418
    ],
    "wp_4": [
        -0.1301441490650177,
        15.55294418334961
    ],
    "wp_3": [
        -0.151632621884346,
        11.669017791748047
    ],
    "wp_2": [
        -0.1068902537226677,
        7.799870491027832
    ],
    "wp_1": [
        -0.05297143757343292,
        3.9307260513305664
    ],
    "aim": [
        -0.1301441490650177,
        15.55294418334961
    ],
    "target": [
        -0.9014905615103022,
        34.92603068076587
    ],
    "desired_speed": 7.526994895935058,
    "angle": -0.005326968252218914,
    "angle_last": -0.010569062549212922,
    "angle_target": -0.016428414697878646,
    "angle_final": -0.005326968252218914,
    "delta": 0.12250067315836155,
    "agent": "only_traj",
    "steer_traj": -0.00558534245756615,
    "throttle_traj": 0.75,
    "brake_traj": 0.0,
    "plan": [
        [
            -0.05297143757343292,
            3.9307260513305664
        ],
        [
            -0.1068902537226677,
            7.799870491027832
        ],
        [
            -0.151632621884346,
            11.669017791748047
        ],
        [
            -0.1301441490650177,
            15.55294418334961
        ],
        [
            -0.13251841068267822,
            19.29829216003418
        ],
        [
            -0.18977949023246765,
            22.74704360961914
        ]
    ],
    "command": 3,
    "all_plan": [
        [
            [
                -0.006209239363670349,
                3.84812068939209
            ],
            [
                -0.03979872912168503,
                7.635130882263184
            ],
            [
                -0.07230043411254883,
                11.42770767211914
            ],
            [
                -0.11932985484600067,
                15.206666946411133
            ],
            [
                -0.1386481672525406,
                18.9282283782959
            ],
            [
                -0.19550150632858276,
                22.42998504638672
            ]
        ],
        [
            [
                -0.009395577013492584,
                3.793644428253174
            ],
            [
                -0.042659416794776917,
                7.537806510925293
            ],
            [
                -0.0729178711771965,
                11.285806655883789
            ],
            [
                -0.1103896051645279,
                15.025242805480957
            ],
            [
                -0.1219935193657875,
                18.71749496459961
            ],
            [
                -0.16720856726169586,
                22.206037521362305
            ]
        ],
        [
            [
                -0.0449126735329628,
                3.9362831115722656
            ],
            [
                -0.09312969446182251,
                7.846281051635742
            ],
            [
                -0.12901335954666138,
                11.772649765014648
            ],
            [
                -0.11983786523342133,
                15.71470832824707
            ],
            [
                -0.11583507806062698,
                19.5850830078125
            ],
            [
                -0.1630641669034958,
                23.233047485351562
            ]
        ],
        [
            [
                -0.05297143757343292,
                3.9307260513305664
            ],
            [
                -0.1068902537226677,
                7.799870491027832
            ],
            [
                -0.151632621884346,
                11.669017791748047
            ],
            [
                -0.1301441490650177,
                15.55294418334961
            ],
            [
                -0.13251841068267822,
                19.29829216003418
            ],
            [
                -0.18977949023246765,
                22.74704360961914
            ]
        ],
        [
            [
                -0.059801146388053894,
                3.883927345275879
            ],
            [
                -0.13101860880851746,
                7.745436668395996
            ],
            [
                -0.1830824613571167,
                11.621475219726562
            ],
            [
                -0.1856769472360611,
                15.492754936218262
            ],
            [
                -0.206014022231102,
                19.297861099243164
            ],
            [
                -0.2841210663318634,
                22.890199661254883
            ]
        ],
        [
            [
                0.004595160484313965,
                3.7420105934143066
            ],
            [
                -0.019610589370131493,
                7.419264793395996
            ],
            [
                -0.04402663931250572,
                11.0947265625
            ],
            [
                -0.09269852936267853,
                14.755661010742188
            ],
            [
                -0.10148713737726212,
                18.38010597229004
            ],
            [
                -0.13777418434619904,
                21.81035614013672
            ]
        ]
    ],
    "tl_trigger": 1.2254073453732417e-06,
    "tl_status": 0
}