{
    "speed": 4.676260636346847,
    "steer": -0.005292422138154507,
    "throttle": 0.75,
    "brake": 0.0,
    "wp_6": [
        -0.20751434564590454,
        16.997608184814453
    ],
    "wp_5": [
        -0.1583162546157837,
        13.934910774230957
    ],
    "wp_4": [
        -0.09343384206295013,
        10.715489387512207
    ],
    "wp_3": [
        -0.032014887779951096,
        7.450400352478027
    ],
    "wp_2": [
        -0.002259155735373497,
        4.461897850036621
    ],
    "wp_1": [
        0.013170115649700165,
        1.921858787536621
    ],
    "aim": [
        -0.09343384206295013,
        10.715489387512207
    ],
    "target": [
        -1.2171868969820885,
        55.70422781884656
    ],
    "desired_speed": 6.0310282707214355,
    "angle": -0.0055508466750137766,
    "angle_last": -0.010225504033961282,
    "angle_target": -0.013908494651519374,
    "angle_final": -0.0055508466750137766,
    "delta": 0.25,
    "agent": "only_traj",
    "steer_traj": -0.0052924219990176284,
    "throttle_traj": 0.75,
    "brake_traj": 0.0,
    "plan": [
        [
            0.013170115649700165,
            1.921858787536621
        ],
        [
            -0.002259155735373497,
            4.461897850036621
        ],
        [
            -0.032014887779951096,
            7.450400352478027
        ],
        [
            -0.09343384206295013,
            10.715489387512207
        ],
        [
            -0.1583162546157837,
            13.934910774230957
        ],
        [
            -0.20751434564590454,
            16.997608184814453
        ]
    ],
    "command": 3,
    "all_plan": [
        [
            [
                0.05618008226156235,
                2.1593875885009766
            ],
            [
                0.05249745398759842,
                4.832825660705566
            ],
            [
                0.03179745376110077,
                7.863970756530762
            ],
            [
                -0.10284850001335144,
                11.057304382324219
            ],
            [
                -0.18679535388946533,
                14.251426696777344
            ],
            [
                -0.2341116964817047,
                17.32999610900879
            ]
        ],
        [
            [
                0.05297011137008667,
                2.1306543350219727
            ],
            [
                0.04434407502412796,
                4.801460266113281
            ],
            [
                0.02617231197655201,
                7.86315393447876
            ],
            [
                -0.1151413768529892,
                11.072749137878418
            ],
            [
                -0.20131927728652954,
                14.337995529174805
            ],
            [
                -0.25630849599838257,
                17.561485290527344
            ]
        ],
        [
            [
                0.03133482486009598,
                2.177438259124756
            ],
            [
                0.014102594926953316,
                5.017385482788086
            ],
            [
                -0.008454520255327225,
                8.323336601257324
            ],
            [
                -0.12555821239948273,
                11.835474967956543
            ],
            [
                -0.2137412130832672,
                15.37919807434082
            ],
            [
                -0.2796401381492615,
                18.84966468811035
            ]
        ],
        [
            [
                0.013170115649700165,
                1.921858787536621
            ],
            [
                -0.002259155735373497,
                4.461897850036621
            ],
            [
                -0.032014887779951096,
                7.450400352478027
            ],
            [
                -0.09343384206295013,
                10.715489387512207
            ],
            [
                -0.1583162546157837,
                13.934910774230957
            ],
            [
                -0.20751434564590454,
                16.997608184814453
            ]
        ],
        [
            [
                0.015370979905128479,
                2.338439464569092
            ],
            [
                -0.018584616482257843,
                5.217242240905762
            ],
            [
                -0.05446474254131317,
                8.486637115478516
            ],
            [
                -0.1689639389514923,
                11.910107612609863
            ],
            [
                -0.26449912786483765,
                15.380603790283203
            ],
            [
                -0.35552850365638733,
                18.801389694213867
            ]
        ],
        [
            [
                0.05801974982023239,
                2.2018680572509766
            ],
            [
                0.048622868955135345,
                4.863269805908203
            ],
            [
                0.027425752952694893,
                7.857282638549805
            ],
            [
                -0.12223735451698303,
                10.962778091430664
            ],
            [
                -0.2087225317955017,
                14.131336212158203
            ],
            [
                -0.2626088261604309,
                17.268329620361328
            ]
        ]
    ],
    "tl_trigger": 6.629640552091587e-07,
    "tl_status": 0
}