{
    "speed": 7.915056778087517,
    "steer": -0.007040788885205984,
    "throttle": 0.2104516476392746,
    "brake": 0.0,
    "wp_6": [
        -0.17806564271450043,
        23.778362274169922
    ],
    "wp_5": [
        -0.12447208911180496,
        19.874277114868164
    ],
    "wp_4": [
        -0.10918371379375458,
        15.89442253112793
    ],
    "wp_3": [
        -0.058088891208171844,
        11.931554794311523
    ],
    "wp_2": [
        -0.03578241169452667,
        7.945721626281738
    ],
    "wp_1": [
        -0.0037846043705940247,
        3.9417576789855957
    ],
    "aim": [
        -0.10918371379375458,
        15.89442253112793
    ],
    "target": [
        -0.3700796674742949,
        45.47954264271435
    ],
    "desired_speed": 7.935008525848389,
    "angle": -0.004373018498140467,
    "angle_last": -0.008738647742640283,
    "angle_target": -0.005180237532613913,
    "angle_final": -0.004373018498140467,
    "delta": 0.01995174776087172,
    "agent": "only_traj",
    "steer_traj": -0.007040789043691431,
    "throttle_traj": 0.21045164138951525,
    "brake_traj": 0.0,
    "plan": [
        [
            -0.0037846043705940247,
            3.9417576789855957
        ],
        [
            -0.03578241169452667,
            7.945721626281738
        ],
        [
            -0.058088891208171844,
            11.931554794311523
        ],
        [
            -0.10918371379375458,
            15.89442253112793
        ],
        [
            -0.12447208911180496,
            19.874277114868164
        ],
        [
            -0.17806564271450043,
            23.778362274169922
        ]
    ],
    "command": 3,
    "all_plan": [
        [
            [
                0.03960462659597397,
                3.9798264503479004
            ],
            [
                0.022242428734898567,
                8.010390281677246
            ],
            [
                0.0029955022037029266,
                12.010332107543945
            ],
            [
                -0.11544020473957062,
                15.956615447998047
            ],
            [
                -0.1576586663722992,
                19.956581115722656
            ],
            [
                -0.22286885976791382,
                23.909339904785156
            ]
        ],
        [
            [
                0.0334528312087059,
                3.979597568511963
            ],
            [
                0.015824975445866585,
                8.021181106567383
            ],
            [
                -0.002341765910387039,
                12.033769607543945
            ],
            [
                -0.10404081642627716,
                16.006376266479492
            ],
            [
                -0.13605424761772156,
                20.02748680114746
            ],
            [
                -0.1882193684577942,
                23.995689392089844
            ]
        ],
        [
            [
                0.003104262053966522,
                3.9867258071899414
            ],
            [
                -0.0239513348788023,
                8.05795955657959
            ],
            [
                -0.04208368435502052,
                12.109445571899414
            ],
            [
                -0.09702589362859726,
                16.142066955566406
            ],
            [
                -0.10940562188625336,
                20.19882583618164
            ],
            [
                -0.15511557459831238,
                24.19057273864746
            ]
        ],
        [
            [
                -0.0037846043705940247,
                3.9417576789855957
            ],
            [
                -0.03578241169452667,
                7.945721626281738
            ],
            [
                -0.058088891208171844,
                11.931554794311523
            ],
            [
                -0.10918371379375458,
                15.89442253112793
            ],
            [
                -0.12447208911180496,
                19.874277114868164
            ],
            [
                -0.17806564271450043,
                23.778362274169922
            ]
        ],
        [
            [
                0.0022645965218544006,
                4.005894660949707
            ],
            [
                -0.03632010519504547,
                8.087869644165039
            ],
            [
                -0.06982644647359848,
                12.150625228881836
            ],
            [
                -0.14764754474163055,
                16.182605743408203
            ],
            [
                -0.1856626272201538,
                20.248477935791016
            ],
            [
                -0.2590652406215668,
                24.253890991210938
            ]
        ],
        [
            [
                0.03290288895368576,
                3.943976402282715
            ],
            [
                0.011177169159054756,
                7.929498672485352
            ],
            [
                -0.01175001636147499,
                11.876625061035156
            ],
            [
                -0.11985310912132263,
                15.769319534301758
            ],
            [
                -0.15888547897338867,
                19.714351654052734
            ],
            [
                -0.21874257922172546,
                23.61288070678711
            ]
        ]
    ],
    "tl_trigger": 6.805043994972948e-07,
    "tl_status": 0
}