{
    "speed": 1.0590575002670113e-08,
    "steer": 0.0037674042396247387,
    "throttle": 0.75,
    "brake": 0.0,
    "wp_6": [
        0.18699342012405396,
        17.900951385498047
    ],
    "wp_5": [
        0.0974627211689949,
        14.437868118286133
    ],
    "wp_4": [
        0.04962071776390076,
        10.922292709350586
    ],
    "wp_3": [
        -0.004139941185712814,
        7.402763843536377
    ],
    "wp_2": [
        -0.023557601496577263,
        4.2575483322143555
    ],
    "wp_1": [
        -0.024092264473438263,
        1.6980103254318237
    ],
    "aim": [
        0.04962071776390076,
        10.922292709350586
    ],
    "target": [
        0.8814218510877533,
        52.89104631951403
    ],
    "desired_speed": 6.481957530975342,
    "angle": 0.0028921778310113185,
    "angle_last": 0.01645480857491486,
    "angle_target": 0.010608197050895682,
    "angle_final": 0.0028921778310113185,
    "delta": 0.25,
    "agent": "only_traj",
    "steer_traj": 0.0037674042347123037,
    "throttle_traj": 0.75,
    "brake_traj": 0.0,
    "plan": [
        [
            -0.024092264473438263,
            1.6980103254318237
        ],
        [
            -0.023557601496577263,
            4.2575483322143555
        ],
        [
            -0.004139941185712814,
            7.402763843536377
        ],
        [
            0.04962071776390076,
            10.922292709350586
        ],
        [
            0.0974627211689949,
            14.437868118286133
        ],
        [
            0.18699342012405396,
            17.900951385498047
        ]
    ],
    "command": 3,
    "all_plan": [
        [
            [
                0.03718050569295883,
                1.8184722661972046
            ],
            [
                0.048256732523441315,
                4.366086483001709
            ],
            [
                0.05354761332273483,
                7.432138442993164
            ],
            [
                -0.010610729455947876,
                10.788920402526855
            ],
            [
                -0.022237563505768776,
                14.182685852050781
            ],
            [
                0.01005592755973339,
                17.541898727416992
            ]
        ],
        [
            [
                0.02558854967355728,
                1.7777775526046753
            ],
            [
                0.03011837787926197,
                4.265324592590332
            ],
            [
                0.03046996518969536,
                7.24268102645874
            ],
            [
                -0.006449796259403229,
                10.4968900680542
            ],
            [
                -0.015273334458470345,
                13.753293991088867
            ],
            [
                0.01729624532163143,
                16.956130981445312
            ]
        ],
        [
            [
                -0.0166642889380455,
                1.7404104471206665
            ],
            [
                -0.018225444480776787,
                4.385621547698975
            ],
            [
                -0.002994392067193985,
                7.66400146484375
            ],
            [
                0.023234285414218903,
                11.327308654785156
            ],
            [
                0.04924188554286957,
                14.993731498718262
            ],
            [
                0.10785216838121414,
                18.61209487915039
            ]
        ],
        [
            [
                -0.024092264473438263,
                1.6980103254318237
            ],
            [
                -0.023557601496577263,
                4.2575483322143555
            ],
            [
                -0.004139941185712814,
                7.402763843536377
            ],
            [
                0.04962071776390076,
                10.922292709350586
            ],
            [
                0.0974627211689949,
                14.437868118286133
            ],
            [
                0.18699342012405396,
                17.900951385498047
            ]
        ],
        [
            [
                0.003834150731563568,
                1.8087265491485596
            ],
            [
                -0.00010847114026546478,
                4.401679515838623
            ],
            [
                0.00042556552216410637,
                7.5398030281066895
            ],
            [
                -0.01562744379043579,
                10.990007400512695
            ],
            [
                -0.023107076063752174,
                14.446511268615723
            ],
            [
                -0.00046953558921813965,
                17.84800148010254
            ]
        ],
        [
            [
                0.02385241538286209,
                1.877042531967163
            ],
            [
                0.024048419669270515,
                4.399458885192871
            ],
            [
                0.021081503480672836,
                7.33538293838501
            ],
            [
                -0.008132778108119965,
                10.494527816772461
            ],
            [
                -0.020886437967419624,
                13.618698120117188
            ],
            [
                0.010115928947925568,
                16.661928176879883
            ]
        ]
    ],
    "tl_trigger": 5.022867526349728e-07,
    "tl_status": 0
}