{
    "speed": 1.637754006171484,
    "steer": -0.21911033987998962,
    "throttle": 0.0,
    "brake": 1.0,
    "wp_6": [
        0.13715635240077972,
        2.532803773880005
    ],
    "wp_5": [
        0.09293381124734879,
        2.0899219512939453
    ],
    "wp_4": [
        0.0011669243685901165,
        1.7248125076293945
    ],
    "wp_3": [
        0.005371812731027603,
        1.3340568542480469
    ],
    "wp_2": [
        -0.008838029578328133,
        0.9411759376525879
    ],
    "wp_1": [
        -0.018161851912736893,
        0.4625541567802429
    ],
    "aim": [
        0.0011669243685901165,
        1.7248125076293945
    ],
    "target": [
        -1.4821357602305005,
        3.2051980037688037
    ],
    "desired_speed": 0.833671236038208,
    "angle": 0.000430729436120279,
    "angle_last": 0.06335764171440164,
    "angle_target": -0.27573988889211787,
    "angle_final": -0.27573988889211787,
    "delta": 0.0,
    "agent": "only_traj",
    "steer_traj": -0.2191103336300901,
    "throttle_traj": 0.0,
    "brake_traj": 1.0,
    "plan": [
        [
            -0.018161851912736893,
            0.4625541567802429
        ],
        [
            -0.008838029578328133,
            0.9411759376525879
        ],
        [
            0.005371812731027603,
            1.3340568542480469
        ],
        [
            0.0011669243685901165,
            1.7248125076293945
        ],
        [
            0.09293381124734879,
            2.0899219512939453
        ],
        [
            0.13715635240077972,
            2.532803773880005
        ]
    ],
    "command": 3,
    "all_plan": [
        [
            [
                -0.016207532957196236,
                0.7977687120437622
            ],
            [
                -0.14144180715084076,
                1.2700939178466797
            ],
            [
                -0.13724254071712494,
                1.7706949710845947
            ],
            [
                -0.3597783148288727,
                1.9945014715194702
            ],
            [
                -0.38409101963043213,
                2.059309244155884
            ],
            [
                -0.4669498801231384,
                2.0922305583953857
            ]
        ],
        [
            [
                -0.14441587030887604,
                0.3748086988925934
            ],
            [
                -0.20804324746131897,
                0.523868203163147
            ],
            [
                0.10609224438667297,
                0.7971407771110535
            ],
            [
                0.5030467510223389,
                1.1574538946151733
            ],
            [
                1.3596246242523193,
                1.0673555135726929
            ],
            [
                2.2103614807128906,
                1.4033050537109375
            ]
        ],
        [
            [
                -0.014462752267718315,
                0.8575876951217651
            ],
            [
                -0.0038799215108156204,
                1.6465094089508057
            ],
            [
                0.171899676322937,
                2.3171844482421875
            ],
            [
                0.2572093904018402,
                2.9582157135009766
            ],
            [
                0.7598253488540649,
                3.525888442993164
            ],
            [
                1.2365622520446777,
                4.187726974487305
            ]
        ],
        [
            [
                -0.018161851912736893,
                0.4625541567802429
            ],
            [
                -0.008838029578328133,
                0.9411759376525879
            ],
            [
                0.005371812731027603,
                1.3340568542480469
            ],
            [
                0.0011669243685901165,
                1.7248125076293945
            ],
            [
                0.09293381124734879,
                2.0899219512939453
            ],
            [
                0.13715635240077972,
                2.532803773880005
            ]
        ],
        [
            [
                -0.05027981102466583,
                0.399597704410553
            ],
            [
                0.12795007228851318,
                0.3659238815307617
            ],
            [
                0.4835430979728699,
                0.4385080933570862
            ],
            [
                0.9518418312072754,
                0.8031471967697144
            ],
            [
                1.9255610704421997,
                0.7335915565490723
            ],
            [
                3.0076305866241455,
                1.0060625076293945
            ]
        ],
        [
            [
                -0.1186055988073349,
                0.5615683197975159
            ],
            [
                -0.21426433324813843,
                0.9611668586730957
            ],
            [
                -0.10763569921255112,
                1.4472161531448364
            ],
            [
                0.011713206768035889,
                1.8398090600967407
            ],
            [
                0.24990779161453247,
                1.8093351125717163
            ],
            [
                0.34839048981666565,
                1.9594420194625854
            ]
        ]
    ],
    "tl_trigger": 5.599781047749275e-07,
    "tl_status": 0
}