{
    "speed": -3.585677602492925e-05,
    "steer": -0.019257446750998497,
    "throttle": 0.0,
    "brake": 1.0,
    "wp_6": [
        -0.014919610694050789,
        0.41193467378616333
    ],
    "wp_5": [
        -0.008587026968598366,
        0.27771899104118347
    ],
    "wp_4": [
        -0.006328087765723467,
        0.23328468203544617
    ],
    "wp_3": [
        -0.009049352258443832,
        0.21418428421020508
    ],
    "wp_2": [
        -0.007697883062064648,
        0.18315044045448303
    ],
    "wp_1": [
        -0.001582846394740045,
        0.15052738785743713
    ],
    "aim": [
        -0.006328087765723467,
        0.23328468203544617
    ],
    "target": [
        0.8624128147208503,
        11.925396007498371
    ],
    "desired_speed": 0.10496177449822425,
    "angle": -0.017264696992576423,
    "angle_last": -0.03001483878921156,
    "angle_target": 0.04595863635591774,
    "angle_final": -0.017264696992576423,
    "delta": 0.10499763127424917,
    "agent": "only_traj",
    "steer_traj": -0.019257446887706555,
    "throttle_traj": 0.0,
    "brake_traj": 1.0,
    "plan": [
        [
            -0.001582846394740045,
            0.15052738785743713
        ],
        [
            -0.007697883062064648,
            0.18315044045448303
        ],
        [
            -0.009049352258443832,
            0.21418428421020508
        ],
        [
            -0.006328087765723467,
            0.23328468203544617
        ],
        [
            -0.008587026968598366,
            0.27771899104118347
        ],
        [
            -0.014919610694050789,
            0.41193467378616333
        ]
    ],
    "command": 3,
    "all_plan": [
        [
            [
                0.03046964481472969,
                0.2891806662082672
            ],
            [
                0.02925378642976284,
                0.37710416316986084
            ],
            [
                0.028352389112114906,
                0.39714211225509644
            ],
            [
                -0.008482290431857109,
                0.33394935727119446
            ],
            [
                -0.02740788459777832,
                0.33966970443725586
            ],
            [
                -0.040019117295742035,
                0.4113863706588745
            ]
        ],
        [
            [
                0.02701682038605213,
                0.27724894881248474
            ],
            [
                0.025063244625926018,
                0.35969823598861694
            ],
            [
                0.02393893338739872,
                0.3799692690372467
            ],
            [
                -0.008195718750357628,
                0.32093343138694763
            ],
            [
                -0.02527356520295143,
                0.3303970396518707
            ],
            [
                -0.03714463859796524,
                0.4079323410987854
            ]
        ],
        [
            [
                0.0029572900384664536,
                0.16672584414482117
            ],
            [
                -0.002720658667385578,
                0.20601074397563934
            ],
            [
                -0.004313589073717594,
                0.23099105060100555
            ],
            [
                -0.006070164497941732,
                0.2261628806591034
            ],
            [
                -0.010293224826455116,
                0.2613988220691681
            ],
            [
                -0.01689865067601204,
                0.376345157623291
            ]
        ],
        [
            [
                -0.001582846394740045,
                0.15052738785743713
            ],
            [
                -0.007697883062064648,
                0.18315044045448303
            ],
            [
                -0.009049352258443832,
                0.21418428421020508
            ],
            [
                -0.006328087765723467,
                0.23328468203544617
            ],
            [
                -0.008587026968598366,
                0.27771899104118347
            ],
            [
                -0.014919610694050789,
                0.41193467378616333
            ]
        ],
        [
            [
                0.021857477724552155,
                0.27935588359832764
            ],
            [
                0.019005516543984413,
                0.3588147759437561
            ],
            [
                0.01801236905157566,
                0.3910576403141022
            ],
            [
                -0.009414369240403175,
                0.36371755599975586
            ],
            [
                -0.024850163608789444,
                0.38943952322006226
            ],
            [
                -0.03740628808736801,
                0.5064153671264648
            ]
        ],
        [
            [
                0.03972192853689194,
                0.3165639042854309
            ],
            [
                0.0402723029255867,
                0.4177583158016205
            ],
            [
                0.03969521448016167,
                0.43265822529792786
            ],
            [
                -0.008665289729833603,
                0.346648246049881
            ],
            [
                -0.03213435038924217,
                0.3384998142719269
            ],
            [
                -0.04608975350856781,
                0.3837752640247345
            ]
        ]
    ],
    "tl_trigger": 0.9999992847442627,
    "tl_status": 0
}