{
    "speed": -1.77978044691483e-05,
    "steer": -0.02021307311952114,
    "throttle": 0.0,
    "brake": 1.0,
    "wp_6": [
        -0.006925059016793966,
        0.1912042200565338
    ],
    "wp_5": [
        -0.003984897397458553,
        0.12726610898971558
    ],
    "wp_4": [
        -0.0029509449377655983,
        0.10760489851236343
    ],
    "wp_3": [
        -0.005796883720904589,
        0.12378938496112823
    ],
    "wp_2": [
        -0.004486611112952232,
        0.11469388008117676
    ],
    "wp_1": [
        0.00046846282202750444,
        0.09373748302459717
    ],
    "aim": [
        -0.0029509449377655983,
        0.10760489851236343
    ],
    "target": [
        -0.8565726714792667,
        11.578713141452297
    ],
    "desired_speed": 0.05234019458293915,
    "angle": -0.017454196796548888,
    "angle_last": -0.029254031606662918,
    "angle_target": -0.04701036785723851,
    "angle_final": -0.017454196796548888,
    "delta": 0.0523579923874083,
    "agent": "only_traj",
    "steer_traj": -0.020213072408475186,
    "throttle_traj": 0.0,
    "brake_traj": 1.0,
    "plan": [
        [
            0.00046846282202750444,
            0.09373748302459717
        ],
        [
            -0.004486611112952232,
            0.11469388008117676
        ],
        [
            -0.005796883720904589,
            0.12378938496112823
        ],
        [
            -0.0029509449377655983,
            0.10760489851236343
        ],
        [
            -0.003984897397458553,
            0.12726610898971558
        ],
        [
            -0.006925059016793966,
            0.1912042200565338
        ]
    ],
    "command": 3,
    "all_plan": [
        [
            [
                0.016868852078914642,
                0.1841055452823639
            ],
            [
                0.014262218028306961,
                0.23796987533569336
            ],
            [
                0.013272017240524292,
                0.24875380098819733
            ],
            [
                -0.005208658054471016,
                0.2026100903749466
            ],
            [
                -0.015532832592725754,
                0.2098352164030075
            ],
            [
                -0.0229355301707983,
                0.26352012157440186
            ]
        ],
        [
            [
                0.014364417642354965,
                0.1829107403755188
            ],
            [
                0.010997328907251358,
                0.23437130451202393
            ],
            [
                0.00971283484250307,
                0.24628542363643646
            ],
            [
                -0.005237615667283535,
                0.20197784900665283
            ],
            [
                -0.014363273046910763,
                0.21335874497890472
            ],
            [
                -0.021480999886989594,
                0.27581533789634705
            ]
        ],
        [
            [
                0.0006178283365443349,
                0.08390450477600098
            ],
            [
                -0.003976153209805489,
                0.10294446349143982
            ],
            [
                -0.005076040048152208,
                0.11088192462921143
            ],
            [
                -0.002655566670000553,
                0.09673994034528732
            ],
            [
                -0.0035880140494555235,
                0.11438010632991791
            ],
            [
                -0.006233635358512402,
                0.17213304340839386
            ]
        ],
        [
            [
                0.00046846282202750444,
                0.09373748302459717
            ],
            [
                -0.004486611112952232,
                0.11469388008117676
            ],
            [
                -0.005796883720904589,
                0.12378938496112823
            ],
            [
                -0.0029509449377655983,
                0.10760489851236343
            ],
            [
                -0.003984897397458553,
                0.12726610898971558
            ],
            [
                -0.006925059016793966,
                0.1912042200565338
            ]
        ],
        [
            [
                0.008886425755918026,
                0.16803166270256042
            ],
            [
                0.004280046559870243,
                0.21172457933425903
            ],
            [
                0.002624205546453595,
                0.22513127326965332
            ],
            [
                -0.004978850483894348,
                0.18867866694927216
            ],
            [
                -0.01129908300936222,
                0.20723289251327515
            ],
            [
                -0.017453495413064957,
                0.28262555599212646
            ]
        ],
        [
            [
                0.02757686749100685,
                0.21410930156707764
            ],
            [
                0.02742801047861576,
                0.28342872858047485
            ],
            [
                0.02721138671040535,
                0.2921217679977417
            ],
            [
                -0.005822964012622833,
                0.23271819949150085
            ],
            [
                -0.02170635387301445,
                0.22663190960884094
            ],
            [
                -0.031110547482967377,
                0.2570445239543915
            ]
        ]
    ],
    "tl_trigger": 0.9999992847442627,
    "tl_status": 0
}