{
    "speed": -1.7835987935055376e-05,
    "steer": -0.006863696034997702,
    "throttle": 0.0,
    "brake": 1.0,
    "wp_6": [
        -0.0022080158814787865,
        0.06109641492366791
    ],
    "wp_5": [
        -0.0012772722402587533,
        0.03935493528842926
    ],
    "wp_4": [
        -0.0009358086390420794,
        0.033481743186712265
    ],
    "wp_3": [
        -0.0008791278814896941,
        0.03573182597756386
    ],
    "wp_2": [
        -0.0010041537461802363,
        0.03453674912452698
    ],
    "wp_1": [
        0.001487467554397881,
        0.026654720306396484
    ],
    "aim": [
        -0.0009358086390420794,
        0.033481743186712265
    ],
    "target": [
        -0.05971428105842058,
        11.571880109186049
    ],
    "desired_speed": 0.015745347971096633,
    "angle": -0.017788724283897956,
    "angle_last": -0.02723677318079504,
    "angle_target": -0.0032851147980876585,
    "angle_final": -0.0032851147980876585,
    "delta": 0.015763183959031687,
    "agent": "only_traj",
    "steer_traj": -0.006863696169431556,
    "throttle_traj": 0.0,
    "brake_traj": 1.0,
    "plan": [
        [
            0.001487467554397881,
            0.026654720306396484
        ],
        [
            -0.0010041537461802363,
            0.03453674912452698
        ],
        [
            -0.0008791278814896941,
            0.03573182597756386
        ],
        [
            -0.0009358086390420794,
            0.033481743186712265
        ],
        [
            -0.0012772722402587533,
            0.03935493528842926
        ],
        [
            -0.0022080158814787865,
            0.06109641492366791
        ]
    ],
    "command": 3,
    "all_plan": [
        [
            [
                0.017447885125875473,
                0.15709161758422852
            ],
            [
                0.015887057408690453,
                0.20583611726760864
            ],
            [
                0.015496233478188515,
                0.21335358917713165
            ],
            [
                -0.004392834380269051,
                0.17271500825881958
            ],
            [
                -0.014517465606331825,
                0.17409344017505646
            ],
            [
                -0.021127641201019287,
                0.2101491540670395
            ]
        ],
        [
            [
                0.017048396170139313,
                0.1672382652759552
            ],
            [
                0.015036724507808685,
                0.21774917840957642
            ],
            [
                0.014397691935300827,
                0.2265852391719818
            ],
            [
                -0.0047039445489645,
                0.18399345874786377
            ],
            [
                -0.014817945659160614,
                0.18788550794124603
            ],
            [
                -0.021707821637392044,
                0.23124997317790985
            ]
        ],
        [
            [
                0.0015289579750970006,
                0.02392333745956421
            ],
            [
                -0.0008623598841950297,
                0.031273022294044495
            ],
            [
                -0.0006788935279473662,
                0.03214642032980919
            ],
            [
                -0.0008537591202184558,
                0.030463699251413345
            ],
            [
                -0.001167026930488646,
                0.03577549010515213
            ],
            [
                -0.0020159538835287094,
                0.05579886585474014
            ]
        ],
        [
            [
                0.001487467554397881,
                0.026654720306396484
            ],
            [
                -0.0010041537461802363,
                0.03453674912452698
            ],
            [
                -0.0008791278814896941,
                0.03573182597756386
            ],
            [
                -0.0009358086390420794,
                0.033481743186712265
            ],
            [
                -0.0012772722402587533,
                0.03935493528842926
            ],
            [
                -0.0022080158814787865,
                0.06109641492366791
            ]
        ],
        [
            [
                0.006685649044811726,
                0.12712404131889343
            ],
            [
                0.0026486022397875786,
                0.16037431359291077
            ],
            [
                0.0014766203239560127,
                0.17001397907733917
            ],
            [
                -0.003780995961278677,
                0.14266154170036316
            ],
            [
                -0.008321546018123627,
                0.15745246410369873
            ],
            [
                -0.012926006689667702,
                0.2170058637857437
            ]
        ],
        [
            [
                0.03286608308553696,
                0.2303479015827179
            ],
            [
                0.033886030316352844,
                0.3075962960720062
            ],
            [
                0.03402390331029892,
                0.315412700176239
            ],
            [
                -0.00616845116019249,
                0.24915125966072083
            ],
            [
                -0.02482258342206478,
                0.2367437332868576
            ],
            [
                -0.03526002913713455,
                0.25647181272506714
            ]
        ]
    ],
    "tl_trigger": 0.9999992847442627,
    "tl_status": 0
}