{
    "speed": -9.230792072564473e-05,
    "steer": -0.0015790511388331652,
    "throttle": 0.75,
    "brake": 0.0,
    "wp_6": [
        -0.004247948527336121,
        12.066987037658691
    ],
    "wp_5": [
        0.015013998374342918,
        9.658540725708008
    ],
    "wp_4": [
        -0.012685880064964294,
        7.11776065826416
    ],
    "wp_3": [
        -0.034559931606054306,
        4.520130634307861
    ],
    "wp_2": [
        -0.027784202247858047,
        2.418206214904785
    ],
    "wp_1": [
        -0.03105357103049755,
        0.9093135595321655
    ],
    "aim": [
        -0.012685880064964294,
        7.11776065826416
    ],
    "target": [
        -0.46636881480880016,
        30.509778554101466
    ],
    "desired_speed": 4.463203096389771,
    "angle": -0.0011345981396650878,
    "angle_last": -0.005091326725853475,
    "angle_target": -0.009730535641293678,
    "angle_final": -0.0011345981396650878,
    "delta": 0.25,
    "agent": "only_traj",
    "steer_traj": -0.0015790511814831837,
    "throttle_traj": 0.75,
    "brake_traj": 0.0,
    "plan": [
        [
            -0.03105357103049755,
            0.9093135595321655
        ],
        [
            -0.027784202247858047,
            2.418206214904785
        ],
        [
            -0.034559931606054306,
            4.520130634307861
        ],
        [
            -0.012685880064964294,
            7.11776065826416
        ],
        [
            0.015013998374342918,
            9.658540725708008
        ],
        [
            -0.004247948527336121,
            12.066987037658691
        ]
    ],
    "command": 3,
    "all_plan": [
        [
            [
                -0.00141453358810395,
                1.2368435859680176
            ],
            [
                0.0033408980816602707,
                2.942695379257202
            ],
            [
                -0.009683661162853241,
                5.086824417114258
            ],
            [
                -0.018469970673322678,
                7.583713054656982
            ],
            [
                -0.008008545264601707,
                9.941213607788086
            ],
            [
                -0.02312050387263298,
                12.113180160522461
            ]
        ],
        [
            [
                -0.011552803218364716,
                1.2829004526138306
            ],
            [
                -0.01660689152777195,
                3.0481209754943848
            ],
            [
                -0.030110210180282593,
                5.205958366394043
            ],
            [
                -0.016847092658281326,
                7.658358573913574
            ],
            [
                -0.009186966344714165,
                9.968012809753418
            ],
            [
                -0.023507732897996902,
                12.12823486328125
            ]
        ],
        [
            [
                -0.028252635151147842,
                1.1170945167541504
            ],
            [
                -0.035878852009773254,
                2.8749077320098877
            ],
            [
                -0.05107073485851288,
                5.165534973144531
            ],
            [
                -0.024337712675333023,
                7.883586883544922
            ],
            [
                -0.014457223936915398,
                10.530141830444336
            ],
            [
                -0.03940001502633095,
                13.07729434967041
            ]
        ],
        [
            [
                -0.03105357103049755,
                0.9093135595321655
            ],
            [
                -0.027784202247858047,
                2.418206214904785
            ],
            [
                -0.034559931606054306,
                4.520130634307861
            ],
            [
                -0.012685880064964294,
                7.11776065826416
            ],
            [
                0.015013998374342918,
                9.658540725708008
            ],
            [
                -0.004247948527336121,
                12.066987037658691
            ]
        ],
        [
            [
                -0.031635381281375885,
                1.2798246145248413
            ],
            [
                -0.0505470335483551,
                3.1384921073913574
            ],
            [
                -0.0709601640701294,
                5.430402755737305
            ],
            [
                -0.04189525917172432,
                8.04655933380127
            ],
            [
                -0.046985164284706116,
                10.55355453491211
            ],
            [
                -0.08620040863752365,
                12.957776069641113
            ]
        ],
        [
            [
                -0.007880330085754395,
                1.362408995628357
            ],
            [
                -0.013582108542323112,
                3.1776585578918457
            ],
            [
                -0.027182970196008682,
                5.332021236419678
            ],
            [
                -0.003615446388721466,
                7.734566688537598
            ],
            [
                0.005469588562846184,
                9.968993186950684
            ],
            [
                0.005539826583117247,
                12.038839340209961
            ]
        ]
    ],
    "tl_trigger": 6.651032435911475e-07,
    "tl_status": 0
}