{
    "speed": 6.224477549263534,
    "steer": -0.2451142519712448,
    "throttle": 0.0,
    "brake": 1.0,
    "wp_6": [
        -4.952843189239502,
        8.544561386108398
    ],
    "wp_5": [
        -3.8991198539733887,
        8.000750541687012
    ],
    "wp_4": [
        -2.747255563735962,
        7.16572380065918
    ],
    "wp_3": [
        -1.139512062072754,
        6.008541107177734
    ],
    "wp_2": [
        -0.5239781737327576,
        4.395651340484619
    ],
    "wp_1": [
        -0.02782360464334488,
        2.4381799697875977
    ],
    "aim": [
        -2.747255563735962,
        7.16572380065918
    ],
    "target": [
        -2.8306537559371874,
        10.105031037512273
    ],
    "desired_speed": 3.3340326786041263,
    "angle": -0.2330693808425391,
    "angle_last": -0.6966935147841113,
    "angle_target": -0.17387547298295014,
    "angle_final": -0.17387547298295014,
    "delta": 0.0,
    "agent": "only_traj",
    "steer_traj": -0.24511424554170352,
    "throttle_traj": 0.0,
    "brake_traj": 1.0,
    "plan": [
        [
            -0.02782360464334488,
            2.4381799697875977
        ],
        [
            -0.5239781737327576,
            4.395651340484619
        ],
        [
            -1.139512062072754,
            6.008541107177734
        ],
        [
            -2.747255563735962,
            7.16572380065918
        ],
        [
            -3.8991198539733887,
            8.000750541687012
        ],
        [
            -4.952843189239502,
            8.544561386108398
        ]
    ],
    "command": 0,
    "all_plan": [
        [
            [
                -0.02782360464334488,
                2.4381799697875977
            ],
            [
                -0.5239781737327576,
                4.395651340484619
            ],
            [
                -1.139512062072754,
                6.008541107177734
            ],
            [
                -2.747255563735962,
                7.16572380065918
            ],
            [
                -3.8991198539733887,
                8.000750541687012
            ],
            [
                -4.952843189239502,
                8.544561386108398
            ]
        ],
        [
            [
                0.03381938487291336,
                2.395557403564453
            ],
            [
                -0.2886727750301361,
                4.231280326843262
            ],
            [
                -0.700360894203186,
                5.616580009460449
            ],
            [
                -1.9009629487991333,
                6.584739685058594
            ],
            [
                -2.709451198577881,
                7.409409523010254
            ],
            [
                -3.416740655899048,
                7.989559650421143
            ]
        ],
        [
            [
                -0.07713236659765244,
                2.913815975189209
            ],
            [
                -0.586753249168396,
                5.054586410522461
            ],
            [
                -1.1118073463439941,
                6.475783348083496
            ],
            [
                -2.328902244567871,
                7.2466020584106445
            ],
            [
                -3.1619744300842285,
                7.886528491973877
            ],
            [
                -3.980954647064209,
                8.37645435333252
            ]
        ],
        [
            [
                -0.05559379607439041,
                2.430448055267334
            ],
            [
                -0.37639331817626953,
                4.084932327270508
            ],
            [
                -0.7101871967315674,
                5.104058742523193
            ],
            [
                -1.5529083013534546,
                5.5580830574035645
            ],
            [
                -2.1388447284698486,
                5.8243536949157715
            ],
            [
                -2.7517988681793213,
                6.032201766967773
            ]
        ],
        [
            [
                -0.10258706659078598,
                2.803471088409424
            ],
            [
                -0.700067937374115,
                4.992860794067383
            ],
            [
                -1.3541460037231445,
                6.610566139221191
            ],
            [
                -2.968502998352051,
                7.59996223449707
            ],
            [
                -4.074265480041504,
                8.426888465881348
            ],
            [
                -5.079845905303955,
                9.020549774169922
            ]
        ],
        [
            [
                0.01711677759885788,
                2.4002437591552734
            ],
            [
                -0.3374454379081726,
                4.421988487243652
            ],
            [
                -0.7952255010604858,
                6.095436096191406
            ],
            [
                -2.0427870750427246,
                7.401386260986328
            ],
            [
                -2.926645517349243,
                8.516220092773438
            ],
            [
                -3.697153329849243,
                9.285421371459961
            ]
        ]
    ],
    "tl_trigger": 4.0494359154763515e-07,
    "tl_status": 0
}