{
    "speed": -1.605191263710205e-05,
    "steer": 0.06243068352341652,
    "throttle": 0.75,
    "brake": 0.0,
    "wp_6": [
        -0.04357428103685379,
        1.7886326313018799
    ],
    "wp_5": [
        -0.02104114182293415,
        1.1459267139434814
    ],
    "wp_4": [
        0.003961134701967239,
        0.52170729637146
    ],
    "wp_3": [
        -0.00957215204834938,
        0.0550563782453537
    ],
    "wp_2": [
        0.0028472873382270336,
        -0.18185503780841827
    ],
    "wp_1": [
        0.001044278615154326,
        -0.173803448677063
    ],
    "aim": [
        -0.02104114182293415,
        1.1459267139434814
    ],
    "target": [
        -0.6273133673033973,
        8.479186723025244
    ],
    "desired_speed": 0.792062210664153,
    "angle": -0.011688075208233345,
    "angle_last": -0.022310613078409508,
    "angle_target": -0.04701321773051811,
    "angle_final": -0.011688075208233345,
    "delta": 0.25,
    "log_entries": [
        "norm1:0.18",
        "norm2:0.06",
        "norm3:0.29",
        "norm4:0.83",
        "norm5:1.47",
        " ",
        " ",
        " ",
        " ",
        " ",
        " ",
        " ",
        " ",
        " ",
        " ",
        " "
    ],
    "agent": "only_traj",
    "steer_traj": 0.06243068195834911,
    "throttle_traj": 0.75,
    "brake_traj": 0.0,
    "plan": [
        [
            0.001044278615154326,
            -0.173803448677063
        ],
        [
            0.0028472873382270336,
            -0.18185503780841827
        ],
        [
            -0.00957215204834938,
            0.0550563782453537
        ],
        [
            0.003961134701967239,
            0.52170729637146
        ],
        [
            -0.02104114182293415,
            1.1459267139434814
        ],
        [
            -0.04357428103685379,
            1.7886326313018799
        ]
    ],
    "command": 3,
    "redefined_command": 3,
    "cmd_softmax_output": [
        0.9999761581420898,
        1.96857399714645e-05,
        4.1371595216332935e-06
    ],
    "all_plan": [
        [
            [
                0.010540270246565342,
                0.01669558882713318
            ],
            [
                0.027679480612277985,
                0.016930267214775085
            ],
            [
                0.029015034437179565,
                0.05695067718625069
            ],
            [
                0.001793142408132553,
                0.15397076308727264
            ],
            [
                0.010629444383084774,
                0.2722131013870239
            ],
            [
                0.00690197991207242,
                0.33972200751304626
            ]
        ],
        [
            [
                0.01220676675438881,
                -0.061252743005752563
            ],
            [
                0.03136178106069565,
                -0.08595120906829834
            ],
            [
                0.038018692284822464,
                0.008959591388702393
            ],
            [
                -0.0005795620381832123,
                0.17921742796897888
            ],
            [
                0.008612869307398796,
                0.38842707872390747
            ],
            [
                -0.003866789862513542,
                0.5722190141677856
            ]
        ],
        [
            [
                0.0078071104362607,
                -0.20765548944473267
            ],
            [
                0.021140437573194504,
                -0.24177399277687073
            ],
            [
                0.018386110663414,
                0.006978675723075867
            ],
            [
                0.0018424130976200104,
                0.4748286008834839
            ],
            [
                -0.011079611256718636,
                1.0836352109909058
            ],
            [
                -0.0371394045650959,
                1.6987758874893188
            ]
        ],
        [
            [
                0.001044278615154326,
                -0.173803448677063
            ],
            [
                0.0028472873382270336,
                -0.18185503780841827
            ],
            [
                -0.00957215204834938,
                0.0550563782453537
            ],
            [
                0.003961134701967239,
                0.52170729637146
            ],
            [
                -0.02104114182293415,
                1.1459267139434814
            ],
            [
                -0.04357428103685379,
                1.7886326313018799
            ]
        ],
        [
            [
                0.013067247346043587,
                -0.23218634724617004
            ],
            [
                0.03094371035695076,
                -0.28640520572662354
            ],
            [
                0.039355166256427765,
                0.002245992422103882
            ],
            [
                -0.002190094441175461,
                0.5006582736968994
            ],
            [
                -0.008503667078912258,
                1.1549079418182373
            ],
            [
                -0.03030215948820114,
                1.8442974090576172
            ]
        ],
        [
            [
                0.014829004183411598,
                -0.06448599696159363
            ],
            [
                0.03383942320942879,
                -0.08165097236633301
            ],
            [
                0.044364795088768005,
                0.04225601255893707
            ],
            [
                -0.002673361450433731,
                0.2452474981546402
            ],
            [
                0.004908934235572815,
                0.4878970980644226
            ],
            [
                -0.009333178400993347,
                0.7109434604644775
            ]
        ]
    ],
    "tl_trigger": 5.173076829123602e-07,
    "tl_status": 0
}