{
    "speed": 3.4159395604822167e-10,
    "steer": 0.705131471157074,
    "throttle": 0.75,
    "brake": 0.0,
    "wp_6": [
        -0.04153979569673538,
        2.409266948699951
    ],
    "wp_5": [
        -0.024432040750980377,
        1.52683687210083
    ],
    "wp_4": [
        0.002670510206371546,
        0.6963793039321899
    ],
    "wp_3": [
        -0.002307659015059471,
        0.0732094943523407
    ],
    "wp_2": [
        0.004697317723184824,
        -0.26255112886428833
    ],
    "wp_1": [
        0.0024772300384938717,
        -0.24798709154129028
    ],
    "aim": [
        -0.024432040750980377,
        1.52683687210083
    ],
    "target": [
        -2.0519964107542954,
        9.900339203772804
    ],
    "desired_speed": 1.0749005101621152,
    "angle": -0.010186116609747541,
    "angle_last": -0.012340661837932674,
    "angle_target": -0.13010695686449467,
    "angle_final": -0.010186116609747541,
    "delta": 0.25,
    "log_entries": [
        "norm1:0.26",
        "norm2:0.09",
        "norm3:0.38",
        "norm4:1.11",
        "norm5:1.97",
        " ",
        " ",
        " ",
        " ",
        " ",
        " ",
        " ",
        " ",
        " ",
        " ",
        " "
    ],
    "agent": "only_traj",
    "steer_traj": 0.7051314931695781,
    "throttle_traj": 0.75,
    "brake_traj": 0.0,
    "plan": [
        [
            0.0024772300384938717,
            -0.24798709154129028
        ],
        [
            0.004697317723184824,
            -0.26255112886428833
        ],
        [
            -0.002307659015059471,
            0.0732094943523407
        ],
        [
            0.002670510206371546,
            0.6963793039321899
        ],
        [
            -0.024432040750980377,
            1.52683687210083
        ],
        [
            -0.04153979569673538,
            2.409266948699951
        ]
    ],
    "command": 3,
    "redefined_command": 3,
    "cmd_softmax_output": [
        0.9999754428863525,
        2.1485207980731502e-05,
        3.0728028832527343e-06
    ],
    "all_plan": [
        [
            [
                0.013556437566876411,
                -0.021618813276290894
            ],
            [
                0.032549113035202026,
                -0.03219828009605408
            ],
            [
                0.03981148079037666,
                0.07302543520927429
            ],
            [
                -0.0018504820764064789,
                0.24748992919921875
            ],
            [
                0.006683054380118847,
                0.4688349962234497
            ],
            [
                -0.005864876322448254,
                0.6690222024917603
            ]
        ],
        [
            [
                0.014266514219343662,
                -0.08833494782447815
            ],
            [
                0.03419071063399315,
                -0.11979809403419495
            ],
            [
                0.04522416740655899,
                0.0212252140045166
            ],
            [
                -0.003308020532131195,
                0.24495354294776917
            ],
            [
                0.005308864638209343,
                0.5247013568878174
            ],
            [
                -0.01328781433403492,
                0.8013176918029785
            ]
        ],
        [
            [
                0.006979411467909813,
                -0.27333739399909973
            ],
            [
                0.016888482496142387,
                -0.3162369132041931
            ],
            [
                0.014954695478081703,
                0.006820738315582275
            ],
            [
                -9.337626397609711e-05,
                0.5858705639839172
            ],
            [
                -0.020590920001268387,
                1.3443934917449951
            ],
            [
                -0.05624372512102127,
                2.1447887420654297
            ]
        ],
        [
            [
                0.0024772300384938717,
                -0.24798709154129028
            ],
            [
                0.004697317723184824,
                -0.26255112886428833
            ],
            [
                -0.002307659015059471,
                0.0732094943523407
            ],
            [
                0.002670510206371546,
                0.6963793039321899
            ],
            [
                -0.024432040750980377,
                1.52683687210083
            ],
            [
                -0.04153979569673538,
                2.409266948699951
            ]
        ],
        [
            [
                0.00753389298915863,
                -0.2605229616165161
            ],
            [
                0.02003253810107708,
                -0.2804461419582367
            ],
            [
                0.027568046003580093,
                0.10477474331855774
            ],
            [
                -0.004283219575881958,
                0.7214946746826172
            ],
            [
                -0.011930231004953384,
                1.5177924633026123
            ],
            [
                -0.05025755614042282,
                2.3951311111450195
            ]
        ],
        [
            [
                0.016427844762802124,
                -0.09470278024673462
            ],
            [
                0.03597376123070717,
                -0.11990684270858765
            ],
            [
                0.05037945508956909,
                0.04393647611141205
            ],
            [
                -0.004988182336091995,
                0.2938830256462097
            ],
            [
                0.002072809264063835,
                0.5975637435913086
            ],
            [
                -0.01765965297818184,
                0.9017443656921387
            ]
        ]
    ],
    "tl_trigger": 5.148173158886493e-07,
    "tl_status": 0
}