{
    "speed": 0.011047602157230316,
    "steer": 0.047760315239429474,
    "throttle": 0.75,
    "brake": 0.0,
    "wp_6": [
        0.5083650350570679,
        7.900745391845703
    ],
    "wp_5": [
        0.275448203086853,
        5.97574520111084
    ],
    "wp_4": [
        0.15451857447624207,
        4.0386643409729
    ],
    "wp_3": [
        0.11341992020606995,
        2.28206729888916
    ],
    "wp_2": [
        0.05430525541305542,
        1.0867793560028076
    ],
    "wp_1": [
        0.00802069902420044,
        0.31268858909606934
    ],
    "aim": [
        0.11341992020606995,
        2.28206729888916
    ],
    "target": [
        -2.6091204884723673,
        6.35108118193609
    ],
    "desired_speed": 3.043676710128784,
    "angle": 0.03161433754676738,
    "angle_last": 0.07665564057346258,
    "angle_target": -0.24815113424326998,
    "angle_final": 0.03161433754676738,
    "delta": 0.25,
    "log_entries": [
        "norm1:0.70",
        "norm2:1.69",
        "norm3:3.16",
        "norm4:5.01",
        "norm5:6.95",
        " ",
        " ",
        " ",
        " ",
        " ",
        " ",
        " ",
        " ",
        " ",
        " ",
        " ",
        " ",
        " ",
        " ",
        " ",
        " "
    ],
    "agent": "only_traj",
    "steer_traj": 0.047760316430973476,
    "throttle_traj": 0.75,
    "brake_traj": 0.0,
    "plan": [
        [
            0.00802069902420044,
            0.31268858909606934
        ],
        [
            0.05430525541305542,
            1.0867793560028076
        ],
        [
            0.11341992020606995,
            2.28206729888916
        ],
        [
            0.15451857447624207,
            4.0386643409729
        ],
        [
            0.275448203086853,
            5.97574520111084
        ],
        [
            0.5083650350570679,
            7.900745391845703
        ]
    ],
    "command": 3,
    "redefined_command": 3,
    "cmd_softmax_output": [
        0.9993535876274109,
        0.0006428047781810164,
        3.6036558412888553e-06
    ],
    "all_plan": [
        [
            [
                0.0228775255382061,
                0.2841341495513916
            ],
            [
                0.06898368895053864,
                0.8862205147743225
            ],
            [
                0.13288700580596924,
                1.849766492843628
            ],
            [
                0.12003263831138611,
                3.284538745880127
            ],
            [
                0.2189652919769287,
                4.884436130523682
            ],
            [
                0.44718706607818604,
                6.451627731323242
            ]
        ],
        [
            [
                0.021750181913375854,
                0.275768905878067
            ],
            [
                0.0713573545217514,
                0.907306432723999
            ],
            [
                0.14117977023124695,
                1.9062557220458984
            ],
            [
                0.1674482226371765,
                3.363985061645508
            ],
            [
                0.28085386753082275,
                4.957322597503662
            ],
            [
                0.5288958549499512,
                6.515814304351807
            ]
        ],
        [
            [
                0.009883474558591843,
                0.24857398867607117
            ],
            [
                0.06323127448558807,
                1.0542341470718384
            ],
            [
                0.13733568787574768,
                2.355527400970459
            ],
            [
                0.18924874067306519,
                4.225444316864014
            ],
            [
                0.3300420641899109,
                6.2485127449035645
            ],
            [
                0.5778151750564575,
                8.274636268615723
            ]
        ],
        [
            [
                0.00802069902420044,
                0.31268858909606934
            ],
            [
                0.05430525541305542,
                1.0867793560028076
            ],
            [
                0.11341992020606995,
                2.28206729888916
            ],
            [
                0.15451857447624207,
                4.0386643409729
            ],
            [
                0.275448203086853,
                5.97574520111084
            ],
            [
                0.5083650350570679,
                7.900745391845703
            ]
        ],
        [
            [
                0.011771328747272491,
                0.2974209785461426
            ],
            [
                0.06678274273872375,
                1.1024408340454102
            ],
            [
                0.1420983523130417,
                2.356506109237671
            ],
            [
                0.19733868539333344,
                4.134862899780273
            ],
            [
                0.341825008392334,
                6.040013790130615
            ],
            [
                0.5908209085464478,
                7.936038970947266
            ]
        ],
        [
            [
                0.022198759019374847,
                0.2717290222644806
            ],
            [
                0.07500748336315155,
                0.9233144521713257
            ],
            [
                0.1485670506954193,
                1.9431136846542358
            ],
            [
                0.18578749895095825,
                3.417283535003662
            ],
            [
                0.30736467242240906,
                5.002726078033447
            ],
            [
                0.5613903403282166,
                6.543174743652344
            ]
        ]
    ],
    "tl_trigger": 4.4433099333218706e-07,
    "tl_status": 0
}