{
    "speed": 0.0072383855295950145,
    "steer": 0.31396809220314026,
    "throttle": 0.75,
    "brake": 0.0,
    "wp_6": [
        3.792567491531372,
        8.197361946105957
    ],
    "wp_5": [
        2.4201748371124268,
        6.506458282470703
    ],
    "wp_4": [
        1.5556731224060059,
        4.610039710998535
    ],
    "wp_3": [
        0.931393027305603,
        2.707338809967041
    ],
    "wp_2": [
        0.40959933400154114,
        1.4395917654037476
    ],
    "wp_1": [
        0.13277360796928406,
        0.6239196062088013
    ],
    "aim": [
        0.931393027305603,
        2.707338809967041
    ],
    "target": [
        -1.0092023387149678,
        6.223515079034923
    ],
    "desired_speed": 3.3986883878707888,
    "angle": 0.2109390569306827,
    "angle_last": 0.43404346751060113,
    "angle_target": -0.10234311242684375,
    "angle_final": 0.2109390569306827,
    "delta": 0.25,
    "log_entries": [
        "norm1:1.07",
        "norm2:2.18",
        "norm3:3.86",
        "norm4:5.90",
        "norm5:7.98",
        " ",
        " ",
        " ",
        " ",
        " ",
        " ",
        " ",
        " ",
        " ",
        " ",
        " ",
        " ",
        " "
    ],
    "agent": "only_traj",
    "steer_traj": 0.3139681004643794,
    "throttle_traj": 0.75,
    "brake_traj": 0.0,
    "plan": [
        [
            0.13277360796928406,
            0.6239196062088013
        ],
        [
            0.40959933400154114,
            1.4395917654037476
        ],
        [
            0.931393027305603,
            2.707338809967041
        ],
        [
            1.5556731224060059,
            4.610039710998535
        ],
        [
            2.4201748371124268,
            6.506458282470703
        ],
        [
            3.792567491531372,
            8.197361946105957
        ]
    ],
    "command": 3,
    "redefined_command": 4,
    "cmd_softmax_output": [
        0.3570202589035034,
        0.6425683498382568,
        0.00041137862717732787
    ],
    "all_plan": [
        [
            [
                0.14138007164001465,
                0.2565726339817047
            ],
            [
                0.3180605471134186,
                0.8083741664886475
            ],
            [
                0.5817022323608398,
                1.8314096927642822
            ],
            [
                0.7570810914039612,
                3.4225311279296875
            ],
            [
                1.0379061698913574,
                5.097611904144287
            ],
            [
                1.7886693477630615,
                6.527326583862305
            ]
        ],
        [
            [
                0.11835988610982895,
                0.5233401656150818
            ],
            [
                0.3486913740634918,
                1.186633825302124
            ],
            [
                0.8129022121429443,
                2.2857518196105957
            ],
            [
                1.356851577758789,
                4.00650691986084
            ],
            [
                2.1148810386657715,
                5.710505485534668
            ],
            [
                3.429319381713867,
                7.1642045974731445
            ]
        ],
        [
            [
                0.16511787474155426,
                0.42796072363853455
            ],
            [
                0.42644304037094116,
                1.157875657081604
            ],
            [
                0.8555082082748413,
                2.3399643898010254
            ],
            [
                1.2791643142700195,
                4.1496429443359375
            ],
            [
                1.8817603588104248,
                6.022236347198486
            ],
            [
                2.9702069759368896,
                7.68080472946167
            ]
        ],
        [
            [
                0.1359742432832718,
                0.31291112303733826
            ],
            [
                0.3434513509273529,
                0.9920052289962769
            ],
            [
                0.6910338401794434,
                2.1458311080932617
            ],
            [
                1.0485725402832031,
                3.9101033210754395
            ],
            [
                1.5301203727722168,
                5.718656539916992
            ],
            [
                2.498391628265381,
                7.2945780754089355
            ]
        ],
        [
            [
                0.13277360796928406,
                0.6239196062088013
            ],
            [
                0.40959933400154114,
                1.4395917654037476
            ],
            [
                0.931393027305603,
                2.707338809967041
            ],
            [
                1.5556731224060059,
                4.610039710998535
            ],
            [
                2.4201748371124268,
                6.506458282470703
            ],
            [
                3.792567491531372,
                8.197361946105957
            ]
        ],
        [
            [
                0.1403312087059021,
                0.5420685410499573
            ],
            [
                0.39064010977745056,
                1.2184209823608398
            ],
            [
                0.8395333290100098,
                2.293760299682617
            ],
            [
                1.3295905590057373,
                3.952718496322632
            ],
            [
                2.0146524906158447,
                5.603346347808838
            ],
            [
                3.2028565406799316,
                7.012033939361572
            ]
        ]
    ],
    "tl_trigger": 3.765529470456386e-07,
    "tl_status": 0
}