{
    "speed": 7.328852932083402,
    "steer": 0.0072263311594724655,
    "throttle": 0.75,
    "brake": 0.0,
    "wp_6": [
        0.09603840857744217,
        22.958120346069336
    ],
    "wp_5": [
        0.08037583529949188,
        19.408567428588867
    ],
    "wp_4": [
        0.05606616288423538,
        15.632048606872559
    ],
    "wp_3": [
        0.14126303791999817,
        11.774430274963379
    ],
    "wp_2": [
        0.11690296232700348,
        7.875134468078613
    ],
    "wp_1": [
        0.08006260544061661,
        3.9731478691101074
    ],
    "aim": [
        0.11690296232700348,
        7.875134468078613
    ],
    "target": [
        0.22289996505360765,
        39.809313823404494
    ],
    "desired_speed": 7.594510269165038,
    "angle": 0.009449614780168227,
    "angle_last": 0.0028090771961094964,
    "angle_target": 0.003564518663760995,
    "angle_final": 0.009449614780168227,
    "delta": 0.25,
    "log_entries": [
        "norm1:5.92",
        "norm2:9.83",
        "norm3:13.70",
        "norm4:17.52",
        "norm5:21.18",
        " ",
        " ",
        " ",
        " ",
        " ",
        " ",
        " ",
        " ",
        " "
    ],
    "agent": "only_traj",
    "steer_traj": 0.0072263311285604755,
    "throttle_traj": 0.75,
    "brake_traj": 0.0,
    "plan": [
        [
            0.08006260544061661,
            3.9731478691101074
        ],
        [
            0.11690296232700348,
            7.875134468078613
        ],
        [
            0.14126303791999817,
            11.774430274963379
        ],
        [
            0.05606616288423538,
            15.632048606872559
        ],
        [
            0.08037583529949188,
            19.408567428588867
        ],
        [
            0.09603840857744217,
            22.958120346069336
        ]
    ],
    "command": 3,
    "redefined_command": 3,
    "cmd_softmax_output": [
        0.9999363422393799,
        3.651722363429144e-05,
        2.7184494683751836e-05
    ],
    "all_plan": [
        [
            [
                0.10744049400091171,
                3.9512805938720703
            ],
            [
                0.16096000373363495,
                7.84519100189209
            ],
            [
                0.19818314909934998,
                11.72327995300293
            ],
            [
                0.0889868214726448,
                15.548554420471191
            ],
            [
                0.11489896476268768,
                19.318275451660156
            ],
            [
                0.1462981104850769,
                22.893640518188477
            ]
        ],
        [
            [
                0.09883155673742294,
                3.962876319885254
            ],
            [
                0.15455135703086853,
                7.8634233474731445
            ],
            [
                0.19865421950817108,
                11.735965728759766
            ],
            [
                0.1166471466422081,
                15.587182998657227
            ],
            [
                0.1623619794845581,
                19.406753540039062
            ],
            [
                0.21699729561805725,
                23.033552169799805
            ]
        ],
        [
            [
                0.08245866745710373,
                3.9965767860412598
            ],
            [
                0.12369731068611145,
                7.931926250457764
            ],
            [
                0.1547970026731491,
                11.845324516296387
            ],
            [
                0.07645156234502792,
                15.743305206298828
            ],
            [
                0.10911232233047485,
                19.60883140563965
            ],
            [
                0.13887235522270203,
                23.277921676635742
            ]
        ],
        [
            [
                0.08006260544061661,
                3.9731478691101074
            ],
            [
                0.11690296232700348,
                7.875134468078613
            ],
            [
                0.14126303791999817,
                11.774430274963379
            ],
            [
                0.05606616288423538,
                15.632048606872559
            ],
            [
                0.08037583529949188,
                19.408567428588867
            ],
            [
                0.09603840857744217,
                22.958120346069336
            ]
        ],
        [
            [
                0.06822333484888077,
                3.984098434448242
            ],
            [
                0.09752858430147171,
                7.913897514343262
            ],
            [
                0.11961643397808075,
                11.817126274108887
            ],
            [
                0.04919978231191635,
                15.70185661315918
            ],
            [
                0.07650101184844971,
                19.56043815612793
            ],
            [
                0.09765174239873886,
                23.23678207397461
            ]
        ],
        [
            [
                0.10541560500860214,
                3.93792724609375
            ],
            [
                0.17147645354270935,
                7.827118873596191
            ],
            [
                0.2281290590763092,
                11.684000015258789
            ],
            [
                0.15435460209846497,
                15.509294509887695
            ],
            [
                0.21530994772911072,
                19.292495727539062
            ],
            [
                0.28865665197372437,
                22.892932891845703
            ]
        ]
    ],
    "tl_trigger": 6.452368666032271e-07,
    "tl_status": 0
}