{
    "speed": 5.430871849152176,
    "steer": 0.01110783964395523,
    "throttle": 0.0,
    "brake": 1.0,
    "wp_6": [
        -0.5111705660820007,
        15.48196792602539
    ],
    "wp_5": [
        -0.37017446756362915,
        15.054513931274414
    ],
    "wp_4": [
        -0.21551455557346344,
        13.683734893798828
    ],
    "wp_3": [
        -0.08714073896408081,
        10.811948776245117
    ],
    "wp_2": [
        0.002933226525783539,
        7.242559432983398
    ],
    "wp_1": [
        0.03493946045637131,
        3.5411758422851562
    ],
    "aim": [
        0.03493946045637131,
        3.5411758422851562
    ],
    "target": [
        -1.5480536299605872,
        27.01246523449791
    ],
    "desired_speed": 4.7905140757560725,
    "angle": 0.006281090024199312,
    "angle_last": -0.2028353966994961,
    "angle_target": -0.036444091426316896,
    "angle_final": 0.006281090024199312,
    "delta": 0.0,
    "log_entries": [
        "norm1:5.39",
        "norm2:9.03",
        "norm3:12.25",
        "norm4:14.37",
        "norm5:15.27",
        " ",
        " ",
        " ",
        " ",
        " ",
        " ",
        " ",
        " ",
        " ",
        " ",
        " ",
        " ",
        " ",
        " ",
        " "
    ],
    "agent": "only_traj",
    "steer_traj": 0.011107839410601943,
    "throttle_traj": 0.0,
    "brake_traj": 1.0,
    "plan": [
        [
            0.03493946045637131,
            3.5411758422851562
        ],
        [
            0.002933226525783539,
            7.242559432983398
        ],
        [
            -0.08714073896408081,
            10.811948776245117
        ],
        [
            -0.21551455557346344,
            13.683734893798828
        ],
        [
            -0.37017446756362915,
            15.054513931274414
        ],
        [
            -0.5111705660820007,
            15.48196792602539
        ]
    ],
    "command": 3,
    "redefined_command": 3,
    "cmd_softmax_output": [
        0.999619722366333,
        0.000370210938854143,
        9.975773537007626e-06
    ],
    "all_plan": [
        [
            [
                0.059892162680625916,
                3.5092849731445312
            ],
            [
                0.028240442276000977,
                7.152132511138916
            ],
            [
                -0.07249147444963455,
                10.62608528137207
            ],
            [
                -0.24891093373298645,
                13.5407133102417
            ],
            [
                -0.4320950210094452,
                15.192438125610352
            ],
            [
                -0.5762338638305664,
                16.00398826599121
            ]
        ],
        [
            [
                0.07129719108343124,
                3.5021939277648926
            ],
            [
                0.0563371479511261,
                7.149758815765381
            ],
            [
                -0.025942422449588776,
                10.646285057067871
            ],
            [
                -0.18092167377471924,
                13.564800262451172
            ],
            [
                -0.33430761098861694,
                15.160486221313477
            ],
            [
                -0.44661152362823486,
                15.881681442260742
            ]
        ],
        [
            [
                0.03892112523317337,
                3.5659470558166504
            ],
            [
                0.009774083271622658,
                7.323454856872559
            ],
            [
                -0.08538365364074707,
                11.025251388549805
            ],
            [
                -0.1969960629940033,
                14.146650314331055
            ],
            [
                -0.3456209897994995,
                15.763197898864746
            ],
            [
                -0.47090116143226624,
                16.332345962524414
            ]
        ],
        [
            [
                0.03493946045637131,
                3.5411758422851562
            ],
            [
                0.002933226525783539,
                7.242559432983398
            ],
            [
                -0.08714073896408081,
                10.811948776245117
            ],
            [
                -0.21551455557346344,
                13.683734893798828
            ],
            [
                -0.37017446756362915,
                15.054513931274414
            ],
            [
                -0.5111705660820007,
                15.48196792602539
            ]
        ],
        [
            [
                0.023672007024288177,
                3.5378856658935547
            ],
            [
                -0.025250665843486786,
                7.247931480407715
            ],
            [
                -0.13817951083183289,
                10.862775802612305
            ],
            [
                -0.27778494358062744,
                13.921135902404785
            ],
            [
                -0.45512956380844116,
                15.599209785461426
            ],
            [
                -0.6082589626312256,
                16.330047607421875
            ]
        ],
        [
            [
                0.08293048292398453,
                3.479147434234619
            ],
            [
                0.076336570084095,
                7.092565536499023
            ],
            [
                0.0020710378885269165,
                10.532464981079102
            ],
            [
                -0.15054959058761597,
                13.419321060180664
            ],
            [
                -0.2976478636264801,
                15.05721378326416
            ],
            [
                -0.40018367767333984,
                15.871808052062988
            ]
        ]
    ],
    "tl_trigger": 5.454288611872471e-07,
    "tl_status": 0
}