{
    "speed": 7.739554555612706,
    "steer": -0.006353828124701977,
    "throttle": 0.75,
    "brake": 0.0,
    "wp_6": [
        1.6285603046417236,
        23.952285766601562
    ],
    "wp_5": [
        1.7539852857589722,
        20.249794006347656
    ],
    "wp_4": [
        1.6094475984573364,
        16.48818016052246
    ],
    "wp_3": [
        0.22836771607398987,
        12.684328079223633
    ],
    "wp_2": [
        0.045566096901893616,
        8.585346221923828
    ],
    "wp_1": [
        -0.15721596777439117,
        4.227447986602783
    ],
    "aim": [
        0.045566096901893616,
        8.585346221923828
    ],
    "target": [
        -0.8361926493893399,
        37.53511848729812
    ],
    "desired_speed": 7.992594051361085,
    "angle": 0.003378790863879338,
    "angle_last": -0.02155777444989255,
    "angle_target": -0.01418002012462568,
    "angle_final": 0.003378790863879338,
    "delta": 0.25,
    "log_entries": [
        "norm1:6.41",
        "norm2:10.64",
        "norm3:14.62",
        "norm4:18.45",
        "norm5:22.17",
        " ",
        " ",
        " ",
        " ",
        " ",
        " ",
        " ",
        " ",
        " ",
        " ",
        " ",
        " "
    ],
    "agent": "only_traj",
    "steer_traj": -0.006353828062619303,
    "throttle_traj": 0.75,
    "brake_traj": 0.0,
    "plan": [
        [
            -0.15721596777439117,
            4.227447986602783
        ],
        [
            0.045566096901893616,
            8.585346221923828
        ],
        [
            0.22836771607398987,
            12.684328079223633
        ],
        [
            1.6094475984573364,
            16.48818016052246
        ],
        [
            1.7539852857589722,
            20.249794006347656
        ],
        [
            1.6285603046417236,
            23.952285766601562
        ]
    ],
    "command": 3,
    "redefined_command": 5,
    "cmd_softmax_output": [
        0.0010634909849613905,
        1.1052914487663656e-05,
        0.9989253878593445
    ],
    "all_plan": [
        [
            [
                -0.1100592240691185,
                4.108075141906738
            ],
            [
                0.04566077142953873,
                8.276986122131348
            ],
            [
                0.13477440178394318,
                12.157936096191406
            ],
            [
                1.3052113056182861,
                15.730209350585938
            ],
            [
                1.3417266607284546,
                19.2607421875
            ],
            [
                1.135135293006897,
                22.726179122924805
            ]
        ],
        [
            [
                -0.09549802541732788,
                4.181055545806885
            ],
            [
                0.10944932699203491,
                8.458102226257324
            ],
            [
                0.24277636408805847,
                12.448030471801758
            ],
            [
                1.537043809890747,
                16.131338119506836
            ],
            [
                1.5908864736557007,
                19.743043899536133
            ],
            [
                1.404402494430542,
                23.248891830444336
            ]
        ],
        [
            [
                -0.0965801551938057,
                4.180702209472656
            ],
            [
                0.027573689818382263,
                8.410179138183594
            ],
            [
                0.06593791395425797,
                12.367500305175781
            ],
            [
                1.1012526750564575,
                16.037141799926758
            ],
            [
                1.0409280061721802,
                19.633678436279297
            ],
            [
                0.794387936592102,
                23.113567352294922
            ]
        ],
        [
            [
                -0.17046014964580536,
                4.056523323059082
            ],
            [
                -0.10698873549699783,
                8.140439987182617
            ],
            [
                -0.1025281697511673,
                11.946443557739258
            ],
            [
                0.936077892780304,
                15.445488929748535
            ],
            [
                0.8706251978874207,
                18.87873649597168
            ],
            [
                0.6022486686706543,
                22.232275009155273
            ]
        ],
        [
            [
                -0.08832842856645584,
                4.1897053718566895
            ],
            [
                0.04243011027574539,
                8.440900802612305
            ],
            [
                0.07194054871797562,
                12.419411659240723
            ],
            [
                1.1120777130126953,
                16.105470657348633
            ],
            [
                1.015494704246521,
                19.69459342956543
            ],
            [
                0.7415391206741333,
                23.137331008911133
            ]
        ],
        [
            [
                -0.15721596777439117,
                4.227447986602783
            ],
            [
                0.045566096901893616,
                8.585346221923828
            ],
            [
                0.22836771607398987,
                12.684328079223633
            ],
            [
                1.6094475984573364,
                16.48818016052246
            ],
            [
                1.7539852857589722,
                20.249794006347656
            ],
            [
                1.6285603046417236,
                23.952285766601562
            ]
        ]
    ],
    "tl_trigger": 5.497874440152373e-07,
    "tl_status": 0
}