{
    "speed": 4.453926900530157,
    "steer": -0.004099229350686073,
    "throttle": 0.05572497099637985,
    "brake": 0.0,
    "wp_6": [
        -0.20788827538490295,
        14.133443832397461
    ],
    "wp_5": [
        -0.13130423426628113,
        13.550246238708496
    ],
    "wp_4": [
        -0.06306887418031693,
        12.06176471710205
    ],
    "wp_3": [
        -0.057367101311683655,
        9.3544340133667
    ],
    "wp_2": [
        -0.002081116661429405,
        6.2330641746521
    ],
    "wp_1": [
        0.012808628380298615,
        3.0634350776672363
    ],
    "aim": [
        0.012808628380298615,
        3.0634350776672363
    ],
    "target": [
        -0.8517278573398914,
        26.357524271928735
    ],
    "desired_speed": 4.43084373474121,
    "angle": 0.0026617727830095554,
    "angle_last": -0.0831236576995627,
    "angle_target": -0.02056483652776166,
    "angle_final": 0.0026617727830095554,
    "delta": 0.0,
    "log_entries": [
        "norm1:4.65",
        "norm2:7.79",
        "norm3:10.71",
        "norm4:12.81",
        "norm5:13.84",
        " ",
        " ",
        " ",
        " ",
        " ",
        " ",
        " ",
        " ",
        " ",
        " ",
        " ",
        " ",
        " ",
        " ",
        " ",
        " ",
        " ",
        " ",
        " ",
        " ",
        " "
    ],
    "agent": "only_traj",
    "steer_traj": -0.004099229575148639,
    "throttle_traj": 0.0557249725428028,
    "brake_traj": 0.0,
    "plan": [
        [
            0.012808628380298615,
            3.0634350776672363
        ],
        [
            -0.002081116661429405,
            6.2330641746521
        ],
        [
            -0.057367101311683655,
            9.3544340133667
        ],
        [
            -0.06306887418031693,
            12.06176471710205
        ],
        [
            -0.13130423426628113,
            13.550246238708496
        ],
        [
            -0.20788827538490295,
            14.133443832397461
        ]
    ],
    "command": 3,
    "redefined_command": 3,
    "cmd_softmax_output": [
        0.9998836517333984,
        0.00011279353930149227,
        3.6210253711033147e-06
    ],
    "all_plan": [
        [
            [
                0.05272012948989868,
                2.8829174041748047
            ],
            [
                0.04379986971616745,
                5.829683303833008
            ],
            [
                -0.026283688843250275,
                8.74487018585205
            ],
            [
                -0.09953713417053223,
                11.550353050231934
            ],
            [
                -0.20288965106010437,
                13.519901275634766
            ],
            [
                -0.2820498049259186,
                14.68399429321289
            ]
        ],
        [
            [
                0.05457752197980881,
                2.859060764312744
            ],
            [
                0.045893460512161255,
                5.799994468688965
            ],
            [
                -0.01688406616449356,
                8.700936317443848
            ],
            [
                -0.09247937798500061,
                11.42438793182373
            ],
            [
                -0.19140154123306274,
                13.324780464172363
            ],
            [
                -0.26188960671424866,
                14.481863021850586
            ]
        ],
        [
            [
                0.026266425848007202,
                3.039781093597412
            ],
            [
                0.016076819971203804,
                6.227738380432129
            ],
            [
                -0.04887617379426956,
                9.470656394958496
            ],
            [
                -0.0578170083463192,
                12.471672058105469
            ],
            [
                -0.13581137359142303,
                14.27822208404541
            ],
            [
                -0.20220407843589783,
                15.043651580810547
            ]
        ],
        [
            [
                0.012808628380298615,
                3.0634350776672363
            ],
            [
                -0.002081116661429405,
                6.2330641746521
            ],
            [
                -0.057367101311683655,
                9.3544340133667
            ],
            [
                -0.06306887418031693,
                12.06176471710205
            ],
            [
                -0.13130423426628113,
                13.550246238708496
            ],
            [
                -0.20788827538490295,
                14.133443832397461
            ]
        ],
        [
            [
                -0.0033489614725112915,
                3.0001673698425293
            ],
            [
                -0.05174423009157181,
                6.1281585693359375
            ],
            [
                -0.14817118644714355,
                9.240039825439453
            ],
            [
                -0.20474673807621002,
                12.123597145080566
            ],
            [
                -0.3346902132034302,
                14.031314849853516
            ],
            [
                -0.4549330770969391,
                15.099279403686523
            ]
        ],
        [
            [
                0.11304046958684921,
                2.913257122039795
            ],
            [
                0.12723039090633392,
                5.889557838439941
            ],
            [
                0.07926572114229202,
                8.776576042175293
            ],
            [
                -0.0930633619427681,
                11.369824409484863
            ],
            [
                -0.2145071029663086,
                13.222803115844727
            ],
            [
                -0.29193395376205444,
                14.491138458251953
            ]
        ]
    ],
    "tl_trigger": 5.406375294114696e-07,
    "tl_status": 0
}