{
    "speed": 0.07637017530125842,
    "steer": -0.010838824324309826,
    "throttle": 0.75,
    "brake": 0.0,
    "wp_6": [
        -0.11765942722558975,
        6.0248308181762695
    ],
    "wp_5": [
        -0.06077897548675537,
        5.4577317237854
    ],
    "wp_4": [
        -0.08882758766412735,
        4.975396156311035
    ],
    "wp_3": [
        -0.004915992263704538,
        4.157112121582031
    ],
    "wp_2": [
        -0.007977519184350967,
        3.2437212467193604
    ],
    "wp_1": [
        -0.007227882742881775,
        1.8805184364318848
    ],
    "aim": [
        -0.08882758766412735,
        4.975396156311035
    ],
    "target": [
        0.309329998097299,
        13.416829673794998
    ],
    "desired_speed": 1.6609076738357544,
    "angle": -0.011364551914547076,
    "angle_last": -0.06364054309210133,
    "angle_target": 0.014674905841516825,
    "angle_final": -0.011364551914547076,
    "delta": 0.25,
    "agent": "only_traj",
    "steer_traj": -0.010838823981506141,
    "throttle_traj": 0.75,
    "brake_traj": 0.0,
    "plan": [
        [
            -0.007227882742881775,
            1.8805184364318848
        ],
        [
            -0.007977519184350967,
            3.2437212467193604
        ],
        [
            -0.004915992263704538,
            4.157112121582031
        ],
        [
            -0.08882758766412735,
            4.975396156311035
        ],
        [
            -0.06077897548675537,
            5.4577317237854
        ],
        [
            -0.11765942722558975,
            6.0248308181762695
        ]
    ],
    "command": 3,
    "all_plan": [
        [
            [
                0.00687175989151001,
                2.342524528503418
            ],
            [
                0.01013614796102047,
                4.199414253234863
            ],
            [
                0.02060842514038086,
                5.511963844299316
            ],
            [
                -0.04328778386116028,
                6.55134391784668
            ],
            [
                -0.010391168296337128,
                7.352625846862793
            ],
            [
                -0.03501392900943756,
                8.267248153686523
            ]
        ],
        [
            [
                -0.0005304663209244609,
                2.2622456550598145
            ],
            [
                0.0022033024579286575,
                4.146615505218506
            ],
            [
                0.020272146910429,
                5.544414520263672
            ],
            [
                -0.008645288646221161,
                6.66813325881958
            ],
            [
                0.04414887726306915,
                7.551477432250977
            ],
            [
                0.05231647938489914,
                8.530376434326172
            ]
        ],
        [
            [
                -0.005239609628915787,
                2.4182310104370117
            ],
            [
                -0.007714496925473213,
                4.256690979003906
            ],
            [
                -0.006946899462491274,
                5.445315837860107
            ],
            [
                -0.07179192453622818,
                6.358397483825684
            ],
            [
                -0.041729748249053955,
                6.990553379058838
            ],
            [
                -0.0879686251282692,
                7.715022563934326
            ]
        ],
        [
            [
                -0.007227882742881775,
                1.8805184364318848
            ],
            [
                -0.007977519184350967,
                3.2437212467193604
            ],
            [
                -0.004915992263704538,
                4.157112121582031
            ],
            [
                -0.08882758766412735,
                4.975396156311035
            ],
            [
                -0.06077897548675537,
                5.4577317237854
            ],
            [
                -0.11765942722558975,
                6.0248308181762695
            ]
        ],
        [
            [
                -0.04030792415142059,
                2.5379624366760254
            ],
            [
                -0.06128252297639847,
                4.60952091217041
            ],
            [
                -0.05726970359683037,
                6.02185583114624
            ],
            [
                -0.049513526260852814,
                7.0529093742370605
            ],
            [
                -0.006549760699272156,
                7.8020501136779785
            ],
            [
                -0.028541376814246178,
                8.634145736694336
            ]
        ],
        [
            [
                0.01201225072145462,
                2.306333541870117
            ],
            [
                0.018377723172307014,
                4.327836036682129
            ],
            [
                0.04219735413789749,
                5.915656089782715
            ],
            [
                0.016969088464975357,
                7.189410209655762
            ],
            [
                0.07259272038936615,
                8.15121841430664
            ],
            [
                0.09983258694410324,
                9.131547927856445
            ]
        ]
    ],
    "tl_trigger": 0.9999899864196777,
    "tl_status": 0
}