{
    "speed": -1.631957479104899e-05,
    "steer": -0.013120735064148903,
    "throttle": 0.0,
    "brake": 1.0,
    "wp_6": [
        -0.03240717202425003,
        0.8951339721679688
    ],
    "wp_5": [
        -0.01867573708295822,
        0.609242856502533
    ],
    "wp_4": [
        -0.013652131892740726,
        0.5082907676696777
    ],
    "wp_3": [
        -0.007741269189864397,
        0.3143920302391052
    ],
    "wp_2": [
        -0.010262837633490562,
        0.22120240330696106
    ],
    "wp_1": [
        -0.006607364863157272,
        0.18044745922088623
    ],
    "aim": [
        -0.013652131892740726,
        0.5082907676696777
    ],
    "target": [
        -0.1923268977525293,
        12.454566410004993
    ],
    "desired_speed": 0.28617152273654933,
    "angle": -0.017094777064224662,
    "angle_last": -0.03055351304175323,
    "angle_target": -0.009830079248811121,
    "angle_final": -0.009830079248811121,
    "delta": 0.25,
    "agent": "only_traj",
    "steer_traj": -0.013120735496625355,
    "throttle_traj": 0.0,
    "brake_traj": 1.0,
    "plan": [
        [
            -0.006607364863157272,
            0.18044745922088623
        ],
        [
            -0.010262837633490562,
            0.22120240330696106
        ],
        [
            -0.007741269189864397,
            0.3143920302391052
        ],
        [
            -0.013652131892740726,
            0.5082907676696777
        ],
        [
            -0.01867573708295822,
            0.609242856502533
        ],
        [
            -0.03240717202425003,
            0.8951339721679688
        ]
    ],
    "command": 3,
    "all_plan": [
        [
            [
                0.025943130254745483,
                0.4993840456008911
            ],
            [
                0.03431741148233414,
                0.822663426399231
            ],
            [
                0.0457996129989624,
                1.0793064832687378
            ],
            [
                -0.009061578661203384,
                1.3108913898468018
            ],
            [
                0.008189909160137177,
                1.5311342477798462
            ],
            [
                0.010874167084693909,
                1.8635942935943604
            ]
        ],
        [
            [
                0.026108402758836746,
                0.45721274614334106
            ],
            [
                0.033848412334918976,
                0.7911261320114136
            ],
            [
                0.044955916702747345,
                1.0495294332504272
            ],
            [
                -0.008093547075986862,
                1.26576828956604
            ],
            [
                0.01677093282341957,
                1.4780086278915405
            ],
            [
                0.02235923893749714,
                1.8075294494628906
            ]
        ],
        [
            [
                -0.00523027591407299,
                0.34121930599212646
            ],
            [
                -0.001829652115702629,
                0.6025515794754028
            ],
            [
                0.005959531757980585,
                0.8344563245773315
            ],
            [
                -0.008067993447184563,
                1.127713918685913
            ],
            [
                0.027013758197426796,
                1.326399803161621
            ],
            [
                0.03773470222949982,
                1.6812739372253418
            ]
        ],
        [
            [
                -0.006607364863157272,
                0.18044745922088623
            ],
            [
                -0.010262837633490562,
                0.22120240330696106
            ],
            [
                -0.007741269189864397,
                0.3143920302391052
            ],
            [
                -0.013652131892740726,
                0.5082907676696777
            ],
            [
                -0.01867573708295822,
                0.609242856502533
            ],
            [
                -0.03240717202425003,
                0.8951339721679688
            ]
        ],
        [
            [
                -0.00021518010180443525,
                0.4793636202812195
            ],
            [
                0.00913131795823574,
                0.9155510663986206
            ],
            [
                0.023438356816768646,
                1.2814946174621582
            ],
            [
                -0.00547444075345993,
                1.6833431720733643
            ],
            [
                0.055823661386966705,
                1.9883253574371338
            ],
            [
                0.08012790232896805,
                2.4460489749908447
            ]
        ],
        [
            [
                0.04515297710895538,
                0.5168675780296326
            ],
            [
                0.05538565665483475,
                0.9550243020057678
            ],
            [
                0.06754764914512634,
                1.4159270524978638
            ],
            [
                -0.02972087264060974,
                1.8115620613098145
            ],
            [
                -0.014682674780488014,
                2.275341033935547
            ],
            [
                -0.02063871920108795,
                2.854708671569824
            ]
        ]
    ],
    "tl_trigger": 0.9999984502792358,
    "tl_status": 0
}