{
    "speed": 6.218862923026652e-06,
    "steer": -0.028115807101130486,
    "throttle": 0.0,
    "brake": 1.0,
    "wp_6": [
        -0.02792828530073166,
        0.7714420557022095
    ],
    "wp_5": [
        -0.01609567180275917,
        0.5247583389282227
    ],
    "wp_4": [
        -0.011765198782086372,
        0.43787240982055664
    ],
    "wp_3": [
        -0.006596392020583153,
        0.27159133553504944
    ],
    "wp_2": [
        -0.008822349831461906,
        0.19183170795440674
    ],
    "wp_1": [
        -0.005414919462054968,
        0.1562146693468094
    ],
    "aim": [
        -0.011765198782086372,
        0.43787240982055664
    ],
    "target": [
        -0.28000139100436067,
        10.891116542571128
    ],
    "desired_speed": 0.24635714441537854,
    "angle": -0.017101227798440782,
    "angle_last": -0.030513139034659378,
    "angle_target": -0.016363351142665784,
    "angle_final": -0.016363351142665784,
    "delta": 0.24635092555245552,
    "agent": "only_traj",
    "steer_traj": -0.028115806835033813,
    "throttle_traj": 0.0,
    "brake_traj": 1.0,
    "plan": [
        [
            -0.005414919462054968,
            0.1562146693468094
        ],
        [
            -0.008822349831461906,
            0.19183170795440674
        ],
        [
            -0.006596392020583153,
            0.27159133553504944
        ],
        [
            -0.011765198782086372,
            0.43787240982055664
        ],
        [
            -0.01609567180275917,
            0.5247583389282227
        ],
        [
            -0.02792828530073166,
            0.7714420557022095
        ]
    ],
    "command": 3,
    "all_plan": [
        [
            [
                0.01839662715792656,
                0.26696881651878357
            ],
            [
                0.014852134510874748,
                0.3408931791782379
            ],
            [
                0.013677660375833511,
                0.3736962080001831
            ],
            [
                -0.009156297892332077,
                0.3517972528934479
            ],
            [
                -0.022763125598430634,
                0.3814758360385895
            ],
            [
                -0.034610047936439514,
                0.5048062205314636
            ]
        ],
        [
            [
                0.018424982205033302,
                0.26690202951431274
            ],
            [
                0.014609212055802345,
                0.3404858708381653
            ],
            [
                0.013152837753295898,
                0.37009501457214355
            ],
            [
                -0.00879836268723011,
                0.3381608724594116
            ],
            [
                -0.02215803787112236,
                0.3653905391693115
            ],
            [
                -0.03361403942108154,
                0.48206546902656555
            ]
        ],
        [
            [
                -0.003911431413143873,
                0.16101521253585815
            ],
            [
                -0.008722572587430477,
                0.19677431881427765
            ],
            [
                -0.00815613754093647,
                0.2568744421005249
            ],
            [
                -0.009693041443824768,
                0.3597186207771301
            ],
            [
                -0.013225951232016087,
                0.4302169978618622
            ],
            [
                -0.022959314286708832,
                0.6340925693511963
            ]
        ],
        [
            [
                -0.005414919462054968,
                0.1562146693468094
            ],
            [
                -0.008822349831461906,
                0.19183170795440674
            ],
            [
                -0.006596392020583153,
                0.27159133553504944
            ],
            [
                -0.011765198782086372,
                0.43787240982055664
            ],
            [
                -0.01609567180275917,
                0.5247583389282227
            ],
            [
                -0.02792828530073166,
                0.7714420557022095
            ]
        ],
        [
            [
                0.0027451077476143837,
                0.2680157423019409
            ],
            [
                0.001238180324435234,
                0.39837056398391724
            ],
            [
                0.003913912922143936,
                0.5148665904998779
            ],
            [
                -0.00955548882484436,
                0.653205156326294
            ],
            [
                -0.002989872358739376,
                0.7601514458656311
            ],
            [
                -0.006791297812014818,
                1.0034327507019043
            ]
        ],
        [
            [
                0.030374087393283844,
                0.2853720486164093
            ],
            [
                0.02884533442556858,
                0.37191933393478394
            ],
            [
                0.027595914900302887,
                0.38705042004585266
            ],
            [
                -0.007863927632570267,
                0.31040191650390625
            ],
            [
                -0.026307297870516777,
                0.31219354271888733
            ],
            [
                -0.03822935372591019,
                0.37278541922569275
            ]
        ]
    ],
    "tl_trigger": 0.9999983310699463,
    "tl_status": 0
}