{
    "speed": 10.932292396453246,
    "steer": 0.002320583676919341,
    "throttle": 0.05900825560092926,
    "brake": 0.0,
    "wp_6": [
        -0.19304081797599792,
        32.32616424560547
    ],
    "wp_5": [
        -0.15770620107650757,
        27.14440155029297
    ],
    "wp_4": [
        -0.11560975015163422,
        21.86280059814453
    ],
    "wp_3": [
        -0.1358477771282196,
        16.59627914428711
    ],
    "wp_2": [
        -0.1010969877243042,
        11.199399948120117
    ],
    "wp_1": [
        -0.05011329799890518,
        5.65999174118042
    ],
    "aim": [
        -0.11560975015163422,
        21.86280059814453
    ],
    "target": [
        0.24112733320993218,
        20.64453963575875
    ],
    "desired_speed": 10.666738510131836,
    "angle": -0.003366400396462143,
    "angle_last": -0.004341068391022962,
    "angle_target": 0.007435353402838325,
    "angle_final": -0.003366400396462143,
    "delta": 0.0,
    "agent": "only_traj",
    "steer_traj": 0.0023205835698498494,
    "throttle_traj": 0.05900825408454622,
    "brake_traj": 0.0,
    "plan": [
        [
            -0.05011329799890518,
            5.65999174118042
        ],
        [
            -0.1010969877243042,
            11.199399948120117
        ],
        [
            -0.1358477771282196,
            16.59627914428711
        ],
        [
            -0.11560975015163422,
            21.86280059814453
        ],
        [
            -0.15770620107650757,
            27.14440155029297
        ],
        [
            -0.19304081797599792,
            32.32616424560547
        ]
    ],
    "command": 3,
    "all_plan": [
        [
            [
                0.029548995196819305,
                5.459325313568115
            ],
            [
                0.014014946296811104,
                10.791984558105469
            ],
            [
                -0.01291506364941597,
                16.010839462280273
            ],
            [
                -0.12123329937458038,
                21.120765686035156
            ],
            [
                -0.2029077112674713,
                26.317644119262695
            ],
            [
                -0.26217955350875854,
                31.44631576538086
            ]
        ],
        [
            [
                0.058238498866558075,
                5.457081317901611
            ],
            [
                0.09399379789829254,
                10.82442855834961
            ],
            [
                0.13678771257400513,
                16.084178924560547
            ],
            [
                0.11547060310840607,
                21.272226333618164
            ],
            [
                0.1290416568517685,
                26.532508850097656
            ],
            [
                0.16048508882522583,
                31.696273803710938
            ]
        ],
        [
            [
                -0.00867123156785965,
                5.725146770477295
            ],
            [
                -0.022695673629641533,
                11.369222640991211
            ],
            [
                -0.02826351299881935,
                16.908672332763672
            ],
            [
                -0.044323764741420746,
                22.363292694091797
            ],
            [
                -0.07935504615306854,
                27.867860794067383
            ],
            [
                -0.09277918189764023,
                33.27130126953125
            ]
        ],
        [
            [
                -0.05011329799890518,
                5.65999174118042
            ],
            [
                -0.1010969877243042,
                11.199399948120117
            ],
            [
                -0.1358477771282196,
                16.59627914428711
            ],
            [
                -0.11560975015163422,
                21.86280059814453
            ],
            [
                -0.15770620107650757,
                27.14440155029297
            ],
            [
                -0.19304081797599792,
                32.32616424560547
            ]
        ],
        [
            [
                -0.02041236311197281,
                5.7798991203308105
            ],
            [
                -0.0596776157617569,
                11.458545684814453
            ],
            [
                -0.10461264103651047,
                17.048044204711914
            ],
            [
                -0.2578892111778259,
                22.51006317138672
            ],
            [
                -0.38450267910957336,
                28.076377868652344
            ],
            [
                -0.4662213921546936,
                33.58067321777344
            ]
        ],
        [
            [
                0.07402866333723068,
                5.124269962310791
            ],
            [
                0.12224119901657104,
                10.152202606201172
            ],
            [
                0.1794469952583313,
                15.06360149383545
            ],
            [
                0.18903760612010956,
                19.913488388061523
            ],
            [
                0.23759105801582336,
                24.830167770385742
            ],
            [
                0.2835524082183838,
                29.65989112854004
            ]
        ]
    ],
    "tl_trigger": 4.2777986664077616e-07,
    "tl_status": 0
}