{
    "speed": 2.1761175913760185,
    "steer": -0.0005429934244602919,
    "throttle": 0.75,
    "brake": 0.0,
    "wp_6": [
        0.02491982840001583,
        7.21475887298584
    ],
    "wp_5": [
        0.02084987983107567,
        6.152619361877441
    ],
    "wp_4": [
        -0.025889020413160324,
        5.020009517669678
    ],
    "wp_3": [
        0.0014477218501269817,
        3.7526049613952637
    ],
    "wp_2": [
        0.003500359132885933,
        2.5774569511413574
    ],
    "wp_1": [
        -0.006825163960456848,
        1.3039617538452148
    ],
    "aim": [
        0.0014477218501269817,
        3.7526049613952637
    ],
    "target": [
        -0.4214622251678206,
        9.828878905871317
    ],
    "desired_speed": 2.3648428916931152,
    "angle": 0.00024563130961293344,
    "angle_last": 0.0024394121800302513,
    "angle_target": -0.027281536607965437,
    "angle_final": 0.00024563130961293344,
    "delta": 0.18872530031709678,
    "log_entries": [
        "norm1:1.94",
        "norm2:3.17",
        "norm3:4.39",
        "norm4:5.59",
        "norm5:6.68",
        " ",
        " ",
        " ",
        " ",
        " "
    ],
    "agent": "only_traj",
    "steer_traj": -0.000542993399812181,
    "throttle_traj": 0.75,
    "brake_traj": 0.0,
    "plan": [
        [
            -0.006825163960456848,
            1.3039617538452148
        ],
        [
            0.003500359132885933,
            2.5774569511413574
        ],
        [
            0.0014477218501269817,
            3.7526049613952637
        ],
        [
            -0.025889020413160324,
            5.020009517669678
        ],
        [
            0.02084987983107567,
            6.152619361877441
        ],
        [
            0.02491982840001583,
            7.21475887298584
        ]
    ],
    "command": 3,
    "redefined_command": 3,
    "cmd_softmax_output": [
        0.9998390674591064,
        0.0001569443120388314,
        3.899890998582123e-06
    ],
    "all_plan": [
        [
            [
                0.053172767162323,
                1.4767929315567017
            ],
            [
                0.07723148912191391,
                3.0022759437561035
            ],
            [
                0.08101482689380646,
                4.614380836486816
            ],
            [
                -0.028221793472766876,
                6.392363548278809
            ],
            [
                -0.03701223433017731,
                8.097084045410156
            ],
            [
                -0.06613696366548538,
                9.67013931274414
            ]
        ],
        [
            [
                0.07705093175172806,
                1.5686758756637573
            ],
            [
                0.12265828251838684,
                3.1621294021606445
            ],
            [
                0.13612067699432373,
                4.752408981323242
            ],
            [
                0.06252124160528183,
                6.512371063232422
            ],
            [
                0.09357742965221405,
                8.147297859191895
            ],
            [
                0.15694734454154968,
                9.553118705749512
            ]
        ],
        [
            [
                0.042880766093730927,
                1.6314417123794556
            ],
            [
                0.07021229714155197,
                3.3585562705993652
            ],
            [
                0.04714897274971008,
                5.262728214263916
            ],
            [
                0.0035133324563503265,
                7.442548751831055
            ],
            [
                0.0006954988930374384,
                9.339701652526855
            ],
            [
                0.00608077272772789,
                10.798874855041504
            ]
        ],
        [
            [
                -0.006825163960456848,
                1.3039617538452148
            ],
            [
                0.003500359132885933,
                2.5774569511413574
            ],
            [
                0.0014477218501269817,
                3.7526049613952637
            ],
            [
                -0.025889020413160324,
                5.020009517669678
            ],
            [
                0.02084987983107567,
                6.152619361877441
            ],
            [
                0.02491982840001583,
                7.21475887298584
            ]
        ],
        [
            [
                0.056627485901117325,
                1.7593945264816284
            ],
            [
                0.06969709694385529,
                3.5627894401550293
            ],
            [
                0.03198845311999321,
                5.42481803894043
            ],
            [
                -0.06762169301509857,
                7.471846580505371
            ],
            [
                -0.12159685045480728,
                9.28576946258545
            ],
            [
                -0.1685192584991455,
                10.732327461242676
            ]
        ],
        [
            [
                0.09398912638425827,
                1.925273060798645
            ],
            [
                0.13270218670368195,
                3.8338427543640137
            ],
            [
                0.11631248146295547,
                5.734397888183594
            ],
            [
                0.01785556972026825,
                7.779003143310547
            ],
            [
                -0.0016642604023218155,
                9.559440612792969
            ],
            [
                0.020566821098327637,
                10.946033477783203
            ]
        ]
    ],
    "tl_trigger": 1.0905456520049484e-06,
    "tl_status": 0
}