{
    "speed": -0.0001708956252251127,
    "steer": 0.03360295295715332,
    "throttle": 0.0,
    "brake": 1.0,
    "wp_6": [
        -0.0001644763397052884,
        0.004730492830276489
    ],
    "wp_5": [
        -0.00010426214430481195,
        0.0012696385383605957
    ],
    "wp_4": [
        -6.280175875872374e-05,
        0.0013697557151317596
    ],
    "wp_3": [
        0.0012513656402006745,
        -0.002416890114545822
    ],
    "wp_2": [
        0.0005045329453423619,
        -0.00018930435180664062
    ],
    "wp_1": [
        0.0019289256306365132,
        -0.0024071931838989258
    ],
    "aim": [
        -6.280175875872374e-05,
        0.0013697557151317596
    ],
    "target": [
        0.9327072398799272,
        6.866133458274831
    ],
    "desired_speed": 0.005025314263184555,
    "angle": -0.0291678194411392,
    "angle_last": -0.011075179566710867,
    "angle_target": 0.08595339038550673,
    "angle_final": -0.0291678194411392,
    "delta": 0.005196209888409668,
    "log_entries": [
        "norm1:0.00",
        "norm2:0.00",
        "norm3:0.00",
        "norm4:0.00",
        "norm5:0.00",
        " ",
        " ",
        " ",
        " ",
        " ",
        " ",
        " ",
        " ",
        " ",
        " ",
        " ",
        " ",
        " ",
        " ",
        " ",
        " ",
        " ",
        " ",
        " ",
        " ",
        " "
    ],
    "agent": "only_traj",
    "steer_traj": 0.03360295476973208,
    "throttle_traj": 0.0,
    "brake_traj": 1.0,
    "plan": [
        [
            0.0019289256306365132,
            -0.0024071931838989258
        ],
        [
            0.0005045329453423619,
            -0.00018930435180664062
        ],
        [
            0.0012513656402006745,
            -0.002416890114545822
        ],
        [
            -6.280175875872374e-05,
            0.0013697557151317596
        ],
        [
            -0.00010426214430481195,
            0.0012696385383605957
        ],
        [
            -0.0001644763397052884,
            0.004730492830276489
        ]
    ],
    "command": 1,
    "redefined_command": 1,
    "cmd_softmax_output": [
        0.9993799924850464,
        3.576396920834668e-05,
        0.0005842847749590874
    ],
    "all_plan": [
        [
            [
                0.0019239467801526189,
                -0.0020794272422790527
            ],
            [
                0.00048751768190413713,
                0.00020234286785125732
            ],
            [
                0.0012273375177755952,
                -0.001986641436815262
            ],
            [
                -7.264770101755857e-05,
                0.00173192098736763
            ],
            [
                -0.00011749158147722483,
                0.0016991719603538513
            ],
            [
                -0.00018752377945929766,
                0.005366198718547821
            ]
        ],
        [
            [
                0.0019289256306365132,
                -0.0024071931838989258
            ],
            [
                0.0005045329453423619,
                -0.00018930435180664062
            ],
            [
                0.0012513656402006745,
                -0.002416890114545822
            ],
            [
                -6.280175875872374e-05,
                0.0013697557151317596
            ],
            [
                -0.00010426214430481195,
                0.0012696385383605957
            ],
            [
                -0.0001644763397052884,
                0.004730492830276489
            ]
        ],
        [
            [
                0.001762963947840035,
                0.008518338203430176
            ],
            [
                -6.264250259846449e-05,
                0.012865602970123291
            ],
            [
                0.000450428226031363,
                0.011924732476472855
            ],
            [
                -0.00039099983405321836,
                0.013441931456327438
            ],
            [
                -0.000545243383385241,
                0.015587419271469116
            ],
            [
                -0.0009327243315055966,
                0.02592068910598755
            ]
        ],
        [
            [
                0.0016501100035384297,
                0.015947699546813965
            ],
            [
                -0.00044832180719822645,
                0.021742939949035645
            ],
            [
                -9.420921560376883e-05,
                0.021677035838365555
            ],
            [
                -0.0006141745252534747,
                0.0216510109603405
            ],
            [
                -0.0008451106259599328,
                0.02532351016998291
            ],
            [
                -0.0014551329659298062,
                0.04033002257347107
            ]
        ],
        [
            [
                0.0018940736772492528,
                -0.00011283159255981445
            ],
            [
                0.0003854261012747884,
                0.002552226185798645
            ],
            [
                0.0010831687832251191,
                0.0005948506295681
            ],
            [
                -0.0001317233545705676,
                0.003904912620782852
            ],
            [
                -0.00019686820451170206,
                0.004276372492313385
            ],
            [
                -0.00032580841798335314,
                0.009180434048175812
            ]
        ],
        [
            [
                0.0018957332940772176,
                -0.00022208690643310547
            ],
            [
                0.00039109785575419664,
                0.0024216771125793457
            ],
            [
                0.0010911781573668122,
                0.0004514344036579132
            ],
            [
                -0.00012844137381762266,
                0.0037841908633708954
            ],
            [
                -0.00019245839212089777,
                0.0041331946849823
            ],
            [
                -0.00031812593806535006,
                0.008968532085418701
            ]
        ]
    ],
    "tl_trigger": 3.8372499489014444e-07,
    "tl_status": 0
}