{
    "speed": 4.526617879414205,
    "steer": -0.012315182015299797,
    "throttle": 0.75,
    "brake": 0.0,
    "wp_6": [
        -0.3429407775402069,
        16.29580307006836
    ],
    "wp_5": [
        -0.2420443296432495,
        13.605592727661133
    ],
    "wp_4": [
        -0.1372278332710266,
        10.657776832580566
    ],
    "wp_3": [
        -0.04272810369729996,
        7.557265281677246
    ],
    "wp_2": [
        0.015372084453701973,
        4.697864532470703
    ],
    "wp_1": [
        0.033819764852523804,
        2.129624843597412
    ],
    "aim": [
        -0.1372278332710266,
        10.657776832580566
    ],
    "target": [
        -5.801274963959665,
        48.628346977970956
    ],
    "desired_speed": 5.668811511993408,
    "angle": -0.008196558395513606,
    "angle_last": -0.02386524002449519,
    "angle_target": -0.07559035078303701,
    "angle_final": -0.008196558395513606,
    "delta": 0.25,
    "agent": "only_traj",
    "steer_traj": -0.01231518235515152,
    "throttle_traj": 0.75,
    "brake_traj": 0.0,
    "plan": [
        [
            0.033819764852523804,
            2.129624843597412
        ],
        [
            0.015372084453701973,
            4.697864532470703
        ],
        [
            -0.04272810369729996,
            7.557265281677246
        ],
        [
            -0.1372278332710266,
            10.657776832580566
        ],
        [
            -0.2420443296432495,
            13.605592727661133
        ],
        [
            -0.3429407775402069,
            16.29580307006836
        ]
    ],
    "command": 3,
    "all_plan": [
        [
            [
                0.08867102116346359,
                2.274946689605713
            ],
            [
                0.07641429454088211,
                4.890029430389404
            ],
            [
                0.014875903725624084,
                7.700908660888672
            ],
            [
                -0.18315570056438446,
                10.618019104003906
            ],
            [
                -0.3351438641548157,
                13.472918510437012
            ],
            [
                -0.4649581015110016,
                16.17731475830078
            ]
        ],
        [
            [
                0.09089566022157669,
                2.2376837730407715
            ],
            [
                0.06957631558179855,
                4.839543342590332
            ],
            [
                0.0013913735747337341,
                7.678265571594238
            ],
            [
                -0.2346096932888031,
                10.593817710876465
            ],
            [
                -0.4159095287322998,
                13.48001480102539
            ],
            [
                -0.5714361667633057,
                16.24563217163086
            ]
        ],
        [
            [
                0.07639364898204803,
                2.3003926277160645
            ],
            [
                0.0534050390124321,
                5.091248989105225
            ],
            [
                -0.009770423173904419,
                8.222541809082031
            ],
            [
                -0.2415143847465515,
                11.501752853393555
            ],
            [
                -0.4188646078109741,
                14.778058052062988
            ],
            [
                -0.5755735039710999,
                17.940013885498047
            ]
        ],
        [
            [
                0.033819764852523804,
                2.129624843597412
            ],
            [
                0.015372084453701973,
                4.697864532470703
            ],
            [
                -0.04272810369729996,
                7.557265281677246
            ],
            [
                -0.1372278332710266,
                10.657776832580566
            ],
            [
                -0.2420443296432495,
                13.605592727661133
            ],
            [
                -0.3429407775402069,
                16.29580307006836
            ]
        ],
        [
            [
                0.0931001827120781,
                2.36576509475708
            ],
            [
                0.05978437513113022,
                5.143489360809326
            ],
            [
                -0.021270640194416046,
                8.21555233001709
            ],
            [
                -0.3432501554489136,
                11.361165046691895
            ],
            [
                -0.5778722763061523,
                14.529170036315918
            ],
            [
                -0.7757493853569031,
                17.59540367126465
            ]
        ],
        [
            [
                0.08602931350469589,
                2.253209114074707
            ],
            [
                0.06118612736463547,
                4.855746746063232
            ],
            [
                -0.00592397153377533,
                7.671611785888672
            ],
            [
                -0.2321183830499649,
                10.532035827636719
            ],
            [
                -0.4117823839187622,
                13.356414794921875
            ],
            [
                -0.5643802881240845,
                16.05594253540039
            ]
        ]
    ],
    "tl_trigger": 5.064299557488994e-07,
    "tl_status": 0
}