{
    "speed": 8.57313313209584,
    "steer": -0.020558848977088928,
    "throttle": 0.060248780995607376,
    "brake": 0.0,
    "wp_6": [
        -0.9249393343925476,
        23.84558868408203
    ],
    "wp_5": [
        -0.68666672706604,
        19.8255558013916
    ],
    "wp_4": [
        -0.4300885796546936,
        15.780027389526367
    ],
    "wp_3": [
        -0.0220959335565567,
        11.835657119750977
    ],
    "wp_2": [
        0.06859774142503738,
        7.81534481048584
    ],
    "wp_1": [
        0.10622408241033554,
        3.875835418701172
    ],
    "aim": [
        -0.4300885796546936,
        15.780027389526367
    ],
    "target": [
        0.7526132612409224,
        21.227666820921364
    ],
    "desired_speed": 8.002873516082763,
    "angle": -0.017346886935588907,
    "angle_last": -0.03768916344964711,
    "angle_target": 0.02256149400296341,
    "angle_final": -0.017346886935588907,
    "delta": 0.0,
    "agent": "only_traj",
    "steer_traj": -0.020558849616175632,
    "throttle_traj": 0.060248782696373945,
    "brake_traj": 0.0,
    "plan": [
        [
            0.10622408241033554,
            3.875835418701172
        ],
        [
            0.06859774142503738,
            7.81534481048584
        ],
        [
            -0.0220959335565567,
            11.835657119750977
        ],
        [
            -0.4300885796546936,
            15.780027389526367
        ],
        [
            -0.68666672706604,
            19.8255558013916
        ],
        [
            -0.9249393343925476,
            23.84558868408203
        ]
    ],
    "command": 3,
    "all_plan": [
        [
            [
                0.16327714920043945,
                3.8404412269592285
            ],
            [
                0.10709124058485031,
                7.747563362121582
            ],
            [
                -0.043403543531894684,
                11.755701065063477
            ],
            [
                -0.6889693737030029,
                15.601184844970703
            ],
            [
                -1.1543530225753784,
                19.527647018432617
            ],
            [
                -1.5701545476913452,
                23.412025451660156
            ]
        ],
        [
            [
                0.18291863799095154,
                3.839797019958496
            ],
            [
                0.1840697079896927,
                7.778088569641113
            ],
            [
                0.11127536743879318,
                11.833410263061523
            ],
            [
                -0.3994251489639282,
                15.79129409790039
            ],
            [
                -0.7120997905731201,
                19.85367202758789
            ],
            [
                -0.9693124890327454,
                23.874513626098633
            ]
        ],
        [
            [
                0.119944266974926,
                3.911985397338867
            ],
            [
                0.09497259557247162,
                7.930603981018066
            ],
            [
                0.01931048184633255,
                12.066285133361816
            ],
            [
                -0.3676415681838989,
                16.155969619750977
            ],
            [
                -0.5950373411178589,
                20.35930061340332
            ],
            [
                -0.803261399269104,
                24.547346115112305
            ]
        ],
        [
            [
                0.10622408241033554,
                3.875835418701172
            ],
            [
                0.06859774142503738,
                7.81534481048584
            ],
            [
                -0.0220959335565567,
                11.835657119750977
            ],
            [
                -0.4300885796546936,
                15.780027389526367
            ],
            [
                -0.68666672706604,
                19.8255558013916
            ],
            [
                -0.9249393343925476,
                23.84558868408203
            ]
        ],
        [
            [
                0.12434796243906021,
                3.8846449851989746
            ],
            [
                0.08331673592329025,
                7.885395526885986
            ],
            [
                -0.025505080819129944,
                12.023736000061035
            ],
            [
                -0.5402728915214539,
                16.07147789001465
            ],
            [
                -0.8836076259613037,
                20.225482940673828
            ],
            [
                -1.188486099243164,
                24.35512924194336
            ]
        ],
        [
            [
                0.21527495980262756,
                3.876008987426758
            ],
            [
                0.22083444893360138,
                7.832942962646484
            ],
            [
                0.14126983284950256,
                11.892961502075195
            ],
            [
                -0.38981154561042786,
                15.859716415405273
            ],
            [
                -0.7096048593521118,
                19.927936553955078
            ],
            [
                -0.962983250617981,
                23.942142486572266
            ]
        ]
    ],
    "tl_trigger": 4.633738797110709e-07,
    "tl_status": 0
}