{
    "speed": 8.36896247803304,
    "steer": 0.006564429961144924,
    "throttle": 0.06555921584367752,
    "brake": 0.0,
    "wp_6": [
        -0.8565747737884521,
        23.667613983154297
    ],
    "wp_5": [
        -0.6361345052719116,
        19.690834045410156
    ],
    "wp_4": [
        -0.4007846713066101,
        15.700955390930176
    ],
    "wp_3": [
        -0.030052438378334045,
        11.836082458496094
    ],
    "wp_2": [
        0.06502386182546616,
        7.889708518981934
    ],
    "wp_1": [
        0.10392967611551285,
        3.9581613540649414
    ],
    "aim": [
        -0.4007846713066101,
        15.700955390930176
    ],
    "target": [
        0.19513145716185765,
        11.498393165479364
    ],
    "desired_speed": 7.896628189086914,
    "angle": -0.016246922915253745,
    "angle_last": -0.03525291086369434,
    "angle_target": 0.010802606841851699,
    "angle_final": 0.010802606841851699,
    "delta": 0.0,
    "agent": "only_traj",
    "steer_traj": 0.006564429745223506,
    "throttle_traj": 0.06555921226221918,
    "brake_traj": 0.0,
    "plan": [
        [
            0.10392967611551285,
            3.9581613540649414
        ],
        [
            0.06502386182546616,
            7.889708518981934
        ],
        [
            -0.030052438378334045,
            11.836082458496094
        ],
        [
            -0.4007846713066101,
            15.700955390930176
        ],
        [
            -0.6361345052719116,
            19.690834045410156
        ],
        [
            -0.8565747737884521,
            23.667613983154297
        ]
    ],
    "command": 3,
    "all_plan": [
        [
            [
                0.16901826858520508,
                3.8764219284057617
            ],
            [
                0.12365375459194183,
                7.7209062576293945
            ],
            [
                -0.0026738494634628296,
                11.583717346191406
            ],
            [
                -0.5026881098747253,
                15.328819274902344
            ],
            [
                -0.8252017498016357,
                19.17369842529297
            ],
            [
                -1.105073094367981,
                22.975574493408203
            ]
        ],
        [
            [
                0.16692271828651428,
                3.851747512817383
            ],
            [
                0.1684126853942871,
                7.732860565185547
            ],
            [
                0.10594447702169418,
                11.66417121887207
            ],
            [
                -0.28281864523887634,
                15.519224166870117
            ],
            [
                -0.5255686044692993,
                19.44770050048828
            ],
            [
                -0.7231420278549194,
                23.30377960205078
            ]
        ],
        [
            [
                0.11033188551664352,
                3.991048812866211
            ],
            [
                0.08456612378358841,
                8.016453742980957
            ],
            [
                0.005694106221199036,
                12.105627059936523
            ],
            [
                -0.338864266872406,
                16.148330688476562
            ],
            [
                -0.5517778396606445,
                20.321311950683594
            ],
            [
                -0.7505396604537964,
                24.48935317993164
            ]
        ],
        [
            [
                0.10392967611551285,
                3.9581613540649414
            ],
            [
                0.06502386182546616,
                7.889708518981934
            ],
            [
                -0.030052438378334045,
                11.836082458496094
            ],
            [
                -0.4007846713066101,
                15.700955390930176
            ],
            [
                -0.6361345052719116,
                19.690834045410156
            ],
            [
                -0.8565747737884521,
                23.667613983154297
            ]
        ],
        [
            [
                0.10926663130521774,
                3.957329273223877
            ],
            [
                0.05420596897602081,
                7.948014259338379
            ],
            [
                -0.0643327459692955,
                12.01645278930664
            ],
            [
                -0.49207010865211487,
                16.013519287109375
            ],
            [
                -0.7857580184936523,
                20.108064651489258
            ],
            [
                -1.0458872318267822,
                24.161542892456055
            ]
        ],
        [
            [
                0.1641015261411667,
                3.90055513381958
            ],
            [
                0.16688252985477448,
                7.815543174743652
            ],
            [
                0.10728410631418228,
                11.746467590332031
            ],
            [
                -0.2681395411491394,
                15.588990211486816
            ],
            [
                -0.5037656426429749,
                19.479032516479492
            ],
            [
                -0.6946709156036377,
                23.27340316772461
            ]
        ]
    ],
    "tl_trigger": 4.647741889129975e-07,
    "tl_status": 0
}