{
    "speed": 0.6172449137354412,
    "steer": 0.009191736578941345,
    "throttle": 0.0,
    "brake": 1.0,
    "wp_6": [
        -0.01197933591902256,
        0.5437921285629272
    ],
    "wp_5": [
        -0.007170872762799263,
        0.41196703910827637
    ],
    "wp_4": [
        -0.00606989860534668,
        0.31492969393730164
    ],
    "wp_3": [
        0.011488523334264755,
        0.268604576587677
    ],
    "wp_2": [
        0.007975121960043907,
        0.20737126469612122
    ],
    "wp_1": [
        0.007794734090566635,
        0.15638527274131775
    ],
    "aim": [
        -0.007170872762799263,
        0.41196703910827637
    ],
    "target": [
        3.026234778063909,
        21.65132323132114
    ],
    "desired_speed": 0.15632708966732026,
    "angle": -0.011080112481111432,
    "angle_last": -0.023211059683989524,
    "angle_target": 0.08840846011028407,
    "angle_final": -0.011080112481111432,
    "delta": 0.0,
    "log_entries": [
        "norm1:0.18",
        "norm2:0.24",
        "norm3:0.29",
        "norm4:0.36",
        "norm5:0.48",
        " ",
        " ",
        " ",
        " ",
        " ",
        " ",
        " ",
        " ",
        " ",
        " ",
        " ",
        " ",
        " ",
        " ",
        " ",
        " ",
        " ",
        " ",
        " ",
        " ",
        " ",
        " ",
        " ",
        " "
    ],
    "agent": "only_traj",
    "steer_traj": 0.009191736560660647,
    "throttle_traj": 0.0,
    "brake_traj": 1.0,
    "plan": [
        [
            0.007794734090566635,
            0.15638527274131775
        ],
        [
            0.007975121960043907,
            0.20737126469612122
        ],
        [
            0.011488523334264755,
            0.268604576587677
        ],
        [
            -0.00606989860534668,
            0.31492969393730164
        ],
        [
            -0.007170872762799263,
            0.41196703910827637
        ],
        [
            -0.01197933591902256,
            0.5437921285629272
        ]
    ],
    "command": 3,
    "redefined_command": 3,
    "cmd_softmax_output": [
        0.9999700784683228,
        2.7053611120209098e-05,
        2.8818460577895166e-06
    ],
    "all_plan": [
        [
            [
                0.005562258884310722,
                0.13672620058059692
            ],
            [
                0.0041908882558345795,
                0.17843203246593475
            ],
            [
                0.0062401476316154,
                0.2236640900373459
            ],
            [
                -0.00510110380128026,
                0.2509804964065552
            ],
            [
                -0.006176386959850788,
                0.3242553770542145
            ],
            [
                -0.010398505255579948,
                0.43500620126724243
            ]
        ],
        [
            [
                0.008435345254838467,
                0.1425577998161316
            ],
            [
                0.009330629371106625,
                0.18874913454055786
            ],
            [
                0.014280211180448532,
                0.24699117243289948
            ],
            [
                -0.005631322041153908,
                0.29479894042015076
            ],
            [
                -0.005750621668994427,
                0.3894074559211731
            ],
            [
                -0.005759353283792734,
                0.5145331621170044
            ]
        ],
        [
            [
                0.0072166454046964645,
                0.13921698927879333
            ],
            [
                0.007273931056261063,
                0.1850510686635971
            ],
            [
                0.010529998689889908,
                0.23972652852535248
            ],
            [
                -0.0054288096725940704,
                0.28196439146995544
            ],
            [
                -0.0064113023690879345,
                0.3689366579055786
            ],
            [
                -0.010706339031457901,
                0.4870763123035431
            ]
        ],
        [
            [
                0.007794734090566635,
                0.15638527274131775
            ],
            [
                0.007975121960043907,
                0.20737126469612122
            ],
            [
                0.011488523334264755,
                0.268604576587677
            ],
            [
                -0.00606989860534668,
                0.31492969393730164
            ],
            [
                -0.007170872762799263,
                0.41196703910827637
            ],
            [
                -0.01197933591902256,
                0.5437921285629272
            ]
        ],
        [
            [
                0.015576688572764397,
                0.18140624463558197
            ],
            [
                0.020954180508852005,
                0.2343541979789734
            ],
            [
                0.0355580598115921,
                0.3176861107349396
            ],
            [
                -0.0074486881494522095,
                0.39728689193725586
            ],
            [
                -0.0027623018249869347,
                0.543153703212738
            ],
            [
                0.02136760577559471,
                0.7222989201545715
            ]
        ],
        [
            [
                0.006812271662056446,
                0.11632567644119263
            ],
            [
                0.007034574635326862,
                0.1560792326927185
            ],
            [
                0.010220378637313843,
                0.2039920538663864
            ],
            [
                -0.0046287719160318375,
                0.244123175740242
            ],
            [
                -0.005427627824246883,
                0.3205302357673645
            ],
            [
                -0.009037722833454609,
                0.421683132648468
            ]
        ]
    ],
    "tl_trigger": 4.5467280074262817e-07,
    "tl_status": 0
}