{
    "speed": 0.01986739727110692,
    "steer": -0.0006600201595574617,
    "throttle": 0.75,
    "brake": 0.0,
    "wp_6": [
        1.9693222045898438,
        11.685202598571777
    ],
    "wp_5": [
        1.2915409803390503,
        9.101337432861328
    ],
    "wp_4": [
        0.718303918838501,
        6.578388690948486
    ],
    "wp_3": [
        0.2577363848686218,
        4.061162948608398
    ],
    "wp_2": [
        -0.024277284741401672,
        2.056856870651245
    ],
    "wp_1": [
        -0.10266553610563278,
        0.6118001341819763
    ],
    "aim": [
        -0.024277284741401672,
        2.056856870651245
    ],
    "target": [
        1.0655910003305005,
        13.478065740629464
    ],
    "desired_speed": 4.515510749816895,
    "angle": -0.0075136912604938854,
    "angle_last": 0.1633141969049348,
    "angle_target": 0.05022739590728495,
    "angle_final": -0.0075136912604938854,
    "delta": 0.25,
    "log_entries": [
        "norm1:1.34",
        "norm2:3.06",
        "norm3:5.34",
        "norm4:7.90",
        "norm5:10.52",
        " ",
        " ",
        " ",
        " ",
        " ",
        " ",
        " ",
        " ",
        " ",
        " ",
        " ",
        " ",
        " ",
        " ",
        " ",
        " ",
        " ",
        " "
    ],
    "agent": "only_traj",
    "steer_traj": -0.0006600201535038861,
    "throttle_traj": 0.75,
    "brake_traj": 0.0,
    "plan": [
        [
            -0.10266553610563278,
            0.6118001341819763
        ],
        [
            -0.024277284741401672,
            2.056856870651245
        ],
        [
            0.2577363848686218,
            4.061162948608398
        ],
        [
            0.718303918838501,
            6.578388690948486
        ],
        [
            1.2915409803390503,
            9.101337432861328
        ],
        [
            1.9693222045898438,
            11.685202598571777
        ]
    ],
    "command": 3,
    "redefined_command": 3,
    "cmd_softmax_output": [
        0.7928085923194885,
        0.20718450844287872,
        6.90874594511115e-06
    ],
    "all_plan": [
        [
            [
                -0.07782772928476334,
                0.5232276916503906
            ],
            [
                -0.030362136662006378,
                1.829941749572754
            ],
            [
                0.22480133175849915,
                3.8372018337249756
            ],
            [
                0.5499951839447021,
                6.462744235992432
            ],
            [
                1.164137363433838,
                9.271721839904785
            ],
            [
                1.9147741794586182,
                12.305034637451172
            ]
        ],
        [
            [
                -0.12851962447166443,
                0.5432231426239014
            ],
            [
                -0.12007591128349304,
                1.857670545578003
            ],
            [
                0.13092005252838135,
                3.865257740020752
            ],
            [
                0.5361915826797485,
                6.493178367614746
            ],
            [
                1.221163272857666,
                9.333192825317383
            ],
            [
                2.031937599182129,
                12.434925079345703
            ]
        ],
        [
            [
                -0.18202093243598938,
                0.6711199879646301
            ],
            [
                -0.11136188358068466,
                2.258917808532715
            ],
            [
                0.25979143381118774,
                4.528919219970703
            ],
            [
                0.8391149044036865,
                7.3505072593688965
            ],
            [
                1.5179531574249268,
                10.254570007324219
            ],
            [
                2.2790589332580566,
                13.27613639831543
            ]
        ],
        [
            [
                -0.10266553610563278,
                0.6118001341819763
            ],
            [
                -0.024277284741401672,
                2.056856870651245
            ],
            [
                0.2577363848686218,
                4.061162948608398
            ],
            [
                0.718303918838501,
                6.578388690948486
            ],
            [
                1.2915409803390503,
                9.101337432861328
            ],
            [
                1.9693222045898438,
                11.685202598571777
            ]
        ],
        [
            [
                -0.2330029308795929,
                0.5739277601242065
            ],
            [
                -0.27007627487182617,
                2.0671586990356445
            ],
            [
                -0.008661001920700073,
                4.332634925842285
            ],
            [
                0.48641061782836914,
                7.204307556152344
            ],
            [
                1.1501755714416504,
                10.277368545532227
            ],
            [
                1.881471872329712,
                13.600769996643066
            ]
        ],
        [
            [
                -0.06366930156946182,
                0.6562507152557373
            ],
            [
                -0.014068447053432465,
                2.001004457473755
            ],
            [
                0.25831374526023865,
                3.9947500228881836
            ],
            [
                0.5687554478645325,
                6.5636138916015625
            ],
            [
                1.2629749774932861,
                9.381683349609375
            ],
            [
                2.083228349685669,
                12.469745635986328
            ]
        ]
    ],
    "tl_trigger": 4.663410209104768e-07,
    "tl_status": 0
}