{
    "speed": 0.028132136189067642,
    "steer": 0.020182233303785324,
    "throttle": 0.75,
    "brake": 0.0,
    "wp_6": [
        0.9980987906455994,
        11.061196327209473
    ],
    "wp_5": [
        0.6478674411773682,
        8.437054634094238
    ],
    "wp_4": [
        0.3569659888744354,
        5.892461776733398
    ],
    "wp_3": [
        0.08670624345541,
        3.4494729042053223
    ],
    "wp_2": [
        -0.048439137637615204,
        1.5635747909545898
    ],
    "wp_1": [
        -0.08120761811733246,
        0.3447931408882141
    ],
    "aim": [
        0.08670624345541,
        3.4494729042053223
    ],
    "target": [
        0.23311963578369,
        13.333460883019479
    ],
    "desired_speed": 4.310570478439331,
    "angle": 0.01599877961133034,
    "angle_last": 0.08446732792720615,
    "angle_target": 0.011129402300516782,
    "angle_final": 0.01599877961133034,
    "delta": 0.25,
    "log_entries": [
        "norm1:0.96",
        "norm2:2.51",
        "norm3:4.68",
        "norm4:7.18",
        "norm5:9.78",
        " ",
        " ",
        " ",
        " ",
        " ",
        " ",
        " ",
        " ",
        " ",
        " ",
        " ",
        " ",
        " ",
        " ",
        " ",
        " ",
        " ",
        " ",
        " ",
        " ",
        " ",
        " ",
        " ",
        " "
    ],
    "agent": "only_traj",
    "steer_traj": 0.020182232373942247,
    "throttle_traj": 0.75,
    "brake_traj": 0.0,
    "plan": [
        [
            -0.08120761811733246,
            0.3447931408882141
        ],
        [
            -0.048439137637615204,
            1.5635747909545898
        ],
        [
            0.08670624345541,
            3.4494729042053223
        ],
        [
            0.3569659888744354,
            5.892461776733398
        ],
        [
            0.6478674411773682,
            8.437054634094238
        ],
        [
            0.9980987906455994,
            11.061196327209473
        ]
    ],
    "command": 3,
    "redefined_command": 3,
    "cmd_softmax_output": [
        0.5924848318099976,
        0.40750831365585327,
        6.810394552303478e-06
    ],
    "all_plan": [
        [
            [
                -0.08471983671188354,
                0.37992537021636963
            ],
            [
                -0.09742633253335953,
                1.5476313829421997
            ],
            [
                0.036151476204395294,
                3.4348573684692383
            ],
            [
                0.26976844668388367,
                5.980582237243652
            ],
            [
                0.7434483170509338,
                8.745997428894043
            ],
            [
                1.3389052152633667,
                11.739763259887695
            ]
        ],
        [
            [
                -0.1610698103904724,
                0.4047803282737732
            ],
            [
                -0.23552268743515015,
                1.5977931022644043
            ],
            [
                -0.1108514592051506,
                3.509239912033081
            ],
            [
                0.2237730324268341,
                6.0637593269348145
            ],
            [
                0.7929608821868896,
                8.860316276550293
            ],
            [
                1.4765598773956299,
                11.931473731994629
            ]
        ],
        [
            [
                -0.20487408339977264,
                0.5016327500343323
            ],
            [
                -0.23024733364582062,
                1.963547706604004
            ],
            [
                -0.018907323479652405,
                4.191473007202148
            ],
            [
                0.4157446622848511,
                7.000739097595215
            ],
            [
                0.9098087549209595,
                9.95932388305664
            ],
            [
                1.471817135810852,
                13.08150577545166
            ]
        ],
        [
            [
                -0.08120761811733246,
                0.3447931408882141
            ],
            [
                -0.048439137637615204,
                1.5635747909545898
            ],
            [
                0.08670624345541,
                3.4494729042053223
            ],
            [
                0.3569659888744354,
                5.892461776733398
            ],
            [
                0.6478674411773682,
                8.437054634094238
            ],
            [
                0.9980987906455994,
                11.061196327209473
            ]
        ],
        [
            [
                -0.24105685949325562,
                0.46886005997657776
            ],
            [
                -0.34086763858795166,
                1.8735965490341187
            ],
            [
                -0.20247481763362885,
                4.082250595092773
            ],
            [
                0.16829024255275726,
                6.903406143188477
            ],
            [
                0.6515440344810486,
                9.967121124267578
            ],
            [
                1.1852667331695557,
                13.278316497802734
            ]
        ],
        [
            [
                -0.07864056527614594,
                0.4851863980293274
            ],
            [
                -0.10980144888162613,
                1.6737480163574219
            ],
            [
                0.010844871401786804,
                3.5299551486968994
            ],
            [
                0.218720942735672,
                6.008301258087158
            ],
            [
                0.7606955766677856,
                8.753700256347656
            ],
            [
                1.413448691368103,
                11.774698257446289
            ]
        ]
    ],
    "tl_trigger": 4.029211879696959e-07,
    "tl_status": 0
}