{
    "speed": 0.0007683203851869894,
    "steer": -0.038426440209150314,
    "throttle": 0.75,
    "brake": 0.0,
    "wp_6": [
        0.8357689380645752,
        12.1799955368042
    ],
    "wp_5": [
        0.5320243239402771,
        9.402289390563965
    ],
    "wp_4": [
        0.276823490858078,
        6.696674346923828
    ],
    "wp_3": [
        -0.01773315668106079,
        4.081159591674805
    ],
    "wp_2": [
        -0.1432778239250183,
        1.9493334293365479
    ],
    "wp_1": [
        -0.13419923186302185,
        0.5168726444244385
    ],
    "aim": [
        -0.1432778239250183,
        1.9493334293365479
    ],
    "target": [
        -0.8776382464013741,
        14.582654108161838
    ],
    "desired_speed": 4.684778499603272,
    "angle": -0.04670812468468583,
    "angle_last": 0.06933944549850804,
    "angle_target": -0.0382679819796654,
    "angle_final": -0.04670812468468583,
    "delta": 0.25,
    "log_entries": [
        "norm1:1.24",
        "norm2:3.02",
        "norm3:5.39",
        "norm4:8.06",
        "norm5:10.81",
        " ",
        " ",
        " ",
        " ",
        " ",
        " ",
        " ",
        " ",
        " ",
        " ",
        " ",
        " ",
        " ",
        " ",
        " ",
        " ",
        " ",
        " ",
        " ",
        " ",
        " ",
        " ",
        " ",
        " "
    ],
    "agent": "only_traj",
    "steer_traj": -0.03842643984039319,
    "throttle_traj": 0.75,
    "brake_traj": 0.0,
    "plan": [
        [
            -0.13419923186302185,
            0.5168726444244385
        ],
        [
            -0.1432778239250183,
            1.9493334293365479
        ],
        [
            -0.01773315668106079,
            4.081159591674805
        ],
        [
            0.276823490858078,
            6.696674346923828
        ],
        [
            0.5320243239402771,
            9.402289390563965
        ],
        [
            0.8357689380645752,
            12.1799955368042
        ]
    ],
    "command": 3,
    "redefined_command": 3,
    "cmd_softmax_output": [
        0.9051429033279419,
        0.09485336393117905,
        3.8003117879270576e-06
    ],
    "all_plan": [
        [
            [
                -0.0764634981751442,
                0.4376506507396698
            ],
            [
                -0.0901922956109047,
                1.6702094078063965
            ],
            [
                0.004505425691604614,
                3.622861862182617
            ],
            [
                0.17106541991233826,
                6.142642021179199
            ],
            [
                0.47456878423690796,
                8.916844367980957
            ],
            [
                0.8232357501983643,
                11.897374153137207
            ]
        ],
        [
            [
                -0.12580467760562897,
                0.4837610125541687
            ],
            [
                -0.1605914831161499,
                1.7243225574493408
            ],
            [
                -0.023053094744682312,
                3.643409013748169
            ],
            [
                0.2456187754869461,
                6.124274730682373
            ],
            [
                0.7144088745117188,
                8.840999603271484
            ],
            [
                1.2506945133209229,
                11.797928810119629
            ]
        ],
        [
            [
                -0.20473404228687286,
                0.5629464387893677
            ],
            [
                -0.255922794342041,
                2.1060662269592285
            ],
            [
                -0.10594530403614044,
                4.430184364318848
            ],
            [
                0.23188073933124542,
                7.292551040649414
            ],
            [
                0.5733785033226013,
                10.31219482421875
            ],
            [
                0.9555002450942993,
                13.468864440917969
            ]
        ],
        [
            [
                -0.13419923186302185,
                0.5168726444244385
            ],
            [
                -0.1432778239250183,
                1.9493334293365479
            ],
            [
                -0.01773315668106079,
                4.081159591674805
            ],
            [
                0.276823490858078,
                6.696674346923828
            ],
            [
                0.5320243239402771,
                9.402289390563965
            ],
            [
                0.8357689380645752,
                12.1799955368042
            ]
        ],
        [
            [
                -0.2147825062274933,
                0.5732529163360596
            ],
            [
                -0.3050968647003174,
                2.062875986099243
            ],
            [
                -0.19475963711738586,
                4.324240684509277
            ],
            [
                0.08899703621864319,
                7.122286796569824
            ],
            [
                0.4296375811100006,
                10.147579193115234
            ],
            [
                0.7954372763633728,
                13.363004684448242
            ]
        ],
        [
            [
                -0.0511913001537323,
                0.612406313419342
            ],
            [
                -0.046511851251125336,
                1.9077820777893066
            ],
            [
                0.09256201237440109,
                3.8329882621765137
            ],
            [
                0.2581087648868561,
                6.272798538208008
            ],
            [
                0.6975811719894409,
                8.967159271240234
            ],
            [
                1.203834056854248,
                11.895658493041992
            ]
        ]
    ],
    "tl_trigger": 4.998225904273568e-07,
    "tl_status": 0
}