{
    "speed": 0.01858557715851,
    "steer": -0.04697448015213013,
    "throttle": 0.75,
    "brake": 0.0,
    "wp_6": [
        0.6964859962463379,
        12.567262649536133
    ],
    "wp_5": [
        0.32964324951171875,
        9.274887084960938
    ],
    "wp_4": [
        -0.015252023935317993,
        6.236966133117676
    ],
    "wp_3": [
        -0.3280283212661743,
        3.514709949493408
    ],
    "wp_2": [
        -0.3714788556098938,
        1.4839677810668945
    ],
    "wp_1": [
        -0.23709861934185028,
        0.2823216915130615
    ],
    "aim": [
        -0.3280283212661743,
        3.514709949493408
    ],
    "target": [
        -0.084698335764128,
        13.377820729032424
    ],
    "desired_speed": 4.940278100967407,
    "angle": -0.05924417799633646,
    "angle_last": 0.07064203846422025,
    "angle_target": -0.004030545473643754,
    "angle_final": -0.05924417799633646,
    "delta": 0.25,
    "log_entries": [
        "norm1:0.93",
        "norm2:2.52",
        "norm3:4.88",
        "norm4:7.76",
        "norm5:10.93",
        " ",
        " ",
        " ",
        " ",
        " ",
        " ",
        " ",
        " ",
        " ",
        " ",
        " ",
        " ",
        " ",
        " ",
        " ",
        " ",
        " ",
        " ",
        " ",
        " ",
        " ",
        " "
    ],
    "agent": "only_traj",
    "steer_traj": -0.04697447992786331,
    "throttle_traj": 0.75,
    "brake_traj": 0.0,
    "plan": [
        [
            -0.23709861934185028,
            0.2823216915130615
        ],
        [
            -0.3714788556098938,
            1.4839677810668945
        ],
        [
            -0.3280283212661743,
            3.514709949493408
        ],
        [
            -0.015252023935317993,
            6.236966133117676
        ],
        [
            0.32964324951171875,
            9.274887084960938
        ],
        [
            0.6964859962463379,
            12.567262649536133
        ]
    ],
    "command": 3,
    "redefined_command": 4,
    "cmd_softmax_output": [
        0.3265630304813385,
        0.6734309196472168,
        6.0513252719829325e-06
    ],
    "all_plan": [
        [
            [
                -0.0984552875161171,
                0.24914640188217163
            ],
            [
                -0.15775808691978455,
                1.2420294284820557
            ],
            [
                -0.1363419145345688,
                2.9236888885498047
            ],
            [
                0.07665058970451355,
                5.321830749511719
            ],
            [
                0.41945892572402954,
                7.9946088790893555
            ],
            [
                0.8220735788345337,
                10.900392532348633
            ]
        ],
        [
            [
                -0.17943306267261505,
                0.30168119072914124
            ],
            [
                -0.2966323792934418,
                1.3799570798873901
            ],
            [
                -0.2556457221508026,
                3.1791253089904785
            ],
            [
                0.05938667058944702,
                5.672268867492676
            ],
            [
                0.5282260179519653,
                8.465799331665039
            ],
            [
                1.0798758268356323,
                11.54044246673584
            ]
        ],
        [
            [
                -0.18967895209789276,
                0.2719755470752716
            ],
            [
                -0.26096001267433167,
                1.4739623069763184
            ],
            [
                -0.1686505675315857,
                3.4878599643707275
            ],
            [
                0.15049171447753906,
                6.166467666625977
            ],
            [
                0.4925733804702759,
                9.114073753356934
            ],
            [
                0.8772214651107788,
                12.287813186645508
            ]
        ],
        [
            [
                -0.04676148667931557,
                0.1466953456401825
            ],
            [
                -0.01916690357029438,
                1.090834379196167
            ],
            [
                0.05310843139886856,
                2.715458869934082
            ],
            [
                0.21859601140022278,
                4.958836555480957
            ],
            [
                0.37465769052505493,
                7.416470050811768
            ],
            [
                0.5631436109542847,
                10.002034187316895
            ]
        ],
        [
            [
                -0.23709861934185028,
                0.2823216915130615
            ],
            [
                -0.3714788556098938,
                1.4839677810668945
            ],
            [
                -0.3280283212661743,
                3.514709949493408
            ],
            [
                -0.015252023935317993,
                6.236966133117676
            ],
            [
                0.32964324951171875,
                9.274887084960938
            ],
            [
                0.6964859962463379,
                12.567262649536133
            ]
        ],
        [
            [
                -0.09347838908433914,
                0.45340561866760254
            ],
            [
                -0.1668906807899475,
                1.5805120468139648
            ],
            [
                -0.1307355761528015,
                3.3519062995910645
            ],
            [
                0.04251192510128021,
                5.774977684020996
            ],
            [
                0.490303635597229,
                8.510008811950684
            ],
            [
                1.0130338668823242,
                11.52123737335205
            ]
        ]
    ],
    "tl_trigger": 4.2173616066065733e-07,
    "tl_status": 0
}