{
    "speed": 0.015116668231976885,
    "steer": -0.0442953035235405,
    "throttle": 0.75,
    "brake": 0.0,
    "wp_6": [
        1.5042328834533691,
        13.589576721191406
    ],
    "wp_5": [
        1.0061033964157104,
        10.681884765625
    ],
    "wp_4": [
        0.5912360548973083,
        7.799098014831543
    ],
    "wp_3": [
        0.20713680982589722,
        4.9048051834106445
    ],
    "wp_2": [
        -0.0032095536589622498,
        2.535829544067383
    ],
    "wp_1": [
        -0.07612032443284988,
        0.8054860234260559
    ],
    "aim": [
        -0.0032095536589622498,
        2.535829544067383
    ],
    "target": [
        -0.7556636995348214,
        14.676002255593861
    ],
    "desired_speed": 5.1569524765014645,
    "angle": -0.0008057624766243626,
    "angle_last": 0.10801357028992656,
    "angle_target": -0.03275047127309831,
    "angle_final": -0.0008057624766243626,
    "delta": 0.25,
    "log_entries": [
        "norm1:1.67",
        "norm2:3.72",
        "norm3:6.36",
        "norm4:9.27",
        "norm5:12.20",
        " ",
        " ",
        " ",
        " ",
        " ",
        " ",
        " ",
        " ",
        " ",
        " ",
        " ",
        " ",
        " ",
        " ",
        " ",
        " ",
        " ",
        " ",
        " ",
        " ",
        " "
    ],
    "agent": "only_traj",
    "steer_traj": -0.04429530407497995,
    "throttle_traj": 0.75,
    "brake_traj": 0.0,
    "plan": [
        [
            -0.07612032443284988,
            0.8054860234260559
        ],
        [
            -0.0032095536589622498,
            2.535829544067383
        ],
        [
            0.20713680982589722,
            4.9048051834106445
        ],
        [
            0.5912360548973083,
            7.799098014831543
        ],
        [
            1.0061033964157104,
            10.681884765625
        ],
        [
            1.5042328834533691,
            13.589576721191406
        ]
    ],
    "command": 3,
    "redefined_command": 3,
    "cmd_softmax_output": [
        0.9942104816436768,
        0.005777268670499325,
        1.2356678780633956e-05
    ],
    "all_plan": [
        [
            [
                -0.00019444513600319624,
                0.6836630702018738
            ],
            [
                0.10597914457321167,
                2.209794044494629
            ],
            [
                0.3330395221710205,
                4.434430122375488
            ],
            [
                0.5552614331245422,
                7.22056770324707
            ],
            [
                0.9648258686065674,
                10.169210433959961
            ],
            [
                1.4590394496917725,
                13.256325721740723
            ]
        ],
        [
            [
                -0.01224423572421074,
                0.7415223717689514
            ],
            [
                0.13017959892749786,
                2.288226842880249
            ],
            [
                0.4644317030906677,
                4.51502799987793
            ],
            [
                0.7991902828216553,
                7.317010879516602
            ],
            [
                1.3974004983901978,
                10.290548324584961
            ],
            [
                2.0932095050811768,
                13.438396453857422
            ]
        ],
        [
            [
                -0.11722985655069351,
                0.8960299491882324
            ],
            [
                -0.03574369102716446,
                2.7718591690063477
            ],
            [
                0.2578624486923218,
                5.360363960266113
            ],
            [
                0.6900287866592407,
                8.501880645751953
            ],
            [
                1.1939585208892822,
                11.71634292602539
            ],
            [
                1.7665963172912598,
                15.006426811218262
            ]
        ],
        [
            [
                -0.07612032443284988,
                0.8054860234260559
            ],
            [
                -0.0032095536589622498,
                2.535829544067383
            ],
            [
                0.20713680982589722,
                4.9048051834106445
            ],
            [
                0.5912360548973083,
                7.799098014831543
            ],
            [
                1.0061033964157104,
                10.681884765625
            ],
            [
                1.5042328834533691,
                13.589576721191406
            ]
        ],
        [
            [
                -0.1251050978899002,
                0.8334623575210571
            ],
            [
                -0.07480732351541519,
                2.6385927200317383
            ],
            [
                0.18834176659584045,
                5.198866367340088
            ],
            [
                0.5307145118713379,
                8.281291007995605
            ],
            [
                0.9704780578613281,
                11.50261402130127
            ],
            [
                1.4565906524658203,
                14.836824417114258
            ]
        ],
        [
            [
                0.05352587252855301,
                0.8709630966186523
            ],
            [
                0.22107532620429993,
                2.5113134384155273
            ],
            [
                0.5236862301826477,
                4.80182409286499
            ],
            [
                0.7568978071212769,
                7.635130882263184
            ],
            [
                1.2752768993377686,
                10.646015167236328
            ],
            [
                1.8702898025512695,
                13.808731079101562
            ]
        ]
    ],
    "tl_trigger": 4.873569992014382e-07,
    "tl_status": 0
}