{
    "speed": 0.005780897673270032,
    "steer": -0.015152662992477417,
    "throttle": 0.75,
    "brake": 0.0,
    "wp_6": [
        0.8532503247261047,
        11.26237678527832
    ],
    "wp_5": [
        0.5404422283172607,
        8.459842681884766
    ],
    "wp_4": [
        0.2890637516975403,
        5.843199729919434
    ],
    "wp_3": [
        0.006021156907081604,
        3.3990540504455566
    ],
    "wp_2": [
        -0.1283968985080719,
        1.4472112655639648
    ],
    "wp_1": [
        -0.126449316740036,
        0.2548556923866272
    ],
    "aim": [
        0.006021156907081604,
        3.3990540504455566
    ],
    "target": [
        -2.104389876029723,
        14.49101987473163
    ],
    "desired_speed": 4.4231719970703125,
    "angle": 0.0011277122954246911,
    "angle_last": 0.07076414706838191,
    "angle_target": -0.09180830802492387,
    "angle_final": 0.0011277122954246911,
    "delta": 0.25,
    "log_entries": [
        "norm1:0.86",
        "norm2:2.42",
        "norm3:4.62",
        "norm4:7.16",
        "norm5:9.89",
        " ",
        " ",
        " ",
        " ",
        " ",
        " ",
        " ",
        " ",
        " ",
        " ",
        " ",
        " ",
        " ",
        " ",
        " ",
        " ",
        " ",
        " ",
        " ",
        " ",
        " "
    ],
    "agent": "only_traj",
    "steer_traj": -0.015152662735719753,
    "throttle_traj": 0.75,
    "brake_traj": 0.0,
    "plan": [
        [
            -0.126449316740036,
            0.2548556923866272
        ],
        [
            -0.1283968985080719,
            1.4472112655639648
        ],
        [
            0.006021156907081604,
            3.3990540504455566
        ],
        [
            0.2890637516975403,
            5.843199729919434
        ],
        [
            0.5404422283172607,
            8.459842681884766
        ],
        [
            0.8532503247261047,
            11.26237678527832
        ]
    ],
    "command": 3,
    "redefined_command": 3,
    "cmd_softmax_output": [
        0.9922783374786377,
        0.007696982938796282,
        2.4696742912055925e-05
    ],
    "all_plan": [
        [
            [
                -0.11936195939779282,
                0.23692482709884644
            ],
            [
                -0.1128455251455307,
                1.2816314697265625
            ],
            [
                0.05259327590465546,
                3.040407180786133
            ],
            [
                0.3272154927253723,
                5.338702201843262
            ],
            [
                0.6533260345458984,
                7.846390724182129
            ],
            [
                1.0576046705245972,
                10.567449569702148
            ]
        ],
        [
            [
                -0.16610248386859894,
                0.33246999979019165
            ],
            [
                -0.17562581598758698,
                1.494171142578125
            ],
            [
                0.03457646071910858,
                3.36987566947937
            ],
            [
                0.4100913405418396,
                5.791952610015869
            ],
            [
                0.8832327127456665,
                8.390447616577148
            ],
            [
                1.4488378763198853,
                11.212347984313965
            ]
        ],
        [
            [
                -0.2169109582901001,
                0.418887734413147
            ],
            [
                -0.219305157661438,
                1.8313401937484741
            ],
            [
                0.027118876576423645,
                4.036369800567627
            ],
            [
                0.477973997592926,
                6.7616167068481445
            ],
            [
                0.8952858448028564,
                9.678815841674805
            ],
            [
                1.3701761960983276,
                12.789987564086914
            ]
        ],
        [
            [
                -0.126449316740036,
                0.2548556923866272
            ],
            [
                -0.1283968985080719,
                1.4472112655639648
            ],
            [
                0.006021156907081604,
                3.3990540504455566
            ],
            [
                0.2890637516975403,
                5.843199729919434
            ],
            [
                0.5404422283172607,
                8.459842681884766
            ],
            [
                0.8532503247261047,
                11.26237678527832
            ]
        ],
        [
            [
                -0.25663501024246216,
                0.36151063442230225
            ],
            [
                -0.31671175360679626,
                1.6942178010940552
            ],
            [
                -0.12661050260066986,
                3.826542854309082
            ],
            [
                0.29287517070770264,
                6.487722396850586
            ],
            [
                0.6749337911605835,
                9.368646621704102
            ],
            [
                1.0978738069534302,
                12.463140487670898
            ]
        ],
        [
            [
                -0.09037698060274124,
                0.5216163992881775
            ],
            [
                -0.0304887518286705,
                1.8065855503082275
            ],
            [
                0.21254399418830872,
                3.7097995281219482
            ],
            [
                0.561211347579956,
                6.1348371505737305
            ],
            [
                1.0374680757522583,
                8.675952911376953
            ],
            [
                1.6131165027618408,
                11.351208686828613
            ]
        ]
    ],
    "tl_trigger": 5.354438030735764e-07,
    "tl_status": 0
}