{
    "speed": -0.00011961942994466305,
    "steer": -0.04202431067824364,
    "throttle": 0.75,
    "brake": 0.0,
    "wp_6": [
        1.169791340827942,
        12.48377799987793
    ],
    "wp_5": [
        0.6909522414207458,
        9.352530479431152
    ],
    "wp_4": [
        0.24995064735412598,
        6.465292930603027
    ],
    "wp_3": [
        -0.20745542645454407,
        3.8144853115081787
    ],
    "wp_2": [
        -0.39635059237480164,
        1.7041571140289307
    ],
    "wp_1": [
        -0.3010890781879425,
        0.38004449009895325
    ],
    "aim": [
        -0.20745542645454407,
        3.8144853115081787
    ],
    "target": [
        -1.527838787413673,
        12.974591386460421
    ],
    "desired_speed": 4.889861631393432,
    "angle": -0.03458924414934143,
    "angle_last": 0.09660525710123583,
    "angle_target": -0.07462228444309708,
    "angle_final": -0.03458924414934143,
    "delta": 0.25,
    "log_entries": [
        "norm1:1.10",
        "norm2:2.78",
        "norm3:5.14",
        "norm4:7.92",
        "norm5:10.96",
        " ",
        " ",
        " ",
        " ",
        " ",
        " ",
        " ",
        " ",
        " ",
        " ",
        " ",
        " ",
        " ",
        " ",
        " ",
        " ",
        " ",
        " ",
        " ",
        " ",
        " ",
        " ",
        " ",
        " ",
        " ",
        " ",
        " "
    ],
    "agent": "only_traj",
    "steer_traj": -0.04202431171054519,
    "throttle_traj": 0.75,
    "brake_traj": 0.0,
    "plan": [
        [
            -0.3010890781879425,
            0.38004449009895325
        ],
        [
            -0.39635059237480164,
            1.7041571140289307
        ],
        [
            -0.20745542645454407,
            3.8144853115081787
        ],
        [
            0.24995064735412598,
            6.465292930603027
        ],
        [
            0.6909522414207458,
            9.352530479431152
        ],
        [
            1.169791340827942,
            12.48377799987793
        ]
    ],
    "command": 3,
    "redefined_command": 4,
    "cmd_softmax_output": [
        0.4532873332500458,
        0.5465794801712036,
        0.0001331472012680024
    ],
    "all_plan": [
        [
            [
                -0.19393862783908844,
                0.38832080364227295
            ],
            [
                -0.22442685067653656,
                1.6098545789718628
            ],
            [
                -0.0415816605091095,
                3.5126352310180664
            ],
            [
                0.34627246856689453,
                5.948166847229004
            ],
            [
                0.7787661552429199,
                8.569839477539062
            ],
            [
                1.2755718231201172,
                11.393096923828125
            ]
        ],
        [
            [
                -0.2333400845527649,
                0.393350750207901
            ],
            [
                -0.29496628046035767,
                1.6226085424423218
            ],
            [
                -0.10132138431072235,
                3.551359176635742
            ],
            [
                0.3527914881706238,
                6.031406402587891
            ],
            [
                0.8836014866828918,
                8.714225769042969
            ],
            [
                1.494844675064087,
                11.64321517944336
            ]
        ],
        [
            [
                -0.2782175838947296,
                0.37904882431030273
            ],
            [
                -0.3197067081928253,
                1.7371189594268799
            ],
            [
                -0.06367242336273193,
                3.898355007171631
            ],
            [
                0.43044230341911316,
                6.585361480712891
            ],
            [
                0.8933581113815308,
                9.498485565185547
            ],
            [
                1.4073128700256348,
                12.644908905029297
            ]
        ],
        [
            [
                -0.20048607885837555,
                0.21891430020332336
            ],
            [
                -0.2251012623310089,
                1.3650267124176025
            ],
            [
                -0.041410669684410095,
                3.310767650604248
            ],
            [
                0.32329219579696655,
                5.77019739151001
            ],
            [
                0.6364649534225464,
                8.482830047607422
            ],
            [
                0.9926313757896423,
                11.442158699035645
            ]
        ],
        [
            [
                -0.3010890781879425,
                0.38004449009895325
            ],
            [
                -0.39635059237480164,
                1.7041571140289307
            ],
            [
                -0.20745542645454407,
                3.8144853115081787
            ],
            [
                0.24995064735412598,
                6.465292930603027
            ],
            [
                0.6909522414207458,
                9.352530479431152
            ],
            [
                1.169791340827942,
                12.48377799987793
            ]
        ],
        [
            [
                -0.1660851091146469,
                0.5781383514404297
            ],
            [
                -0.15817616879940033,
                1.9298546314239502
            ],
            [
                0.09049665927886963,
                3.9055867195129395
            ],
            [
                0.5153272151947021,
                6.40425968170166
            ],
            [
                1.0925960540771484,
                9.069259643554688
            ],
            [
                1.744795799255371,
                11.930181503295898
            ]
        ]
    ],
    "tl_trigger": 4.825992050427885e-07,
    "tl_status": 0
}