{
    "speed": 7.9981960290859915,
    "steer": 0.08853258937597275,
    "throttle": 0.6206544637680054,
    "brake": 0.0,
    "wp_6": [
        6.5887064933776855,
        22.811349868774414
    ],
    "wp_5": [
        5.184596061706543,
        19.302576065063477
    ],
    "wp_4": [
        3.7046637535095215,
        15.652875900268555
    ],
    "wp_3": [
        2.1215200424194336,
        11.714173316955566
    ],
    "wp_2": [
        1.0552953481674194,
        7.770385265350342
    ],
    "wp_1": [
        0.26109546422958374,
        3.684567451477051
    ],
    "aim": [
        1.0552953481674194,
        7.770385265350342
    ],
    "target": [
        -6.202119297497601,
        -2.97854132628239
    ],
    "desired_speed": 8.084103012084961,
    "angle": 0.08593354186903557,
    "angle_last": 0.24233189650290454,
    "angle_target": 2.714972803219338,
    "angle_final": 0.08593354186903557,
    "delta": 0.08590698299896982,
    "log_entries": [
        "norm1:5.77",
        "norm2:9.87",
        "norm3:13.99",
        "norm4:18.03",
        "norm5:21.86",
        " ",
        " ",
        " ",
        " ",
        " ",
        " ",
        " ",
        " ",
        " ",
        " ",
        " ",
        " ",
        " ",
        " ",
        " "
    ],
    "agent": "only_traj",
    "steer_traj": 0.08853258853509924,
    "throttle_traj": 0.6206544453780455,
    "brake_traj": 0.0,
    "plan": [
        [
            0.26109546422958374,
            3.684567451477051
        ],
        [
            1.0552953481674194,
            7.770385265350342
        ],
        [
            2.1215200424194336,
            11.714173316955566
        ],
        [
            3.7046637535095215,
            15.652875900268555
        ],
        [
            5.184596061706543,
            19.302576065063477
        ],
        [
            6.5887064933776855,
            22.811349868774414
        ]
    ],
    "command": 3,
    "redefined_command": 3,
    "cmd_softmax_output": [
        0.9990323781967163,
        0.0008758086478337646,
        9.18138975976035e-05
    ],
    "all_plan": [
        [
            [
                0.5708364248275757,
                3.8214449882507324
            ],
            [
                1.5566027164459229,
                7.8641276359558105
            ],
            [
                2.6617937088012695,
                11.644159317016602
            ],
            [
                3.88266921043396,
                15.49919319152832
            ],
            [
                5.173926830291748,
                18.959171295166016
            ],
            [
                6.3790106773376465,
                22.28046226501465
            ]
        ],
        [
            [
                0.6471733450889587,
                3.6847620010375977
            ],
            [
                1.6903636455535889,
                7.567822456359863
            ],
            [
                2.8332018852233887,
                11.186668395996094
            ],
            [
                3.972712993621826,
                14.935019493103027
            ],
            [
                5.260245323181152,
                18.271522521972656
            ],
            [
                6.471031188964844,
                21.474653244018555
            ]
        ],
        [
            [
                0.33892425894737244,
                3.768967628479004
            ],
            [
                1.1934045553207397,
                7.912337779998779
            ],
            [
                2.2783803939819336,
                11.89406681060791
            ],
            [
                3.8070788383483887,
                15.8968505859375
            ],
            [
                5.238602638244629,
                19.596466064453125
            ],
            [
                6.58596134185791,
                23.156635284423828
            ]
        ],
        [
            [
                0.26109546422958374,
                3.684567451477051
            ],
            [
                1.0552953481674194,
                7.770385265350342
            ],
            [
                2.1215200424194336,
                11.714173316955566
            ],
            [
                3.7046637535095215,
                15.652875900268555
            ],
            [
                5.184596061706543,
                19.302576065063477
            ],
            [
                6.5887064933776855,
                22.811349868774414
            ]
        ],
        [
            [
                0.4335545599460602,
                3.7554125785827637
            ],
            [
                1.3254318237304688,
                7.808590888977051
            ],
            [
                2.39119029045105,
                11.645082473754883
            ],
            [
                3.7401013374328613,
                15.520453453063965
            ],
            [
                5.06533145904541,
                19.0384464263916
            ],
            [
                6.297591209411621,
                22.398088455200195
            ]
        ],
        [
            [
                0.6846798658370972,
                3.688704013824463
            ],
            [
                1.7025630474090576,
                7.5115509033203125
            ],
            [
                2.7995872497558594,
                11.071313858032227
            ],
            [
                3.730618953704834,
                14.783599853515625
            ],
            [
                4.925074577331543,
                18.108911514282227
            ],
            [
                6.067370414733887,
                21.314430236816406
            ]
        ]
    ],
    "tl_trigger": 3.3591095416340977e-06,
    "tl_status": 0
}