{
    "speed": 3.2231497993500837,
    "steer": -3.80672026949469e-05,
    "throttle": 0.75,
    "brake": 0.0,
    "wp_6": [
        0.06422136723995209,
        20.685733795166016
    ],
    "wp_5": [
        0.03182509168982506,
        16.9991397857666
    ],
    "wp_4": [
        -0.004914265125989914,
        13.25960922241211
    ],
    "wp_3": [
        -0.04918699711561203,
        9.520771026611328
    ],
    "wp_2": [
        -0.064133420586586,
        5.9630126953125
    ],
    "wp_1": [
        -0.04293375462293625,
        2.7282919883728027
    ],
    "aim": [
        -0.004914265125989914,
        13.25960922241211
    ],
    "target": [
        0.4657443567683557,
        50.31813181519807
    ],
    "desired_speed": 7.183250999450683,
    "angle": -0.0002358970268729655,
    "angle_last": 0.005594200666668363,
    "angle_target": 0.005892380910746555,
    "angle_final": -0.0002358970268729655,
    "delta": 0.25,
    "agent": "only_traj",
    "steer_traj": -3.806720208072875e-05,
    "throttle_traj": 0.75,
    "brake_traj": 0.0,
    "plan": [
        [
            -0.04293375462293625,
            2.7282919883728027
        ],
        [
            -0.064133420586586,
            5.9630126953125
        ],
        [
            -0.04918699711561203,
            9.520771026611328
        ],
        [
            -0.004914265125989914,
            13.25960922241211
        ],
        [
            0.03182509168982506,
            16.9991397857666
        ],
        [
            0.06422136723995209,
            20.685733795166016
        ]
    ],
    "command": 3,
    "all_plan": [
        [
            [
                9.337824303656816e-05,
                2.7946724891662598
            ],
            [
                -0.014750165864825249,
                6.088269233703613
            ],
            [
                -0.012596730142831802,
                9.730409622192383
            ],
            [
                -0.04943027347326279,
                13.534555435180664
            ],
            [
                -0.0553925484418869,
                17.37150764465332
            ],
            [
                -0.06806012243032455,
                21.179231643676758
            ]
        ],
        [
            [
                -0.0349794402718544,
                2.7117600440979004
            ],
            [
                -0.05182836949825287,
                5.912623405456543
            ],
            [
                -0.02321155183017254,
                9.467605590820312
            ],
            [
                0.002558467909693718,
                13.185243606567383
            ],
            [
                0.03881935030221939,
                16.945959091186523
            ],
            [
                0.063727468252182,
                20.705461502075195
            ]
        ],
        [
            [
                -0.04757985472679138,
                2.700237274169922
            ],
            [
                -0.0693356916308403,
                6.000140190124512
            ],
            [
                -0.042579054832458496,
                9.722810745239258
            ],
            [
                -0.006270278245210648,
                13.65475845336914
            ],
            [
                0.03089185431599617,
                17.609813690185547
            ],
            [
                0.05851726233959198,
                21.54250144958496
            ]
        ],
        [
            [
                -0.04293375462293625,
                2.7282919883728027
            ],
            [
                -0.064133420586586,
                5.9630126953125
            ],
            [
                -0.04918699711561203,
                9.520771026611328
            ],
            [
                -0.004914265125989914,
                13.25960922241211
            ],
            [
                0.03182509168982506,
                16.9991397857666
            ],
            [
                0.06422136723995209,
                20.685733795166016
            ]
        ],
        [
            [
                -0.0778009295463562,
                2.829746723175049
            ],
            [
                -0.12597307562828064,
                6.127275466918945
            ],
            [
                -0.11743765324354172,
                9.762325286865234
            ],
            [
                -0.06550230085849762,
                13.546590805053711
            ],
            [
                -0.038861848413944244,
                17.36866569519043
            ],
            [
                -0.03885449469089508,
                21.192493438720703
            ]
        ],
        [
            [
                -0.05582679808139801,
                2.830207347869873
            ],
            [
                -0.08608642965555191,
                6.082880973815918
            ],
            [
                -0.06310943514108658,
                9.638788223266602
            ],
            [
                -0.018011417239904404,
                13.326704025268555
            ],
            [
                0.01761777326464653,
                17.05516815185547
            ],
            [
                0.029924428090453148,
                20.78699493408203
            ]
        ]
    ],
    "tl_trigger": 4.4699115164803516e-07,
    "tl_status": 0
}