{
    "speed": -5.354618458570281e-09,
    "steer": -0.05104225128889084,
    "throttle": 0.0,
    "brake": 1.0,
    "wp_6": [
        0.027665307745337486,
        1.036596655845642
    ],
    "wp_5": [
        0.019413232803344727,
        0.7934078574180603
    ],
    "wp_4": [
        -0.0024521839804947376,
        0.6343575119972229
    ],
    "wp_3": [
        -0.009827984496951103,
        0.44366455078125
    ],
    "wp_2": [
        -0.011530975811183453,
        0.30391228199005127
    ],
    "wp_1": [
        -0.010127846151590347,
        0.16114497184753418
    ],
    "aim": [
        -0.0024521839804947376,
        0.6343575119972229
    ],
    "target": [
        0.07588625356217926,
        1.2929808540453862
    ],
    "desired_speed": 0.35089898705482486,
    "angle": -0.002460869094500008,
    "angle_last": 0.021593994688414008,
    "angle_target": 0.037320995848002365,
    "angle_final": -0.002460869094500008,
    "delta": 0.25,
    "agent": "only_traj",
    "steer_traj": -0.0510422525123395,
    "throttle_traj": 0.0,
    "brake_traj": 1.0,
    "plan": [
        [
            -0.010127846151590347,
            0.16114497184753418
        ],
        [
            -0.011530975811183453,
            0.30391228199005127
        ],
        [
            -0.009827984496951103,
            0.44366455078125
        ],
        [
            -0.0024521839804947376,
            0.6343575119972229
        ],
        [
            0.019413232803344727,
            0.7934078574180603
        ],
        [
            0.027665307745337486,
            1.036596655845642
        ]
    ],
    "command": 3,
    "all_plan": [
        [
            [
                -0.0031393952667713165,
                0.704673171043396
            ],
            [
                -0.004588954150676727,
                1.0016286373138428
            ],
            [
                -0.0014997669495642185,
                1.2129188776016235
            ],
            [
                -0.008456139825284481,
                1.4909284114837646
            ],
            [
                -0.014719922095537186,
                1.6352653503417969
            ],
            [
                -0.016803953796625137,
                1.9612326622009277
            ]
        ],
        [
            [
                0.017832733690738678,
                0.6747579574584961
            ],
            [
                0.02078058011829853,
                0.955656111240387
            ],
            [
                0.02549191378057003,
                1.1437350511550903
            ],
            [
                -0.010515628382563591,
                1.3631263971328735
            ],
            [
                -0.025908213108778,
                1.48960280418396
            ],
            [
                -0.03344026952981949,
                1.765566110610962
            ]
        ],
        [
            [
                -0.0045382119715213776,
                0.31803345680236816
            ],
            [
                0.00017150212079286575,
                0.8425512909889221
            ],
            [
                -0.0001451442949473858,
                1.5922508239746094
            ],
            [
                -0.029570404440164566,
                2.5295591354370117
            ],
            [
                0.012372557073831558,
                3.5717239379882812
            ],
            [
                0.023377666249871254,
                4.72418212890625
            ]
        ],
        [
            [
                -0.010127846151590347,
                0.16114497184753418
            ],
            [
                -0.011530975811183453,
                0.30391228199005127
            ],
            [
                -0.009827984496951103,
                0.44366455078125
            ],
            [
                -0.0024521839804947376,
                0.6343575119972229
            ],
            [
                0.019413232803344727,
                0.7934078574180603
            ],
            [
                0.027665307745337486,
                1.036596655845642
            ]
        ],
        [
            [
                0.017707541584968567,
                0.49811306595802307
            ],
            [
                0.03127685934305191,
                1.028395652770996
            ],
            [
                0.04010498896241188,
                1.7133303880691528
            ],
            [
                -0.02785644307732582,
                2.5324249267578125
            ],
            [
                0.003020690754055977,
                3.4422504901885986
            ],
            [
                0.010000724345445633,
                4.429221153259277
            ]
        ],
        [
            [
                0.051222290843725204,
                0.8117344975471497
            ],
            [
                0.07269790023565292,
                1.1539610624313354
            ],
            [
                0.08569329231977463,
                1.3729215860366821
            ],
            [
                -0.019191712141036987,
                1.622119426727295
            ],
            [
                -0.06015288084745407,
                1.763105869293213
            ],
            [
                -0.07491091638803482,
                2.035503625869751
            ]
        ]
    ],
    "tl_trigger": 3.6421286495169625e-05,
    "tl_status": 0
}