{
    "speed": 3.317339179857435,
    "steer": -0.0023400667123496532,
    "throttle": 0.75,
    "brake": 0.0,
    "wp_6": [
        -0.030270153656601906,
        10.73501968383789
    ],
    "wp_5": [
        -0.018383149057626724,
        9.161343574523926
    ],
    "wp_4": [
        -0.018108049407601357,
        7.3443803787231445
    ],
    "wp_3": [
        0.00698498822748661,
        5.328478813171387
    ],
    "wp_2": [
        0.022263720631599426,
        3.4834558963775635
    ],
    "wp_1": [
        0.014282971620559692,
        1.7106380462646484
    ],
    "aim": [
        -0.018108049407601357,
        7.3443803787231445
    ],
    "target": [
        0.2312979369334528,
        22.23399285817321
    ],
    "desired_speed": 3.609865522384643,
    "angle": -0.001569605298804122,
    "angle_last": -0.0048087086761965025,
    "angle_target": 0.006622451013377202,
    "angle_final": -0.001569605298804122,
    "delta": 0.25,
    "agent": "only_traj",
    "steer_traj": -0.0023400667111087327,
    "throttle_traj": 0.75,
    "brake_traj": 0.0,
    "plan": [
        [
            0.014282971620559692,
            1.7106380462646484
        ],
        [
            0.022263720631599426,
            3.4834558963775635
        ],
        [
            0.00698498822748661,
            5.328478813171387
        ],
        [
            -0.018108049407601357,
            7.3443803787231445
        ],
        [
            -0.018383149057626724,
            9.161343574523926
        ],
        [
            -0.030270153656601906,
            10.73501968383789
        ]
    ],
    "command": 3,
    "all_plan": [
        [
            [
                0.03495282679796219,
                1.9297746419906616
            ],
            [
                0.042264796793460846,
                3.8152365684509277
            ],
            [
                0.029149683192372322,
                5.607230186462402
            ],
            [
                -0.03126172721385956,
                7.424455642700195
            ],
            [
                -0.04416988044977188,
                9.045101165771484
            ],
            [
                -0.0664714127779007,
                10.50278377532959
            ]
        ],
        [
            [
                0.03820829838514328,
                1.908192753791809
            ],
            [
                0.05055089294910431,
                3.8292236328125
            ],
            [
                0.034752048552036285,
                5.777283668518066
            ],
            [
                -0.006529893726110458,
                7.811163902282715
            ],
            [
                -0.011064073070883751,
                9.547234535217285
            ],
            [
                -0.0073925224132835865,
                10.935916900634766
            ]
        ],
        [
            [
                0.020398713648319244,
                1.9044030904769897
            ],
            [
                0.028558926656842232,
                3.872107982635498
            ],
            [
                0.009183403104543686,
                5.907548427581787
            ],
            [
                -0.014652930200099945,
                8.104743003845215
            ],
            [
                -0.01969541795551777,
                10.032236099243164
            ],
            [
                -0.026955537497997284,
                11.62214469909668
            ]
        ],
        [
            [
                0.014282971620559692,
                1.7106380462646484
            ],
            [
                0.022263720631599426,
                3.4834558963775635
            ],
            [
                0.00698498822748661,
                5.328478813171387
            ],
            [
                -0.018108049407601357,
                7.3443803787231445
            ],
            [
                -0.018383149057626724,
                9.161343574523926
            ],
            [
                -0.030270153656601906,
                10.73501968383789
            ]
        ],
        [
            [
                0.028116442263126373,
                2.018759250640869
            ],
            [
                0.029753470793366432,
                4.047209739685059
            ],
            [
                -0.0012707822024822235,
                6.106573581695557
            ],
            [
                -0.04598991572856903,
                8.276774406433105
            ],
            [
                -0.07640910893678665,
                10.13376522064209
            ],
            [
                -0.10851158201694489,
                11.592216491699219
            ]
        ],
        [
            [
                0.041155196726322174,
                1.909850001335144
            ],
            [
                0.051776058971881866,
                3.8715691566467285
            ],
            [
                0.03614203631877899,
                5.869384765625
            ],
            [
                0.0026731453835964203,
                7.930161476135254
            ],
            [
                -0.0018374305218458176,
                9.678098678588867
            ],
            [
                0.013308074325323105,
                11.069161415100098
            ]
        ]
    ],
    "tl_trigger": 0.02911580540239811,
    "tl_status": 0
}