{
    "speed": 1.9935371347367417,
    "steer": -0.18082349002361298,
    "throttle": 0.75,
    "brake": 0.0,
    "wp_6": [
        -1.57724928855896,
        7.0440239906311035
    ],
    "wp_5": [
        -1.198713779449463,
        5.629499435424805
    ],
    "wp_4": [
        -0.7866954207420349,
        4.132684230804443
    ],
    "wp_3": [
        -0.2950749397277832,
        2.6921744346618652
    ],
    "wp_2": [
        -0.12242045253515244,
        1.5654432773590088
    ],
    "wp_1": [
        -0.02226109802722931,
        0.7457400560379028
    ],
    "aim": [
        -0.7866954207420349,
        4.132684230804443
    ],
    "target": [
        -6.510508806192423,
        30.05281096743714
    ],
    "desired_speed": 2.6018230676651,
    "angle": -0.11975381043635952,
    "angle_last": -0.1664628938763903,
    "angle_target": -0.13581580686908534,
    "angle_final": -0.11975381043635952,
    "delta": 0.25,
    "agent": "only_traj",
    "steer_traj": -0.180823493896736,
    "throttle_traj": 0.75,
    "brake_traj": 0.0,
    "plan": [
        [
            -0.02226109802722931,
            0.7457400560379028
        ],
        [
            -0.12242045253515244,
            1.5654432773590088
        ],
        [
            -0.2950749397277832,
            2.6921744346618652
        ],
        [
            -0.7866954207420349,
            4.132684230804443
        ],
        [
            -1.198713779449463,
            5.629499435424805
        ],
        [
            -1.57724928855896,
            7.0440239906311035
        ]
    ],
    "command": 3,
    "all_plan": [
        [
            [
                -0.023442905396223068,
                0.6683893203735352
            ],
            [
                -0.10776282846927643,
                1.4153022766113281
            ],
            [
                -0.2537597417831421,
                2.425891876220703
            ],
            [
                -0.6735870838165283,
                3.7814459800720215
            ],
            [
                -1.0206563472747803,
                5.236889362335205
            ],
            [
                -1.3439677953720093,
                6.614652633666992
            ]
        ],
        [
            [
                -0.018131481483578682,
                0.6363391876220703
            ],
            [
                -0.10869511216878891,
                1.4041531085968018
            ],
            [
                -0.2616525888442993,
                2.526280403137207
            ],
            [
                -0.717099666595459,
                3.9819302558898926
            ],
            [
                -1.1018364429473877,
                5.531277656555176
            ],
            [
                -1.4750163555145264,
                7.037021636962891
            ]
        ],
        [
            [
                -0.01675507426261902,
                0.7986491322517395
            ],
            [
                -0.12474647909402847,
                1.69048273563385
            ],
            [
                -0.3139708936214447,
                2.912397623062134
            ],
            [
                -0.8392249345779419,
                4.458407402038574
            ],
            [
                -1.289709210395813,
                6.061003684997559
            ],
            [
                -1.7030227184295654,
                7.572630882263184
            ]
        ],
        [
            [
                -0.02226109802722931,
                0.7457400560379028
            ],
            [
                -0.12242045253515244,
                1.5654432773590088
            ],
            [
                -0.2950749397277832,
                2.6921744346618652
            ],
            [
                -0.7866954207420349,
                4.132684230804443
            ],
            [
                -1.198713779449463,
                5.629499435424805
            ],
            [
                -1.57724928855896,
                7.0440239906311035
            ]
        ],
        [
            [
                -0.00989740900695324,
                0.8271904587745667
            ],
            [
                -0.12471829354763031,
                1.740551471710205
            ],
            [
                -0.3286815285682678,
                2.9800548553466797
            ],
            [
                -0.9053423404693604,
                4.544021129608154
            ],
            [
                -1.4058468341827393,
                6.1648054122924805
            ],
            [
                -1.869073748588562,
                7.691341876983643
            ]
        ],
        [
            [
                -0.02329479530453682,
                0.7005339860916138
            ],
            [
                -0.11741985380649567,
                1.5600557327270508
            ],
            [
                -0.2692558169364929,
                2.7536966800689697
            ],
            [
                -0.6742480993270874,
                4.196541786193848
            ],
            [
                -1.0087532997131348,
                5.687189102172852
            ],
            [
                -1.333458423614502,
                7.154643535614014
            ]
        ]
    ],
    "tl_trigger": 5.72197905057692e-07,
    "tl_status": 0
}