{
    "speed": 4.811409358669231,
    "steer": 0.0016381405293941498,
    "throttle": 0.75,
    "brake": 0.0,
    "wp_6": [
        0.0026710443198680878,
        14.938660621643066
    ],
    "wp_5": [
        -0.024095816537737846,
        12.439348220825195
    ],
    "wp_4": [
        -0.008821476250886917,
        9.637138366699219
    ],
    "wp_3": [
        -0.0483790785074234,
        6.662297248840332
    ],
    "wp_2": [
        -0.020865941420197487,
        3.9961156845092773
    ],
    "wp_1": [
        -0.009345103055238724,
        1.7054117918014526
    ],
    "aim": [
        -0.008821476250886917,
        9.637138366699219
    ],
    "target": [
        0.02490543969191611,
        12.173300210808035
    ],
    "desired_speed": 5.293547058105469,
    "angle": -0.0005827188547280574,
    "angle_last": 0.0068177152199899805,
    "angle_target": 0.0013024630092780007,
    "angle_final": -0.0005827188547280574,
    "delta": 0.25,
    "agent": "only_traj",
    "steer_traj": 0.0016381404831562556,
    "throttle_traj": 0.75,
    "brake_traj": 0.0,
    "plan": [
        [
            -0.009345103055238724,
            1.7054117918014526
        ],
        [
            -0.020865941420197487,
            3.9961156845092773
        ],
        [
            -0.0483790785074234,
            6.662297248840332
        ],
        [
            -0.008821476250886917,
            9.637138366699219
        ],
        [
            -0.024095816537737846,
            12.439348220825195
        ],
        [
            0.0026710443198680878,
            14.938660621643066
        ]
    ],
    "command": 3,
    "all_plan": [
        [
            [
                0.042276643216609955,
                1.570191740989685
            ],
            [
                0.04089021682739258,
                3.675610065460205
            ],
            [
                0.026608550921082497,
                6.194736480712891
            ],
            [
                -0.05925293266773224,
                8.916032791137695
            ],
            [
                -0.1147933080792427,
                11.666817665100098
            ],
            [
                -0.1394042819738388,
                14.375175476074219
            ]
        ],
        [
            [
                0.049375854432582855,
                1.4943568706512451
            ],
            [
                0.07545997947454453,
                3.540557622909546
            ],
            [
                0.1005500853061676,
                6.007218837738037
            ],
            [
                0.04750939831137657,
                8.705265998840332
            ],
            [
                0.053106844425201416,
                11.46205997467041
            ],
            [
                0.09974267333745956,
                14.190988540649414
            ]
        ],
        [
            [
                0.007084779441356659,
                1.8041774034500122
            ],
            [
                -0.0008721854537725449,
                4.248903274536133
            ],
            [
                -0.015924151986837387,
                7.095508098602295
            ],
            [
                -0.02036704123020172,
                10.193233489990234
            ],
            [
                -0.04236797243356705,
                13.205334663391113
            ],
            [
                -0.025322629138827324,
                16.058265686035156
            ]
        ],
        [
            [
                -0.009345103055238724,
                1.7054117918014526
            ],
            [
                -0.020865941420197487,
                3.9961156845092773
            ],
            [
                -0.0483790785074234,
                6.662297248840332
            ],
            [
                -0.008821476250886917,
                9.637138366699219
            ],
            [
                -0.024095816537737846,
                12.439348220825195
            ],
            [
                0.0026710443198680878,
                14.938660621643066
            ]
        ],
        [
            [
                0.018624983727931976,
                1.725335717201233
            ],
            [
                0.013640375807881355,
                4.039758205413818
            ],
            [
                0.012472186237573624,
                6.767335891723633
            ],
            [
                -0.036200687289237976,
                9.705533981323242
            ],
            [
                -0.06770531088113785,
                12.646535873413086
            ],
            [
                -0.07022152841091156,
                15.497593879699707
            ]
        ],
        [
            [
                0.08488085120916367,
                1.6063175201416016
            ],
            [
                0.1340031623840332,
                3.654927968978882
            ],
            [
                0.17799589037895203,
                6.04500675201416
            ],
            [
                0.09272062033414841,
                8.60739803314209
            ],
            [
                0.10506260395050049,
                11.254150390625
            ],
            [
                0.16674676537513733,
                13.89874267578125
            ]
        ]
    ],
    "tl_trigger": 0.9783519506454468,
    "tl_status": 2
}