{
    "speed": 2.1867792786376588,
    "steer": -0.007153485901653767,
    "throttle": 0.0,
    "brake": 1.0,
    "wp_6": [
        -0.041343752294778824,
        0.4824126064777374
    ],
    "wp_5": [
        -0.027953147888183594,
        0.3849785327911377
    ],
    "wp_4": [
        -0.00946178287267685,
        0.36937445402145386
    ],
    "wp_3": [
        0.025419119745492935,
        0.41746580600738525
    ],
    "wp_2": [
        0.026369787752628326,
        0.389873743057251
    ],
    "wp_1": [
        0.02821936644613743,
        0.30088481307029724
    ],
    "aim": [
        -0.00946178287267685,
        0.36937445402145386
    ],
    "target": [
        -0.2567226312866595,
        18.802135144540827
    ],
    "desired_speed": 0.1194284528493881,
    "angle": -0.016303841158337183,
    "angle_last": -0.08694750116089896,
    "angle_target": -0.008691807958853687,
    "angle_final": -0.008691807958853687,
    "delta": 0.0,
    "agent": "only_traj",
    "steer_traj": -0.007153486007642289,
    "throttle_traj": 0.0,
    "brake_traj": 1.0,
    "plan": [
        [
            0.02821936644613743,
            0.30088481307029724
        ],
        [
            0.026369787752628326,
            0.389873743057251
        ],
        [
            0.025419119745492935,
            0.41746580600738525
        ],
        [
            -0.00946178287267685,
            0.36937445402145386
        ],
        [
            -0.027953147888183594,
            0.3849785327911377
        ],
        [
            -0.041343752294778824,
            0.4824126064777374
        ]
    ],
    "command": 3,
    "all_plan": [
        [
            [
                0.046417515724897385,
                0.4331897795200348
            ],
            [
                0.05511656403541565,
                0.6035000085830688
            ],
            [
                0.062086209654808044,
                0.7072532176971436
            ],
            [
                -0.010376788675785065,
                0.73438960313797
            ],
            [
                -0.030646545812487602,
                0.8422304391860962
            ],
            [
                -0.04268895834684372,
                0.9705256819725037
            ]
        ],
        [
            [
                0.051189109683036804,
                0.39425891637802124
            ],
            [
                0.06043364107608795,
                0.5465335845947266
            ],
            [
                0.06714537739753723,
                0.6313892602920532
            ],
            [
                -0.01075790822505951,
                0.6368466019630432
            ],
            [
                -0.03420586138963699,
                0.721364438533783
            ],
            [
                -0.04820248484611511,
                0.8231059312820435
            ]
        ],
        [
            [
                0.0401892326772213,
                0.36188632249832153
            ],
            [
                0.04427996277809143,
                0.49118852615356445
            ],
            [
                0.04743665084242821,
                0.5516141653060913
            ],
            [
                -0.009476132690906525,
                0.5268433094024658
            ],
            [
                -0.029643725603818893,
                0.5831796526908875
            ],
            [
                -0.04220138490200043,
                0.6782232522964478
            ]
        ],
        [
            [
                0.02821936644613743,
                0.30088481307029724
            ],
            [
                0.026369787752628326,
                0.389873743057251
            ],
            [
                0.025419119745492935,
                0.41746580600738525
            ],
            [
                -0.00946178287267685,
                0.36937445402145386
            ],
            [
                -0.027953147888183594,
                0.3849785327911377
            ],
            [
                -0.041343752294778824,
                0.4824126064777374
            ]
        ],
        [
            [
                0.05061819776892662,
                0.45681869983673096
            ],
            [
                0.05007083714008331,
                0.6276355981826782
            ],
            [
                0.055282335728406906,
                0.7671338319778442
            ],
            [
                -0.02029861882328987,
                0.8157544136047363
            ],
            [
                -0.043633729219436646,
                0.9823269844055176
            ],
            [
                -0.05958539992570877,
                1.1954113245010376
            ]
        ],
        [
            [
                0.05087311938405037,
                0.38030341267585754
            ],
            [
                0.06102817878127098,
                0.5308781266212463
            ],
            [
                0.06848395615816116,
                0.6185105443000793
            ],
            [
                -0.0102425217628479,
                0.6345953941345215
            ],
            [
                -0.032960422337055206,
                0.7231049537658691
            ],
            [
                -0.04634234309196472,
                0.8214753866195679
            ]
        ]
    ],
    "tl_trigger": 0.9999947547912598,
    "tl_status": 0
}