{
    "speed": 6.590027404280548,
    "steer": 0.015001955442130566,
    "throttle": 0.75,
    "brake": 0.0,
    "wp_6": [
        1.5979125499725342,
        21.42963218688965
    ],
    "wp_5": [
        1.2448124885559082,
        18.240346908569336
    ],
    "wp_4": [
        1.0247182846069336,
        14.844345092773438
    ],
    "wp_3": [
        1.2763293981552124,
        11.276812553405762
    ],
    "wp_2": [
        0.926506757736206,
        7.729536056518555
    ],
    "wp_1": [
        0.5120214819908142,
        3.9306492805480957
    ],
    "aim": [
        1.0247182846069336,
        14.844345092773438
    ],
    "target": [
        0.36127158447952246,
        12.474680213568455
    ],
    "desired_speed": 7.0296834945678714,
    "angle": 0.043876803836663605,
    "angle_last": 0.07019716547628008,
    "angle_target": 0.01843160415231303,
    "angle_final": 0.01843160415231303,
    "delta": 0.25,
    "agent": "only_traj",
    "steer_traj": 0.015001955777381339,
    "throttle_traj": 0.75,
    "brake_traj": 0.0,
    "plan": [
        [
            0.5120214819908142,
            3.9306492805480957
        ],
        [
            0.926506757736206,
            7.729536056518555
        ],
        [
            1.2763293981552124,
            11.276812553405762
        ],
        [
            1.0247182846069336,
            14.844345092773438
        ],
        [
            1.2448124885559082,
            18.240346908569336
        ],
        [
            1.5979125499725342,
            21.42963218688965
        ]
    ],
    "command": 3,
    "all_plan": [
        [
            [
                0.5446643829345703,
                3.7556657791137695
            ],
            [
                0.9427207708358765,
                7.3513593673706055
            ],
            [
                1.2652924060821533,
                10.719072341918945
            ],
            [
                0.8842847347259521,
                14.023128509521484
            ],
            [
                1.0149407386779785,
                17.198150634765625
            ],
            [
                1.2710704803466797,
                20.198253631591797
            ]
        ],
        [
            [
                0.7340021729469299,
                3.75140380859375
            ],
            [
                1.3336505889892578,
                7.414363861083984
            ],
            [
                1.8312876224517822,
                10.850104331970215
            ],
            [
                1.367231845855713,
                14.350015640258789
            ],
            [
                1.6389539241790771,
                17.463359832763672
            ],
            [
                2.038620710372925,
                20.442153930664062
            ]
        ],
        [
            [
                0.5410014390945435,
                4.013739109039307
            ],
            [
                0.9907468557357788,
                7.922515392303467
            ],
            [
                1.383109211921692,
                11.654346466064453
            ],
            [
                1.128399133682251,
                15.431195259094238
            ],
            [
                1.389223575592041,
                19.181896209716797
            ],
            [
                1.7827186584472656,
                22.824003219604492
            ]
        ],
        [
            [
                0.5120214819908142,
                3.9306492805480957
            ],
            [
                0.926506757736206,
                7.729536056518555
            ],
            [
                1.2763293981552124,
                11.276812553405762
            ],
            [
                1.0247182846069336,
                14.844345092773438
            ],
            [
                1.2448124885559082,
                18.240346908569336
            ],
            [
                1.5979125499725342,
                21.42963218688965
            ]
        ],
        [
            [
                0.5716700553894043,
                3.8694396018981934
            ],
            [
                1.024073839187622,
                7.61530065536499
            ],
            [
                1.4112794399261475,
                11.188799858093262
            ],
            [
                1.0668058395385742,
                14.794435501098633
            ],
            [
                1.2826554775238037,
                18.380638122558594
            ],
            [
                1.6334199905395508,
                21.853588104248047
            ]
        ],
        [
            [
                0.7271132469177246,
                3.5460171699523926
            ],
            [
                1.3153002262115479,
                7.082167625427246
            ],
            [
                1.8015652894973755,
                10.411118507385254
            ],
            [
                1.3235509395599365,
                13.700100898742676
            ],
            [
                1.5865788459777832,
                16.47663116455078
            ],
            [
                1.9689913988113403,
                19.15461540222168
            ]
        ]
    ],
    "tl_trigger": 5.470062092172157e-07,
    "tl_status": 0
}