{
    "speed": 8.30262901208379,
    "steer": 0.00874358881264925,
    "throttle": 0.0,
    "brake": 1.0,
    "wp_6": [
        -0.4322032928466797,
        22.189584732055664
    ],
    "wp_5": [
        -0.2949391305446625,
        18.718334197998047
    ],
    "wp_4": [
        -0.196799173951149,
        15.213154792785645
    ],
    "wp_3": [
        -0.07574822753667831,
        11.71586799621582
    ],
    "wp_2": [
        -0.01168331503868103,
        8.023488998413086
    ],
    "wp_1": [
        0.03528530150651932,
        4.133615493774414
    ],
    "aim": [
        -0.196799173951149,
        15.213154792785645
    ],
    "target": [
        -0.3953282142543493,
        3.063508600341478
    ],
    "desired_speed": 7.225195693969727,
    "angle": -0.008234883345856453,
    "angle_last": -0.02516085101905583,
    "angle_target": -0.08170062237334676,
    "angle_final": -0.008234883345856453,
    "delta": 0.0,
    "agent": "only_traj",
    "steer_traj": 0.008743589195863991,
    "throttle_traj": 0.0,
    "brake_traj": 1.0,
    "plan": [
        [
            0.03528530150651932,
            4.133615493774414
        ],
        [
            -0.01168331503868103,
            8.023488998413086
        ],
        [
            -0.07574822753667831,
            11.71586799621582
        ],
        [
            -0.196799173951149,
            15.213154792785645
        ],
        [
            -0.2949391305446625,
            18.718334197998047
        ],
        [
            -0.4322032928466797,
            22.189584732055664
        ]
    ],
    "command": 3,
    "all_plan": [
        [
            [
                0.09254930168390274,
                2.9019713401794434
            ],
            [
                0.11364775896072388,
                5.138843536376953
            ],
            [
                0.024128898978233337,
                6.9963836669921875
            ],
            [
                -0.5025389194488525,
                8.290209770202637
            ],
            [
                -0.7425631284713745,
                9.310940742492676
            ],
            [
                -0.8996627330780029,
                10.041909217834473
            ]
        ],
        [
            [
                0.18110322952270508,
                2.3174896240234375
            ],
            [
                0.9876492023468018,
                3.4281368255615234
            ],
            [
                1.282684087753296,
                4.2550883293151855
            ],
            [
                1.5190191268920898,
                5.311611175537109
            ],
            [
                2.205495595932007,
                5.756821155548096
            ],
            [
                3.2028050422668457,
                5.775808811187744
            ]
        ],
        [
            [
                0.0660935640335083,
                4.230105400085449
            ],
            [
                0.02908962219953537,
                8.227646827697754
            ],
            [
                -0.04444003105163574,
                12.13425064086914
            ],
            [
                -0.308598130941391,
                15.844080924987793
            ],
            [
                -0.45957982540130615,
                19.80009651184082
            ],
            [
                -0.6272760629653931,
                23.900432586669922
            ]
        ],
        [
            [
                0.03528530150651932,
                4.133615493774414
            ],
            [
                -0.01168331503868103,
                8.023488998413086
            ],
            [
                -0.07574822753667831,
                11.71586799621582
            ],
            [
                -0.196799173951149,
                15.213154792785645
            ],
            [
                -0.2949391305446625,
                18.718334197998047
            ],
            [
                -0.4322032928466797,
                22.189584732055664
            ]
        ],
        [
            [
                -0.05352156609296799,
                3.9404282569885254
            ],
            [
                0.08983614295721054,
                7.054044723510742
            ],
            [
                0.16533581912517548,
                9.874934196472168
            ],
            [
                -0.3334429860115051,
                12.148215293884277
            ],
            [
                -0.24663493037223816,
                14.587029457092285
            ],
            [
                -0.011616066098213196,
                17.166688919067383
            ]
        ],
        [
            [
                0.2909987270832062,
                1.7706751823425293
            ],
            [
                0.9230993986129761,
                2.4851434230804443
            ],
            [
                1.0747292041778564,
                2.960456132888794
            ],
            [
                1.1148555278778076,
                3.662574291229248
            ],
            [
                1.407301664352417,
                3.8295693397521973
            ],
            [
                1.8788971900939941,
                3.643953800201416
            ]
        ]
    ],
    "tl_trigger": 5.878803790437814e-07,
    "tl_status": 0
}