{
    "speed": -2.7442534129697986e-05,
    "steer": -0.033974699676036835,
    "throttle": 0.0,
    "brake": 1.0,
    "wp_6": [
        -0.00041031569708138704,
        0.011511355638504028
    ],
    "wp_5": [
        -0.00024537614081054926,
        0.005851328372955322
    ],
    "wp_4": [
        -0.00016782514285296202,
        0.005232851952314377
    ],
    "wp_3": [
        0.0009950656676664948,
        0.0021724291145801544
    ],
    "wp_2": [
        0.0003230368020012975,
        0.0039882659912109375
    ],
    "wp_1": [
        0.0018758178921416402,
        0.0010889768600463867
    ],
    "aim": [
        -0.00016782514285296202,
        0.005232851952314377
    ],
    "target": [
        0.5499280422346497,
        10.983271681624808
    ],
    "desired_speed": 0.005913915159180761,
    "angle": -0.020410302669330405,
    "angle_last": -0.01854657171780626,
    "angle_target": 0.03184870189709369,
    "angle_final": -0.020410302669330405,
    "delta": 0.005941357693310459,
    "agent": "only_traj",
    "steer_traj": -0.03397469881469715,
    "throttle_traj": 0.0,
    "brake_traj": 1.0,
    "plan": [
        [
            0.0018758178921416402,
            0.0010889768600463867
        ],
        [
            0.0003230368020012975,
            0.0039882659912109375
        ],
        [
            0.0009950656676664948,
            0.0021724291145801544
        ],
        [
            -0.00016782514285296202,
            0.005232851952314377
        ],
        [
            -0.00024537614081054926,
            0.005851328372955322
        ],
        [
            -0.00041031569708138704,
            0.011511355638504028
        ]
    ],
    "command": 3,
    "all_plan": [
        [
            [
                0.0019587986171245575,
                -0.004373788833618164
            ],
            [
                0.0006066244095563889,
                -0.0025391876697540283
            ],
            [
                0.0013955342583358288,
                -0.004998382180929184
            ],
            [
                -3.7262216210365295e-06,
                -0.0008032359182834625
            ],
            [
                -2.4885637685656548e-05,
                -0.001307561993598938
            ],
            [
                -2.6191817596554756e-05,
                0.0009162575006484985
            ]
        ],
        [
            [
                0.0020351409912109375,
                -0.00939953327178955
            ],
            [
                0.000867525115609169,
                -0.008544445037841797
            ],
            [
                0.001763965468853712,
                -0.011595528572797775
            ],
            [
                0.000147244893014431,
                -0.006356436759233475
            ],
            [
                0.00017796573229134083,
                -0.007893741130828857
            ],
            [
                0.00032720225863158703,
                -0.008831232786178589
            ]
        ],
        [
            [
                0.0019886717200279236,
                -0.006340384483337402
            ],
            [
                0.0007087159901857376,
                -0.004889070987701416
            ],
            [
                0.0015397029928863049,
                -0.007579874247312546
            ],
            [
                5.5349431931972504e-05,
                -0.0029762275516986847
            ],
            [
                5.4490985348820686e-05,
                -0.0038847625255584717
            ],
            [
                0.00011209282092750072,
                -0.002897977828979492
            ]
        ],
        [
            [
                0.0018758178921416402,
                0.0010889768600463867
            ],
            [
                0.0003230368020012975,
                0.0039882659912109375
            ],
            [
                0.0009950656676664948,
                0.0021724291145801544
            ],
            [
                -0.00016782514285296202,
                0.005232851952314377
            ],
            [
                -0.00024537614081054926,
                0.005851328372955322
            ],
            [
                -0.00041031569708138704,
                0.011511355638504028
            ]
        ],
        [
            [
                0.0020749717950820923,
                -0.012021660804748535
            ],
            [
                0.0010036472231149673,
                -0.01167762279510498
            ],
            [
                0.001956190448254347,
                -0.015037517994642258
            ],
            [
                0.0002260124310851097,
                -0.009253758937120438
            ],
            [
                0.0002838012296706438,
                -0.011330008506774902
            ],
            [
                0.000511581776663661,
                -0.013916879892349243
            ]
        ],
        [
            [
                0.0019969698041677475,
                -0.006886661052703857
            ],
            [
                0.0007370747625827789,
                -0.005541816353797913
            ],
            [
                0.0015797498635947704,
                -0.00829695537686348
            ],
            [
                7.175933569669724e-05,
                -0.0035798363387584686
            ],
            [
                7.654004730284214e-05,
                -0.004600651562213898
            ],
            [
                0.00015050522051751614,
                -0.003957487642765045
            ]
        ]
    ],
    "tl_trigger": 0.9999991655349731,
    "tl_status": 0
}