{
    "speed": -2.880189839793364e-05,
    "steer": -0.022801969200372696,
    "throttle": 0.0,
    "brake": 1.0,
    "wp_6": [
        -0.0014858628856018186,
        0.04117763042449951
    ],
    "wp_5": [
        -0.00086274987552315,
        0.02589622139930725
    ],
    "wp_4": [
        -0.0006273024482652545,
        0.022133897989988327
    ],
    "wp_3": [
        -0.0001262467121705413,
        0.022250700742006302
    ],
    "wp_2": [
        -0.0004710088251158595,
        0.022265136241912842
    ],
    "wp_1": [
        0.0016434715362265706,
        0.01638472080230713
    ],
    "aim": [
        -0.0006273024482652545,
        0.022133897989988327
    ],
    "target": [
        0.47152162849487156,
        9.683432026117673
    ],
    "desired_speed": 0.010468947992194444,
    "angle": -0.01803772262464031,
    "angle_last": -0.02594434960784707,
    "angle_target": 0.03097487322150211,
    "angle_final": -0.01803772262464031,
    "delta": 0.010497749890592378,
    "agent": "only_traj",
    "steer_traj": -0.02280196998873426,
    "throttle_traj": 0.0,
    "brake_traj": 1.0,
    "plan": [
        [
            0.0016434715362265706,
            0.01638472080230713
        ],
        [
            -0.0004710088251158595,
            0.022265136241912842
        ],
        [
            -0.0001262467121705413,
            0.022250700742006302
        ],
        [
            -0.0006273024482652545,
            0.022133897989988327
        ],
        [
            -0.00086274987552315,
            0.02589622139930725
        ],
        [
            -0.0014858628856018186,
            0.04117763042449951
        ]
    ],
    "command": 3,
    "all_plan": [
        [
            [
                0.0014559348346665502,
                0.028730571269989014
            ],
            [
                -0.0011119170812889934,
                0.037017181515693665
            ],
            [
                -0.0010313059901818633,
                0.03845673426985741
            ],
            [
                -0.0009981662733480334,
                0.035775456577539444
            ],
            [
                -0.0013610586756840348,
                0.04207531362771988
            ],
            [
                -0.002353982999920845,
                0.06512255221605301
            ]
        ],
        [
            [
                0.0014758502366021276,
                0.02741950750350952
            ],
            [
                -0.0010438560275360942,
                0.03545059263706207
            ],
            [
                -0.0009351935004815459,
                0.036735739558935165
            ],
            [
                -0.0009587825043126941,
                0.03432679548859596
            ],
            [
                -0.0013081409269943833,
                0.04035717993974686
            ],
            [
                -0.002261793240904808,
                0.06257972866296768
            ]
        ],
        [
            [
                0.0018044543685391545,
                0.0057869553565979
            ],
            [
                7.915135938674212e-05,
                0.009601876139640808
            ],
            [
                0.0006506625795736909,
                0.008339326828718185
            ],
            [
                -0.0003089503152295947,
                0.010423887521028519
            ],
            [
                -0.00043499807361513376,
                0.012007974088191986
            ],
            [
                -0.0007406623335555196,
                0.020623140037059784
            ]
        ],
        [
            [
                0.0016434715362265706,
                0.01638472080230713
            ],
            [
                -0.0004710088251158595,
                0.022265136241912842
            ],
            [
                -0.0001262467121705413,
                0.022250700742006302
            ],
            [
                -0.0006273024482652545,
                0.022133897989988327
            ],
            [
                -0.00086274987552315,
                0.02589622139930725
            ],
            [
                -0.0014858628856018186,
                0.04117763042449951
            ]
        ],
        [
            [
                0.0015820657135918736,
                0.020427167415618896
            ],
            [
                -0.0006808637408539653,
                0.027095451951026917
            ],
            [
                -0.00042259355541318655,
                0.027557101100683212
            ],
            [
                -0.0007487357361242175,
                0.026600603014230728
            ],
            [
                -0.0010259129339829087,
                0.031193800270557404
            ],
            [
                -0.0017701146425679326,
                0.049018003046512604
            ]
        ],
        [
            [
                0.0015007444890215993,
                0.025780677795410156
            ],
            [
                -0.0009587797103449702,
                0.03349235653877258
            ],
            [
                -0.0008150528883561492,
                0.034584496170282364
            ],
            [
                -0.0009095527930185199,
                0.03251596912741661
            ],
            [
                -0.001241993741132319,
                0.03820951282978058
            ],
            [
                -0.002146556042134762,
                0.05940119922161102
            ]
        ]
    ],
    "tl_trigger": 0.9999991655349731,
    "tl_status": 0
}