{
    "speed": 6.299094992781726,
    "steer": -0.039234060794115067,
    "throttle": 0.0,
    "brake": 1.0,
    "wp_6": [
        7.465313911437988,
        10.889002799987793
    ],
    "wp_5": [
        5.694624900817871,
        10.60214614868164
    ],
    "wp_4": [
        3.6935839653015137,
        9.993124961853027
    ],
    "wp_3": [
        1.5359785556793213,
        8.534018516540527
    ],
    "wp_2": [
        0.36391711235046387,
        6.356819152832031
    ],
    "wp_1": [
        -0.17793059349060059,
        3.349137783050537
    ],
    "aim": [
        3.6935839653015137,
        9.993124961853027
    ],
    "target": [
        -0.13058818614539924,
        4.35095945906278
    ],
    "desired_speed": 4.8075345993042,
    "angle": 0.22538824622885392,
    "angle_last": 0.8977540887225386,
    "angle_target": -0.019101550449170394,
    "angle_final": -0.019101550449170394,
    "delta": 0.0,
    "agent": "only_traj",
    "steer_traj": -0.03923405928580116,
    "throttle_traj": 0.0,
    "brake_traj": 1.0,
    "plan": [
        [
            -0.17793059349060059,
            3.349137783050537
        ],
        [
            0.36391711235046387,
            6.356819152832031
        ],
        [
            1.5359785556793213,
            8.534018516540527
        ],
        [
            3.6935839653015137,
            9.993124961853027
        ],
        [
            5.694624900817871,
            10.60214614868164
        ],
        [
            7.465313911437988,
            10.889002799987793
        ]
    ],
    "command": 3,
    "all_plan": [
        [
            [
                -0.19655701518058777,
                3.782315254211426
            ],
            [
                0.6650874614715576,
                6.896435737609863
            ],
            [
                2.274723529815674,
                9.079299926757812
            ],
            [
                4.956214904785156,
                10.347801208496094
            ],
            [
                7.565703392028809,
                10.650619506835938
            ],
            [
                9.822149276733398,
                10.507539749145508
            ]
        ],
        [
            [
                -0.07293538004159927,
                3.583866596221924
            ],
            [
                1.028666615486145,
                6.424826622009277
            ],
            [
                2.9906980991363525,
                8.405326843261719
            ],
            [
                5.768248558044434,
                9.669844627380371
            ],
            [
                8.95942497253418,
                10.017430305480957
            ],
            [
                11.832813262939453,
                10.006195068359375
            ]
        ],
        [
            [
                -0.20589691400527954,
                3.806729793548584
            ],
            [
                0.7634948492050171,
                7.081051826477051
            ],
            [
                2.539702892303467,
                9.453252792358398
            ],
            [
                5.604589462280273,
                10.930755615234375
            ],
            [
                8.46131706237793,
                11.455544471740723
            ],
            [
                10.957244873046875,
                11.595252990722656
            ]
        ],
        [
            [
                -0.17793059349060059,
                3.349137783050537
            ],
            [
                0.36391711235046387,
                6.356819152832031
            ],
            [
                1.5359785556793213,
                8.534018516540527
            ],
            [
                3.6935839653015137,
                9.993124961853027
            ],
            [
                5.694624900817871,
                10.60214614868164
            ],
            [
                7.465313911437988,
                10.889002799987793
            ]
        ],
        [
            [
                -0.19463637471199036,
                3.799816131591797
            ],
            [
                0.8191114664077759,
                6.972361087799072
            ],
            [
                2.690138578414917,
                9.247335433959961
            ],
            [
                5.645872592926025,
                10.664876937866211
            ],
            [
                8.664749145507812,
                11.129059791564941
            ],
            [
                11.332159042358398,
                11.21362018585205
            ]
        ],
        [
            [
                -0.14876514673233032,
                3.5331506729125977
            ],
            [
                0.6307235956192017,
                6.5943498611450195
            ],
            [
                2.304090976715088,
                8.848241806030273
            ],
            [
                4.610091209411621,
                10.33594036102295
            ],
            [
                7.304950714111328,
                10.909809112548828
            ],
            [
                9.660465240478516,
                11.129761695861816
            ]
        ]
    ],
    "tl_trigger": 0.005901580210775137,
    "tl_status": 2
}