{
    "speed": 7.468632296100763,
    "steer": 0.03322369605302811,
    "throttle": 0.07694631069898605,
    "brake": 0.0,
    "wp_6": [
        1.430593729019165,
        22.448301315307617
    ],
    "wp_5": [
        1.0957590341567993,
        18.790931701660156
    ],
    "wp_4": [
        0.7967457175254822,
        15.057536125183105
    ],
    "wp_3": [
        0.7153988480567932,
        11.308789253234863
    ],
    "wp_2": [
        0.45011988282203674,
        7.597429275512695
    ],
    "wp_1": [
        0.20630750060081482,
        3.7823381423950195
    ],
    "aim": [
        0.7967457175254822,
        15.057536125183105
    ],
    "target": [
        0.412509970672176,
        3.7909274566732596
    ],
    "desired_speed": 7.484538841247558,
    "angle": 0.033654363269868634,
    "angle_last": 0.05812093567775287,
    "angle_target": 0.06900232304393346,
    "angle_final": 0.033654363269868634,
    "delta": 0.01590654514679546,
    "agent": "only_traj",
    "steer_traj": 0.03322369424369102,
    "throttle_traj": 0.0769463129168364,
    "brake_traj": 0.0,
    "plan": [
        [
            0.20630750060081482,
            3.7823381423950195
        ],
        [
            0.45011988282203674,
            7.597429275512695
        ],
        [
            0.7153988480567932,
            11.308789253234863
        ],
        [
            0.7967457175254822,
            15.057536125183105
        ],
        [
            1.0957590341567993,
            18.790931701660156
        ],
        [
            1.430593729019165,
            22.448301315307617
        ]
    ],
    "command": 3,
    "all_plan": [
        [
            [
                0.23459497094154358,
                2.12479829788208
            ],
            [
                0.5627354383468628,
                3.3600852489471436
            ],
            [
                0.6524812579154968,
                4.229432106018066
            ],
            [
                0.5500705242156982,
                4.999837398529053
            ],
            [
                0.7588855028152466,
                5.551861763000488
            ],
            [
                1.1138170957565308,
                5.789541244506836
            ]
        ],
        [
            [
                0.33786413073539734,
                2.1725690364837646
            ],
            [
                0.9853777885437012,
                3.2090539932250977
            ],
            [
                1.366897463798523,
                3.82840633392334
            ],
            [
                1.4880807399749756,
                4.668453693389893
            ],
            [
                2.226614236831665,
                5.272950649261475
            ],
            [
                3.1532092094421387,
                5.571468353271484
            ]
        ],
        [
            [
                0.26270791888237,
                3.6688618659973145
            ],
            [
                0.536094605922699,
                7.370920181274414
            ],
            [
                0.8136755228042603,
                10.9942045211792
            ],
            [
                0.8326192498207092,
                14.63634204864502
            ],
            [
                1.1161383390426636,
                18.327617645263672
            ],
            [
                1.4535192251205444,
                21.991376876831055
            ]
        ],
        [
            [
                0.20630750060081482,
                3.7823381423950195
            ],
            [
                0.45011988282203674,
                7.597429275512695
            ],
            [
                0.7153988480567932,
                11.308789253234863
            ],
            [
                0.7967457175254822,
                15.057536125183105
            ],
            [
                1.0957590341567993,
                18.790931701660156
            ],
            [
                1.430593729019165,
                22.448301315307617
            ]
        ],
        [
            [
                0.3087861239910126,
                3.272843837738037
            ],
            [
                0.6394411325454712,
                6.4302978515625
            ],
            [
                1.053123950958252,
                9.429259300231934
            ],
            [
                1.059471845626831,
                12.268946647644043
            ],
            [
                1.5277764797210693,
                15.201327323913574
            ],
            [
                2.0335049629211426,
                18.15053367614746
            ]
        ],
        [
            [
                0.4033907353878021,
                1.424243688583374
            ],
            [
                1.1473115682601929,
                1.6527963876724243
            ],
            [
                1.3625109195709229,
                1.612442970275879
            ],
            [
                1.3744667768478394,
                1.927725911140442
            ],
            [
                1.7833141088485718,
                1.9254286289215088
            ],
            [
                2.4768552780151367,
                1.647686243057251
            ]
        ]
    ],
    "tl_trigger": 5.231909199210349e-07,
    "tl_status": 0
}