{
    "speed": 2.2417938178987606,
    "steer": 0.15949350595474243,
    "throttle": 0.75,
    "brake": 0.0,
    "wp_6": [
        8.774901390075684,
        13.025348663330078
    ],
    "wp_5": [
        6.837929725646973,
        10.823779106140137
    ],
    "wp_4": [
        5.097224712371826,
        8.559956550598145
    ],
    "wp_3": [
        4.1593217849731445,
        5.70245885848999
    ],
    "wp_2": [
        2.562361001968384,
        3.942578077316284
    ],
    "wp_1": [
        1.0986195802688599,
        2.0818018913269043
    ],
    "aim": [
        5.097224712371826,
        8.559956550598145
    ],
    "target": [
        0.776749145936602,
        7.793560549291607
    ],
    "desired_speed": 5.415787410736084,
    "angle": 0.34191848311339534,
    "angle_last": 0.45935299909855104,
    "angle_target": 0.0632401899745121,
    "angle_final": 0.0632401899745121,
    "delta": 0.25,
    "log_entries": [
        "norm1:3.52",
        "norm2:5.88",
        "norm3:8.50",
        "norm4:11.38",
        "norm5:14.25",
        " ",
        " ",
        " ",
        " ",
        " ",
        " ",
        " ",
        " ",
        " ",
        " ",
        " ",
        " ",
        " ",
        " ",
        " ",
        " ",
        " ",
        " ",
        " ",
        " ",
        " "
    ],
    "agent": "only_traj",
    "steer_traj": 0.15949350240235097,
    "throttle_traj": 0.75,
    "brake_traj": 0.0,
    "plan": [
        [
            1.0986195802688599,
            2.0818018913269043
        ],
        [
            2.562361001968384,
            3.942578077316284
        ],
        [
            4.1593217849731445,
            5.70245885848999
        ],
        [
            5.097224712371826,
            8.559956550598145
        ],
        [
            6.837929725646973,
            10.823779106140137
        ],
        [
            8.774901390075684,
            13.025348663330078
        ]
    ],
    "command": 1,
    "redefined_command": 1,
    "cmd_softmax_output": [
        0.6305116415023804,
        0.21637770533561707,
        0.15311071276664734
    ],
    "all_plan": [
        [
            [
                0.8925983309745789,
                2.028323173522949
            ],
            [
                2.1310391426086426,
                4.051850318908691
            ],
            [
                3.481640577316284,
                6.029181003570557
            ],
            [
                4.393324851989746,
                8.902502059936523
            ],
            [
                5.901683807373047,
                11.351958274841309
            ],
            [
                7.563688278198242,
                13.733144760131836
            ]
        ],
        [
            [
                1.0986195802688599,
                2.0818018913269043
            ],
            [
                2.562361001968384,
                3.942578077316284
            ],
            [
                4.1593217849731445,
                5.70245885848999
            ],
            [
                5.097224712371826,
                8.559956550598145
            ],
            [
                6.837929725646973,
                10.823779106140137
            ],
            [
                8.774901390075684,
                13.025348663330078
            ]
        ],
        [
            [
                0.7346411943435669,
                1.9990750551223755
            ],
            [
                1.9452686309814453,
                4.234642028808594
            ],
            [
                3.370256185531616,
                6.504485130310059
            ],
            [
                4.798893928527832,
                9.579560279846191
            ],
            [
                6.613714218139648,
                12.251262664794922
            ],
            [
                8.579720497131348,
                14.85419750213623
            ]
        ],
        [
            [
                0.5781049132347107,
                1.8106424808502197
            ],
            [
                1.6229698657989502,
                3.926966428756714
            ],
            [
                2.920477867126465,
                6.10413932800293
            ],
            [
                4.374029159545898,
                9.012096405029297
            ],
            [
                6.1500325202941895,
                11.529022216796875
            ],
            [
                8.11213493347168,
                13.937929153442383
            ]
        ],
        [
            [
                0.9225360751152039,
                2.1011111736297607
            ],
            [
                2.2915563583374023,
                4.247788429260254
            ],
            [
                3.8168349266052246,
                6.346105098724365
            ],
            [
                5.096909523010254,
                9.366558074951172
            ],
            [
                6.879714488983154,
                11.902649879455566
            ],
            [
                8.791865348815918,
                14.383700370788574
            ]
        ],
        [
            [
                1.1142386198043823,
                2.1413493156433105
            ],
            [
                2.559952735900879,
                4.038839340209961
            ],
            [
                4.105989456176758,
                5.812211513519287
            ],
            [
                4.922908306121826,
                8.634305953979492
            ],
            [
                6.553460121154785,
                10.883554458618164
            ],
            [
                8.354560852050781,
                13.076533317565918
            ]
        ]
    ],
    "tl_trigger": 4.029911337966041e-07,
    "tl_status": 0
}