{
    "speed": 6.9364806680589295,
    "steer": -0.014104077592492104,
    "throttle": 0.0,
    "brake": 0.0,
    "wp_6": [
        -1.3505737781524658,
        20.648303985595703
    ],
    "wp_5": [
        -1.0393391847610474,
        17.750764846801758
    ],
    "wp_4": [
        -0.7089917063713074,
        14.529085159301758
    ],
    "wp_3": [
        -0.35168227553367615,
        11.02878475189209
    ],
    "wp_2": [
        -0.16353723406791687,
        7.381343841552734
    ],
    "wp_1": [
        -0.021898023784160614,
        3.67080020904541
    ],
    "aim": [
        -0.16353723406791687,
        7.381343841552734
    ],
    "target": [
        -1.4790032935313953,
        26.440459006597756
    ],
    "desired_speed": 6.814721870422363,
    "angle": -0.014102319406860518,
    "angle_last": -0.06812031238673114,
    "angle_target": -0.03557360866272837,
    "angle_final": -0.014102319406860518,
    "delta": 0.0,
    "log_entries": [
        "norm1:5.53",
        "norm2:9.21",
        "norm3:12.79",
        "norm4:16.16",
        "norm5:19.24",
        " ",
        " ",
        " ",
        " ",
        " ",
        " ",
        " ",
        " ",
        " ",
        " ",
        " ",
        " ",
        " ",
        " ",
        " ",
        " ",
        " ",
        " "
    ],
    "agent": "only_traj",
    "steer_traj": -0.014104077864778622,
    "throttle_traj": 0.0,
    "brake_traj": 0.0,
    "plan": [
        [
            -0.021898023784160614,
            3.67080020904541
        ],
        [
            -0.16353723406791687,
            7.381343841552734
        ],
        [
            -0.35168227553367615,
            11.02878475189209
        ],
        [
            -0.7089917063713074,
            14.529085159301758
        ],
        [
            -1.0393391847610474,
            17.750764846801758
        ],
        [
            -1.3505737781524658,
            20.648303985595703
        ]
    ],
    "command": 3,
    "redefined_command": 3,
    "cmd_softmax_output": [
        0.9924833178520203,
        0.006393895018845797,
        0.0011227463837713003
    ],
    "all_plan": [
        [
            [
                0.01804501563310623,
                3.4799442291259766
            ],
            [
                -0.11035836488008499,
                7.021903038024902
            ],
            [
                -0.2945972979068756,
                10.542978286743164
            ],
            [
                -0.7318999767303467,
                13.951767921447754
            ],
            [
                -1.096448302268982,
                17.231369018554688
            ],
            [
                -1.4223947525024414,
                20.273866653442383
            ]
        ],
        [
            [
                0.002438388764858246,
                3.531508445739746
            ],
            [
                -0.12456149607896805,
                7.135414123535156
            ],
            [
                -0.29697585105895996,
                10.720386505126953
            ],
            [
                -0.6792919635772705,
                14.203824996948242
            ],
            [
                -1.0069996118545532,
                17.543087005615234
            ],
            [
                -1.3027372360229492,
                20.645204544067383
            ]
        ],
        [
            [
                -0.024301864206790924,
                3.7778782844543457
            ],
            [
                -0.16763988137245178,
                7.571568489074707
            ],
            [
                -0.3485434949398041,
                11.335970878601074
            ],
            [
                -0.7174327373504639,
                14.988691329956055
            ],
            [
                -1.0352803468704224,
                18.562238693237305
            ],
            [
                -1.342082142829895,
                21.959260940551758
            ]
        ],
        [
            [
                -0.021898023784160614,
                3.67080020904541
            ],
            [
                -0.16353723406791687,
                7.381343841552734
            ],
            [
                -0.35168227553367615,
                11.02878475189209
            ],
            [
                -0.7089917063713074,
                14.529085159301758
            ],
            [
                -1.0393391847610474,
                17.750764846801758
            ],
            [
                -1.3505737781524658,
                20.648303985595703
            ]
        ],
        [
            [
                -0.02845502644777298,
                3.655059337615967
            ],
            [
                -0.1919611692428589,
                7.352210998535156
            ],
            [
                -0.39782726764678955,
                11.061075210571289
            ],
            [
                -0.8297144770622253,
                14.660439491271973
            ],
            [
                -1.1998145580291748,
                18.19111442565918
            ],
            [
                -1.5509154796600342,
                21.552839279174805
            ]
        ],
        [
            [
                0.014606788754463196,
                3.353318214416504
            ],
            [
                -0.10492422431707382,
                6.832118988037109
            ],
            [
                -0.2687212824821472,
                10.370854377746582
            ],
            [
                -0.6706772446632385,
                13.828470230102539
            ],
            [
                -0.9978761672973633,
                17.210180282592773
            ],
            [
                -1.2929211854934692,
                20.415414810180664
            ]
        ]
    ],
    "tl_trigger": 4.7565401928295614e-07,
    "tl_status": 0
}