{
    "speed": 5.270286794314779,
    "steer": -0.02604430355131626,
    "throttle": 0.75,
    "brake": 0.0,
    "wp_6": [
        1.7147690057754517,
        23.87558364868164
    ],
    "wp_5": [
        1.2258806228637695,
        19.466602325439453
    ],
    "wp_4": [
        0.6738152503967285,
        15.131988525390625
    ],
    "wp_3": [
        0.030979454517364502,
        10.851945877075195
    ],
    "wp_2": [
        -0.34863969683647156,
        6.771324157714844
    ],
    "wp_1": [
        -0.35488632321357727,
        3.0793633460998535
    ],
    "aim": [
        -0.34863969683647156,
        6.771324157714844
    ],
    "target": [
        1.2258475882173911,
        52.32751588631497
    ],
    "desired_speed": 8.369555473327637,
    "angle": -0.03274911529594922,
    "angle_last": 0.07030417177327694,
    "angle_target": 0.014911009740120612,
    "angle_final": -0.03274911529594922,
    "delta": 0.25,
    "log_entries": [
        "norm1:4.94",
        "norm2:8.81",
        "norm3:13.00",
        "norm4:17.33",
        "norm5:21.72",
        " ",
        " ",
        " ",
        " ",
        " ",
        " ",
        " ",
        " ",
        " ",
        " ",
        " ",
        " ",
        " ",
        " ",
        " ",
        " ",
        " ",
        " "
    ],
    "agent": "only_traj",
    "steer_traj": -0.02604430294441403,
    "throttle_traj": 0.75,
    "brake_traj": 0.0,
    "plan": [
        [
            -0.35488632321357727,
            3.0793633460998535
        ],
        [
            -0.34863969683647156,
            6.771324157714844
        ],
        [
            0.030979454517364502,
            10.851945877075195
        ],
        [
            0.6738152503967285,
            15.131988525390625
        ],
        [
            1.2258806228637695,
            19.466602325439453
        ],
        [
            1.7147690057754517,
            23.87558364868164
        ]
    ],
    "command": 3,
    "redefined_command": 5,
    "cmd_softmax_output": [
        0.42949938774108887,
        0.10478874295949936,
        0.4657118618488312
    ],
    "all_plan": [
        [
            [
                -0.2947081923484802,
                3.0942368507385254
            ],
            [
                -0.2975471019744873,
                6.733497619628906
            ],
            [
                -0.011059075593948364,
                10.69428539276123
            ],
            [
                0.4819018244743347,
                14.792068481445312
            ],
            [
                0.8521566390991211,
                18.913856506347656
            ],
            [
                1.15730619430542,
                23.069747924804688
            ]
        ],
        [
            [
                -0.36800873279571533,
                2.991508960723877
            ],
            [
                -0.3690008521080017,
                6.606263160705566
            ],
            [
                -0.0013206899166107178,
                10.619199752807617
            ],
            [
                0.6499513387680054,
                14.83365249633789
            ],
            [
                1.1751997470855713,
                19.09760856628418
            ],
            [
                1.6335537433624268,
                23.434955596923828
            ]
        ],
        [
            [
                -0.2706809937953949,
                3.144530773162842
            ],
            [
                -0.2492964118719101,
                6.830596923828125
            ],
            [
                0.0363440066576004,
                10.84557819366455
            ],
            [
                0.5642351508140564,
                15.052297592163086
            ],
            [
                0.9627223014831543,
                19.26776885986328
            ],
            [
                1.3027063608169556,
                23.524831771850586
            ]
        ],
        [
            [
                -0.2342969924211502,
                3.04782772064209
            ],
            [
                -0.2242029309272766,
                6.612354278564453
            ],
            [
                0.002242535352706909,
                10.484169006347656
            ],
            [
                0.46231937408447266,
                14.541508674621582
            ],
            [
                0.8040218353271484,
                18.581342697143555
            ],
            [
                1.0945885181427002,
                22.652843475341797
            ]
        ],
        [
            [
                -0.3473970890045166,
                3.0807175636291504
            ],
            [
                -0.34877312183380127,
                6.739900588989258
            ],
            [
                -0.024842530488967896,
                10.77037525177002
            ],
            [
                0.5789690017700195,
                14.985746383666992
            ],
            [
                1.0088160037994385,
                19.244476318359375
            ],
            [
                1.3621673583984375,
                23.564449310302734
            ]
        ],
        [
            [
                -0.35488632321357727,
                3.0793633460998535
            ],
            [
                -0.34863969683647156,
                6.771324157714844
            ],
            [
                0.030979454517364502,
                10.851945877075195
            ],
            [
                0.6738152503967285,
                15.131988525390625
            ],
            [
                1.2258806228637695,
                19.466602325439453
            ],
            [
                1.7147690057754517,
                23.87558364868164
            ]
        ]
    ],
    "tl_trigger": 4.7613369247301307e-07,
    "tl_status": 0
}