{
    "speed": 0.02014419975002868,
    "steer": -0.007934999652206898,
    "throttle": 0.0,
    "brake": 1.0,
    "wp_6": [
        -0.03675305098295212,
        1.2743566036224365
    ],
    "wp_5": [
        -0.028016716241836548,
        1.0783246755599976
    ],
    "wp_4": [
        -0.00840928964316845,
        1.0734217166900635
    ],
    "wp_3": [
        0.0020901761017739773,
        0.9600815176963806
    ],
    "wp_2": [
        0.005475001409649849,
        0.8526687622070312
    ],
    "wp_1": [
        0.011078238487243652,
        0.6149214506149292
    ],
    "aim": [
        -0.00840928964316845,
        1.0734217166900635
    ],
    "target": [
        -0.4423446505955262,
        14.519090528138435
    ],
    "desired_speed": 0.2702170081436634,
    "angle": -0.004987204286506169,
    "angle_last": -0.028352750200184348,
    "angle_target": -0.01938952510739952,
    "angle_final": -0.004987204286506169,
    "delta": 0.25,
    "agent": "only_traj",
    "steer_traj": -0.007934999785902121,
    "throttle_traj": 0.0,
    "brake_traj": 1.0,
    "plan": [
        [
            0.011078238487243652,
            0.6149214506149292
        ],
        [
            0.005475001409649849,
            0.8526687622070312
        ],
        [
            0.0020901761017739773,
            0.9600815176963806
        ],
        [
            -0.00840928964316845,
            1.0734217166900635
        ],
        [
            -0.028016716241836548,
            1.0783246755599976
        ],
        [
            -0.03675305098295212,
            1.2743566036224365
        ]
    ],
    "command": 3,
    "all_plan": [
        [
            [
                0.04549446702003479,
                0.9130856990814209
            ],
            [
                0.049026913940906525,
                1.298758864402771
            ],
            [
                0.04968475550413132,
                1.455427646636963
            ],
            [
                -0.005933355540037155,
                1.499443531036377
            ],
            [
                -0.03437815234065056,
                1.5442320108413696
            ],
            [
                -0.03949739784002304,
                1.6746093034744263
            ]
        ],
        [
            [
                0.05531948059797287,
                0.9323282837867737
            ],
            [
                0.060608118772506714,
                1.3258920907974243
            ],
            [
                0.06161170080304146,
                1.4752628803253174
            ],
            [
                -0.006462644785642624,
                1.4919990301132202
            ],
            [
                -0.03964654728770256,
                1.524078607559204
            ],
            [
                -0.04666444659233093,
                1.6293398141860962
            ]
        ],
        [
            [
                0.02902691252529621,
                0.8187412619590759
            ],
            [
                0.02434660494327545,
                1.1488919258117676
            ],
            [
                0.01877037063241005,
                1.251970887184143
            ],
            [
                -0.005538921803236008,
                1.276574969291687
            ],
            [
                -0.03414589911699295,
                1.235551118850708
            ],
            [
                -0.040880486369132996,
                1.3522294759750366
            ]
        ],
        [
            [
                0.011078238487243652,
                0.6149214506149292
            ],
            [
                0.005475001409649849,
                0.8526687622070312
            ],
            [
                0.0020901761017739773,
                0.9600815176963806
            ],
            [
                -0.00840928964316845,
                1.0734217166900635
            ],
            [
                -0.028016716241836548,
                1.0783246755599976
            ],
            [
                -0.03675305098295212,
                1.2743566036224365
            ]
        ],
        [
            [
                0.03298494219779968,
                1.095987319946289
            ],
            [
                0.04005076736211777,
                1.6728227138519287
            ],
            [
                0.04465416446328163,
                1.9684592485427856
            ],
            [
                -0.0022957734763622284,
                2.184211254119873
            ],
            [
                0.0011880456004291773,
                2.3201041221618652
            ],
            [
                0.015330705791711807,
                2.5711658000946045
            ]
        ],
        [
            [
                0.06374653428792953,
                0.9739149808883667
            ],
            [
                0.07431361824274063,
                1.404555082321167
            ],
            [
                0.07953017950057983,
                1.5944433212280273
            ],
            [
                -0.0069809481501579285,
                1.6428637504577637
            ],
            [
                -0.0370398685336113,
                1.7321287393569946
            ],
            [
                -0.04225490614771843,
                1.860105276107788
            ]
        ]
    ],
    "tl_trigger": 0.9999982118606567,
    "tl_status": 0
}