{
    "speed": 8.998195126971588,
    "steer": -0.28254827857017517,
    "throttle": 0.75,
    "brake": 0.0,
    "wp_6": [
        -11.815694808959961,
        24.6694278717041
    ],
    "wp_5": [
        -9.45423412322998,
        20.760581970214844
    ],
    "wp_4": [
        -7.176458358764648,
        16.864591598510742
    ],
    "wp_3": [
        -4.427483558654785,
        12.980531692504883
    ],
    "wp_2": [
        -2.701672077178955,
        8.715723991394043
    ],
    "wp_1": [
        -1.0247379541397095,
        4.5721354484558105
    ],
    "aim": [
        -7.176458358764648,
        16.864591598510742
    ],
    "target": [
        -12.8740145676303,
        29.578981507570255
    ],
    "desired_speed": 9.163614654541016,
    "angle": -0.2561267334426681,
    "angle_last": -0.3459725596048314,
    "angle_target": -0.26134108572274933,
    "angle_final": -0.2561267334426681,
    "delta": 0.16541952756942813,
    "agent": "only_traj",
    "steer_traj": -0.2825482812204583,
    "throttle_traj": 0.75,
    "brake_traj": 0.0,
    "plan": [
        [
            -1.0247379541397095,
            4.5721354484558105
        ],
        [
            -2.701672077178955,
            8.715723991394043
        ],
        [
            -4.427483558654785,
            12.980531692504883
        ],
        [
            -7.176458358764648,
            16.864591598510742
        ],
        [
            -9.45423412322998,
            20.760581970214844
        ],
        [
            -11.815694808959961,
            24.6694278717041
        ]
    ],
    "command": 3,
    "all_plan": [
        [
            [
                -0.8013764023780823,
                4.766234874725342
            ],
            [
                -2.289444923400879,
                9.040334701538086
            ],
            [
                -3.925536870956421,
                13.306535720825195
            ],
            [
                -6.901852130889893,
                17.069984436035156
            ],
            [
                -9.310351371765137,
                20.860240936279297
            ],
            [
                -11.65913200378418,
                24.596460342407227
            ]
        ],
        [
            [
                -0.9548125267028809,
                4.753098487854004
            ],
            [
                -2.5973877906799316,
                9.00870132446289
            ],
            [
                -4.358211517333984,
                13.266826629638672
            ],
            [
                -7.380347728729248,
                17.04436492919922
            ],
            [
                -9.835681915283203,
                20.885618209838867
            ],
            [
                -12.270269393920898,
                24.73064422607422
            ]
        ],
        [
            [
                -0.935458779335022,
                4.732868194580078
            ],
            [
                -2.5248796939849854,
                9.046318054199219
            ],
            [
                -4.201899528503418,
                13.445462226867676
            ],
            [
                -6.956555366516113,
                17.49147605895996
            ],
            [
                -9.23451042175293,
                21.538677215576172
            ],
            [
                -11.558721542358398,
                25.516342163085938
            ]
        ],
        [
            [
                -1.0247379541397095,
                4.5721354484558105
            ],
            [
                -2.701672077178955,
                8.715723991394043
            ],
            [
                -4.427483558654785,
                12.980531692504883
            ],
            [
                -7.176458358764648,
                16.864591598510742
            ],
            [
                -9.45423412322998,
                20.760581970214844
            ],
            [
                -11.815694808959961,
                24.6694278717041
            ]
        ],
        [
            [
                -0.9864245653152466,
                4.742346286773682
            ],
            [
                -2.6496126651763916,
                9.02931022644043
            ],
            [
                -4.402235984802246,
                13.376683235168457
            ],
            [
                -7.312478065490723,
                17.308305740356445
            ],
            [
                -9.700044631958008,
                21.275075912475586
            ],
            [
                -12.115042686462402,
                25.224620819091797
            ]
        ],
        [
            [
                -0.9042962789535522,
                4.796261310577393
            ],
            [
                -2.4891982078552246,
                9.078231811523438
            ],
            [
                -4.2224345207214355,
                13.295248985290527
            ],
            [
                -7.266719818115234,
                16.97856903076172
            ],
            [
                -9.721158027648926,
                20.72465705871582
            ],
            [
                -12.113876342773438,
                24.46986198425293
            ]
        ]
    ],
    "tl_trigger": 4.5687087890655675e-07,
    "tl_status": 0
}