{
    "speed": 7.615065838157354,
    "steer": -0.011138209141790867,
    "throttle": 0.06295881420373917,
    "brake": 0.0,
    "wp_6": [
        -0.446099191904068,
        21.804258346557617
    ],
    "wp_5": [
        -0.32335248589515686,
        18.085012435913086
    ],
    "wp_4": [
        -0.23638755083084106,
        14.348749160766602
    ],
    "wp_3": [
        -0.12558704614639282,
        10.656240463256836
    ],
    "wp_2": [
        -0.0738108903169632,
        6.958944797515869
    ],
    "wp_1": [
        -0.014270283281803131,
        3.3842592239379883
    ],
    "aim": [
        -0.0738108903169632,
        6.958944797515869
    ],
    "target": [
        1.587527095982102,
        25.576640642915585
    ],
    "desired_speed": 7.370222568511963,
    "angle": -0.006752125168037463,
    "angle_last": -0.021002783634333624,
    "angle_target": 0.03946398833955922,
    "angle_final": -0.006752125168037463,
    "delta": 0.0,
    "log_entries": [
        "norm1:5.17",
        "norm2:8.81",
        "norm3:12.50",
        "norm4:16.22",
        "norm5:19.95",
        " ",
        " ",
        " ",
        " ",
        " ",
        " ",
        " ",
        " ",
        " ",
        " ",
        " ",
        " ",
        " ",
        " ",
        " "
    ],
    "agent": "only_traj",
    "steer_traj": -0.011138209090352215,
    "throttle_traj": 0.0629588123880889,
    "brake_traj": 0.0,
    "plan": [
        [
            -0.014270283281803131,
            3.3842592239379883
        ],
        [
            -0.0738108903169632,
            6.958944797515869
        ],
        [
            -0.12558704614639282,
            10.656240463256836
        ],
        [
            -0.23638755083084106,
            14.348749160766602
        ],
        [
            -0.32335248589515686,
            18.085012435913086
        ],
        [
            -0.446099191904068,
            21.804258346557617
        ]
    ],
    "command": 3,
    "redefined_command": 3,
    "cmd_softmax_output": [
        0.603381335735321,
        0.003706311574205756,
        0.392912358045578
    ],
    "all_plan": [
        [
            [
                0.04218492656946182,
                3.376217842102051
            ],
            [
                0.010399103164672852,
                6.920231819152832
            ],
            [
                -0.022404290735721588,
                10.576312065124512
            ],
            [
                -0.19785314798355103,
                14.182583808898926
            ],
            [
                -0.2974805235862732,
                17.85468292236328
            ],
            [
                -0.4198288321495056,
                21.532512664794922
            ]
        ],
        [
            [
                0.05668509751558304,
                3.2584962844848633
            ],
            [
                0.04666505008935928,
                6.724787712097168
            ],
            [
                0.040230244398117065,
                10.348390579223633
            ],
            [
                -0.08486734330654144,
                13.95786190032959
            ],
            [
                -0.1530141532421112,
                17.618844985961914
            ],
            [
                -0.2373342514038086,
                21.270645141601562
            ]
        ],
        [
            [
                0.020920731127262115,
                3.429746150970459
            ],
            [
                -0.007044864818453789,
                7.076708793640137
            ],
            [
                -0.029319141060113907,
                10.883030891418457
            ],
            [
                -0.13194838166236877,
                14.70534896850586
            ],
            [
                -0.19184675812721252,
                18.60218620300293
            ],
            [
                -0.28489750623703003,
                22.510332107543945
            ]
        ],
        [
            [
                -0.014270283281803131,
                3.3842592239379883
            ],
            [
                -0.0738108903169632,
                6.958944797515869
            ],
            [
                -0.12558704614639282,
                10.656240463256836
            ],
            [
                -0.23638755083084106,
                14.348749160766602
            ],
            [
                -0.32335248589515686,
                18.085012435913086
            ],
            [
                -0.446099191904068,
                21.804258346557617
            ]
        ],
        [
            [
                0.028525270521640778,
                3.3991317749023438
            ],
            [
                -0.014170408248901367,
                7.001782417297363
            ],
            [
                -0.059799447655677795,
                10.77324390411377
            ],
            [
                -0.23556336760520935,
                14.538018226623535
            ],
            [
                -0.34906265139579773,
                18.38063621520996
            ],
            [
                -0.48511257767677307,
                22.237890243530273
            ]
        ],
        [
            [
                0.06654196977615356,
                3.3755593299865723
            ],
            [
                0.06826964765787125,
                6.902798652648926
            ],
            [
                0.07240891456604004,
                10.53841781616211
            ],
            [
                -0.037047646939754486,
                14.144682884216309
            ],
            [
                -0.08850766718387604,
                17.79942512512207
            ],
            [
                -0.15622955560684204,
                21.44025421142578
            ]
        ]
    ],
    "tl_trigger": 4.800291435458348e-07,
    "tl_status": 0
}