{
    "speed": -0.002840884608155593,
    "steer": -0.0452992245554924,
    "throttle": 0.0,
    "brake": 1.0,
    "wp_6": [
        -0.03327436000108719,
        0.9191040992736816
    ],
    "wp_5": [
        -0.01917654648423195,
        0.6257403492927551
    ],
    "wp_4": [
        -0.014013820327818394,
        0.5219302177429199
    ],
    "wp_3": [
        -0.007476065773516893,
        0.3170415759086609
    ],
    "wp_2": [
        -0.010283960029482841,
        0.22043271362781525
    ],
    "wp_1": [
        -0.006869308650493622,
        0.17968809604644775
    ],
    "aim": [
        -0.014013820327818394,
        0.5219302177429199
    ],
    "target": [
        -1.022469966250839,
        3.4186850118749086
    ],
    "desired_speed": 0.2960683062672615,
    "angle": -0.017089085239916316,
    "angle_last": -0.030569677822788927,
    "angle_target": -0.18501134169387867,
    "angle_final": -0.017089085239916316,
    "delta": 0.25,
    "agent": "only_traj",
    "steer_traj": -0.04529922379409118,
    "throttle_traj": 0.0,
    "brake_traj": 1.0,
    "plan": [
        [
            -0.006869308650493622,
            0.17968809604644775
        ],
        [
            -0.010283960029482841,
            0.22043271362781525
        ],
        [
            -0.007476065773516893,
            0.3170415759086609
        ],
        [
            -0.014013820327818394,
            0.5219302177429199
        ],
        [
            -0.01917654648423195,
            0.6257403492927551
        ],
        [
            -0.03327436000108719,
            0.9191040992736816
        ]
    ],
    "command": 3,
    "all_plan": [
        [
            [
                -0.019181961193680763,
                0.3042116165161133
            ],
            [
                -0.03145322576165199,
                0.540260374546051
            ],
            [
                -0.03158031776547432,
                0.7627156376838684
            ],
            [
                -0.01520325243473053,
                1.0281798839569092
            ],
            [
                0.029948484152555466,
                1.2447391748428345
            ],
            [
                0.048533663153648376,
                1.6158512830734253
            ]
        ],
        [
            [
                -0.018210846930742264,
                0.30426105856895447
            ],
            [
                -0.03633619099855423,
                0.5282689332962036
            ],
            [
                -0.04008057713508606,
                0.732962429523468
            ],
            [
                -0.01828259602189064,
                0.9544037580490112
            ],
            [
                0.02569671720266342,
                1.1612052917480469
            ],
            [
                0.04545138031244278,
                1.5117204189300537
            ]
        ],
        [
            [
                -0.005817791447043419,
                0.18273639678955078
            ],
            [
                -0.01019916869699955,
                0.22352248430252075
            ],
            [
                -0.008540667593479156,
                0.30640560388565063
            ],
            [
                -0.012561898678541183,
                0.4671775996685028
            ],
            [
                -0.017166152596473694,
                0.5595147609710693
            ],
            [
                -0.029793204739689827,
                0.8228812217712402
            ]
        ],
        [
            [
                -0.006869308650493622,
                0.17968809604644775
            ],
            [
                -0.010283960029482841,
                0.22043271362781525
            ],
            [
                -0.007476065773516893,
                0.3170415759086609
            ],
            [
                -0.014013820327818394,
                0.5219302177429199
            ],
            [
                -0.01917654648423195,
                0.6257403492927551
            ],
            [
                -0.03327436000108719,
                0.9191040992736816
            ]
        ],
        [
            [
                -0.018310636281967163,
                0.2964353859424591
            ],
            [
                -0.01831771247088909,
                0.5392099022865295
            ],
            [
                -0.01205134391784668,
                0.7651395797729492
            ],
            [
                -0.005824981722980738,
                1.0480843782424927
            ],
            [
                0.037700146436691284,
                1.255494236946106
            ],
            [
                0.05280424654483795,
                1.6140496730804443
            ]
        ],
        [
            [
                -0.030329767614603043,
                0.4865763187408447
            ],
            [
                -0.10278032720088959,
                0.9131505489349365
            ],
            [
                -0.12843231856822968,
                1.4305951595306396
            ],
            [
                -0.14228621125221252,
                1.876068115234375
            ],
            [
                -0.159141406416893,
                2.3065996170043945
            ],
            [
                -0.2673780918121338,
                2.913761615753174
            ]
        ]
    ],
    "tl_trigger": 0.9999737739562988,
    "tl_status": 0
}