{
    "speed": -1.955232150251634e-05,
    "steer": 0.0402117557823658,
    "throttle": 0.0,
    "brake": 1.0,
    "wp_6": [
        0.08903418481349945,
        0.3111828565597534
    ],
    "wp_5": [
        0.013108920305967331,
        0.21990373730659485
    ],
    "wp_4": [
        -0.0020209215581417084,
        0.12377697229385376
    ],
    "wp_3": [
        0.058944813907146454,
        0.05138751491904259
    ],
    "wp_2": [
        0.030775148421525955,
        0.016324803233146667
    ],
    "wp_1": [
        0.019837146624922752,
        0.022777259349822998
    ],
    "aim": [
        0.013108920305967331,
        0.21990373730659485
    ],
    "target": [
        10.165532561830448,
        33.19005297339664
    ],
    "desired_speed": 0.14734278321266175,
    "angle": 0.03790539711829379,
    "angle_last": 0.44170466302963207,
    "angle_target": 0.1892101113066851,
    "angle_final": 0.03790539711829379,
    "delta": 0.14736233553416428,
    "log_entries": [
        "norm1:0.03",
        "norm2:0.06",
        "norm3:0.09",
        "norm4:0.17",
        "norm5:0.27",
        " ",
        " ",
        " ",
        " ",
        " ",
        " ",
        " ",
        " ",
        " ",
        " ",
        " ",
        " ",
        " ",
        " ",
        " ",
        " ",
        " "
    ],
    "agent": "only_traj",
    "steer_traj": 0.040211756423180325,
    "throttle_traj": 0.0,
    "brake_traj": 1.0,
    "plan": [
        [
            0.019837146624922752,
            0.022777259349822998
        ],
        [
            0.030775148421525955,
            0.016324803233146667
        ],
        [
            0.058944813907146454,
            0.05138751491904259
        ],
        [
            -0.0020209215581417084,
            0.12377697229385376
        ],
        [
            0.013108920305967331,
            0.21990373730659485
        ],
        [
            0.08903418481349945,
            0.3111828565597534
        ]
    ],
    "command": 3,
    "redefined_command": 3,
    "cmd_softmax_output": [
        0.9998838901519775,
        4.8455589421791956e-05,
        6.758329982403666e-05
    ],
    "all_plan": [
        [
            [
                0.014744460582733154,
                -0.03371429443359375
            ],
            [
                0.02202574349939823,
                -0.07048308849334717
            ],
            [
                0.048732247203588486,
                -0.08217222988605499
            ],
            [
                0.0007532462477684021,
                -0.0637538954615593
            ],
            [
                0.01778544671833515,
                -0.031919512897729874
            ],
            [
                0.10480886697769165,
                0.004461344331502914
            ]
        ],
        [
            [
                0.021686647087335587,
                -0.03368097543716431
            ],
            [
                0.04064646363258362,
                -0.08469560742378235
            ],
            [
                0.07349628210067749,
                -0.09100843220949173
            ],
            [
                0.0028457120060920715,
                -0.035872459411621094
            ],
            [
                0.029574519023299217,
                0.046649470925331116
            ],
            [
                0.14030130207538605,
                0.10212881863117218
            ]
        ],
        [
            [
                0.021039459854364395,
                0.0020000487565994263
            ],
            [
                0.035135023295879364,
                -0.026740580797195435
            ],
            [
                0.06716667115688324,
                -0.012561339884996414
            ],
            [
                -5.631893873214722e-05,
                0.046444568783044815
            ],
            [
                0.021282384172081947,
                0.13534672558307648
            ],
            [
                0.1197778508067131,
                0.21623505651950836
            ]
        ],
        [
            [
                0.019837146624922752,
                0.022777259349822998
            ],
            [
                0.030775148421525955,
                0.016324803233146667
            ],
            [
                0.058944813907146454,
                0.05138751491904259
            ],
            [
                -0.0020209215581417084,
                0.12377697229385376
            ],
            [
                0.013108920305967331,
                0.21990373730659485
            ],
            [
                0.08903418481349945,
                0.3111828565597534
            ]
        ],
        [
            [
                0.03149144724011421,
                -0.020886138081550598
            ],
            [
                0.06517083942890167,
                -0.08368021249771118
            ],
            [
                0.10683776438236237,
                -0.0740823745727539
            ],
            [
                0.004657275974750519,
                0.035384587943553925
            ],
            [
                0.04315562918782234,
                0.19263789057731628
            ],
            [
                0.18377283215522766,
                0.28530848026275635
            ]
        ],
        [
            [
                0.022722352296113968,
                -0.002259552478790283
            ],
            [
                0.03855185955762863,
                -0.029327496886253357
            ],
            [
                0.06335984170436859,
                -0.032259631901979446
            ],
            [
                0.001680966466665268,
                0.007220547646284103
            ],
            [
                0.018814032897353172,
                0.06884719431400299
            ],
            [
                0.09898728877305984,
                0.10443027317523956
            ]
        ]
    ],
    "tl_trigger": 4.2333027749918983e-07,
    "tl_status": 0
}