{
    "speed": 2.007773653157593,
    "steer": 0.18112687766551971,
    "throttle": 0.75,
    "brake": 0.0,
    "wp_6": [
        4.652422904968262,
        19.49973487854004
    ],
    "wp_5": [
        3.3052072525024414,
        15.75850772857666
    ],
    "wp_4": [
        2.245513677597046,
        11.955358505249023
    ],
    "wp_3": [
        1.964863896369934,
        8.20505142211914
    ],
    "wp_2": [
        1.169100284576416,
        5.141633987426758
    ],
    "wp_1": [
        0.5055229067802429,
        2.3405747413635254
    ],
    "aim": [
        1.964863896369934,
        8.20505142211914
    ],
    "target": [
        7.318416135544316,
        32.652620651215244
    ],
    "desired_speed": 7.091557216644287,
    "angle": 0.1496335556703716,
    "angle_last": 0.22004385087629125,
    "angle_target": 0.14036558859471251,
    "angle_final": 0.1496335556703716,
    "delta": 0.25,
    "log_entries": [
        "norm1:3.83",
        "norm2:6.85",
        "norm3:10.30",
        "norm4:14.13",
        "norm5:18.07",
        " ",
        " ",
        " ",
        " ",
        " ",
        " ",
        " ",
        " ",
        " ",
        " "
    ],
    "agent": "only_traj",
    "steer_traj": 0.1811268719099457,
    "throttle_traj": 0.75,
    "brake_traj": 0.0,
    "plan": [
        [
            0.5055229067802429,
            2.3405747413635254
        ],
        [
            1.169100284576416,
            5.141633987426758
        ],
        [
            1.964863896369934,
            8.20505142211914
        ],
        [
            2.245513677597046,
            11.955358505249023
        ],
        [
            3.3052072525024414,
            15.75850772857666
        ],
        [
            4.652422904968262,
            19.49973487854004
        ]
    ],
    "command": 3,
    "redefined_command": 3,
    "cmd_softmax_output": [
        0.9996969699859619,
        0.00018534260743763298,
        0.00011773961159633473
    ],
    "all_plan": [
        [
            [
                0.7163963913917542,
                2.52180814743042
            ],
            [
                1.5080749988555908,
                5.356911659240723
            ],
            [
                2.3444597721099854,
                8.361410140991211
            ],
            [
                2.3077197074890137,
                12.108434677124023
            ],
            [
                3.221651315689087,
                15.800802230834961
            ],
            [
                4.4086785316467285,
                19.404319763183594
            ]
        ],
        [
            [
                0.7401463985443115,
                2.503387451171875
            ],
            [
                1.5853317975997925,
                5.290060997009277
            ],
            [
                2.4735655784606934,
                8.219030380249023
            ],
            [
                2.5190467834472656,
                11.881953239440918
            ],
            [
                3.4731225967407227,
                15.46692943572998
            ],
            [
                4.660072326660156,
                18.97101593017578
            ]
        ],
        [
            [
                0.5838153958320618,
                2.560154914855957
            ],
            [
                1.3141852617263794,
                5.540387153625488
            ],
            [
                2.146564245223999,
                8.726777076721191
            ],
            [
                2.3842649459838867,
                12.597450256347656
            ],
            [
                3.425544500350952,
                16.454919815063477
            ],
            [
                4.729892730712891,
                20.231592178344727
            ]
        ],
        [
            [
                0.5055229067802429,
                2.3405747413635254
            ],
            [
                1.169100284576416,
                5.141633987426758
            ],
            [
                1.964863896369934,
                8.20505142211914
            ],
            [
                2.245513677597046,
                11.955358505249023
            ],
            [
                3.3052072525024414,
                15.75850772857666
            ],
            [
                4.652422904968262,
                19.49973487854004
            ]
        ],
        [
            [
                0.6601950526237488,
                2.6519131660461426
            ],
            [
                1.4426522254943848,
                5.643546104431152
            ],
            [
                2.280941963195801,
                8.776464462280273
            ],
            [
                2.4349730014801025,
                12.577798843383789
            ],
            [
                3.397679567337036,
                16.32192611694336
            ],
            [
                4.58498477935791,
                19.981969833374023
            ]
        ],
        [
            [
                0.7827950716018677,
                2.67669677734375
            ],
            [
                1.6532483100891113,
                5.5748291015625
            ],
            [
                2.5377917289733887,
                8.558648109436035
            ],
            [
                2.542757749557495,
                12.239333152770996
            ],
            [
                3.4530439376831055,
                15.826089859008789
            ],
            [
                4.573668479919434,
                19.343767166137695
            ]
        ]
    ],
    "tl_trigger": 4.4551566702466516e-07,
    "tl_status": 0
}