{
    "speed": 3.4061637112498353,
    "steer": 0.0023542006965726614,
    "throttle": 0.75,
    "brake": 0.0,
    "wp_6": [
        -0.11381494998931885,
        12.098209381103516
    ],
    "wp_5": [
        -0.05887853354215622,
        11.654523849487305
    ],
    "wp_4": [
        -0.04975998029112816,
        10.734392166137695
    ],
    "wp_3": [
        -0.05182584375143051,
        8.74270248413086
    ],
    "wp_2": [
        -0.033058226108551025,
        6.062142372131348
    ],
    "wp_1": [
        -0.009631462395191193,
        3.0056185722351074
    ],
    "aim": [
        -0.009631462395191193,
        3.0056185722351074
    ],
    "target": [
        -0.39300340036553827,
        21.6983954165982
    ],
    "desired_speed": 3.638472259044647,
    "angle": -0.0020399776596456668,
    "angle_last": -0.07842608126140027,
    "angle_target": -0.011529257225887355,
    "angle_final": -0.0020399776596456668,
    "delta": 0.23230854779481191,
    "log_entries": [
        "norm1:4.53",
        "norm2:7.40",
        "norm3:9.74",
        "norm4:11.19",
        "norm5:11.88",
        " ",
        " ",
        " ",
        " ",
        " ",
        " ",
        " ",
        " ",
        " ",
        " ",
        " ",
        " ",
        " ",
        " ",
        " ",
        " ",
        " ",
        " "
    ],
    "agent": "only_traj",
    "steer_traj": 0.002354200668421901,
    "throttle_traj": 0.75,
    "brake_traj": 0.0,
    "plan": [
        [
            -0.009631462395191193,
            3.0056185722351074
        ],
        [
            -0.033058226108551025,
            6.062142372131348
        ],
        [
            -0.05182584375143051,
            8.74270248413086
        ],
        [
            -0.04975998029112816,
            10.734392166137695
        ],
        [
            -0.05887853354215622,
            11.654523849487305
        ],
        [
            -0.11381494998931885,
            12.098209381103516
        ]
    ],
    "command": 3,
    "redefined_command": 3,
    "cmd_softmax_output": [
        0.9991029500961304,
        0.0008803721866570413,
        1.667154356255196e-05
    ],
    "all_plan": [
        [
            [
                0.026548318564891815,
                2.9748353958129883
            ],
            [
                0.007634179666638374,
                6.106123924255371
            ],
            [
                -0.04296014457941055,
                9.205144882202148
            ],
            [
                -0.08374318480491638,
                12.026407241821289
            ],
            [
                -0.1653023660182953,
                13.862285614013672
            ],
            [
                -0.2604234218597412,
                14.931116104125977
            ]
        ],
        [
            [
                0.027266040444374084,
                2.9638314247131348
            ],
            [
                0.017815152183175087,
                6.151317596435547
            ],
            [
                -0.02484188787639141,
                9.399541854858398
            ],
            [
                -0.04886198043823242,
                12.378568649291992
            ],
            [
                -0.10791131108999252,
                14.234000205993652
            ],
            [
                -0.17445862293243408,
                15.187403678894043
            ]
        ],
        [
            [
                -0.0009912847308441997,
                3.0856924057006836
            ],
            [
                -0.020329585298895836,
                6.348604202270508
            ],
            [
                -0.049090009182691574,
                9.433833122253418
            ],
            [
                -0.028884440660476685,
                11.982893943786621
            ],
            [
                -0.050155214965343475,
                13.338197708129883
            ],
            [
                -0.09170547127723694,
                13.956275939941406
            ]
        ],
        [
            [
                -0.009631462395191193,
                3.0056185722351074
            ],
            [
                -0.033058226108551025,
                6.062142372131348
            ],
            [
                -0.05182584375143051,
                8.74270248413086
            ],
            [
                -0.04975998029112816,
                10.734392166137695
            ],
            [
                -0.05887853354215622,
                11.654523849487305
            ],
            [
                -0.11381494998931885,
                12.098209381103516
            ]
        ],
        [
            [
                -0.0008870660094544291,
                3.041562557220459
            ],
            [
                -0.026651596650481224,
                6.3030242919921875
            ],
            [
                -0.0723210871219635,
                9.526838302612305
            ],
            [
                -0.06564443558454514,
                12.34182357788086
            ],
            [
                -0.12193198502063751,
                13.961694717407227
            ],
            [
                -0.20084166526794434,
                14.719532012939453
            ]
        ],
        [
            [
                0.04020291566848755,
                2.995154857635498
            ],
            [
                0.02903103269636631,
                6.225273132324219
            ],
            [
                -0.017525820061564445,
                9.462034225463867
            ],
            [
                -0.04821436107158661,
                12.357613563537598
            ],
            [
                -0.11510167270898819,
                14.125041961669922
            ],
            [
                -0.17411471903324127,
                15.04521656036377
            ]
        ]
    ],
    "tl_trigger": 0.9999988079071045,
    "tl_status": 0
}