{
    "speed": 1.2290529368971277,
    "steer": -0.009795944206416607,
    "throttle": 0.75,
    "brake": 0.0,
    "wp_6": [
        -1.2147632837295532,
        16.067626953125
    ],
    "wp_5": [
        -0.9294676184654236,
        13.733887672424316
    ],
    "wp_4": [
        -0.6128683090209961,
        10.883370399475098
    ],
    "wp_3": [
        -0.3274074196815491,
        7.663719177246094
    ],
    "wp_2": [
        -0.1368863582611084,
        4.763963222503662
    ],
    "wp_1": [
        -0.035248175263404846,
        2.1409034729003906
    ],
    "aim": [
        -0.035248175263404846,
        2.1409034729003906
    ],
    "target": [
        -1.1919681529361354,
        16.567363740677887
    ],
    "desired_speed": 5.5929903984069815,
    "angle": -0.010480421871984311,
    "angle_last": -0.07744139565605676,
    "angle_target": -0.04572394479517764,
    "angle_final": -0.010480421871984311,
    "delta": 0.25,
    "log_entries": [
        "norm1:3.45",
        "norm2:6.22",
        "norm3:9.29",
        "norm4:12.33",
        "norm5:14.94",
        " ",
        " ",
        " ",
        " ",
        " ",
        " ",
        " ",
        " ",
        " ",
        " ",
        " ",
        " "
    ],
    "agent": "only_traj",
    "steer_traj": -0.009795944583529542,
    "throttle_traj": 0.75,
    "brake_traj": 0.0,
    "plan": [
        [
            -0.035248175263404846,
            2.1409034729003906
        ],
        [
            -0.1368863582611084,
            4.763963222503662
        ],
        [
            -0.3274074196815491,
            7.663719177246094
        ],
        [
            -0.6128683090209961,
            10.883370399475098
        ],
        [
            -0.9294676184654236,
            13.733887672424316
        ],
        [
            -1.2147632837295532,
            16.067626953125
        ]
    ],
    "command": 3,
    "redefined_command": 3,
    "cmd_softmax_output": [
        0.991806149482727,
        0.007875780574977398,
        0.00031808181665837765
    ],
    "all_plan": [
        [
            [
                -0.012132018804550171,
                2.0852108001708984
            ],
            [
                -0.12135691195726395,
                4.548168182373047
            ],
            [
                -0.3261500597000122,
                7.211641311645508
            ],
            [
                -0.7465815544128418,
                10.193642616271973
            ],
            [
                -1.1258536577224731,
                12.928041458129883
            ],
            [
                -1.4603655338287354,
                15.25212574005127
            ]
        ],
        [
            [
                -0.0351136140525341,
                2.210707664489746
            ],
            [
                -0.17999105155467987,
                4.832025527954102
            ],
            [
                -0.4146616458892822,
                7.646953582763672
            ],
            [
                -0.7850250601768494,
                10.794220924377441
            ],
            [
                -1.1008949279785156,
                13.668815612792969
            ],
            [
                -1.3475788831710815,
                16.110074996948242
            ]
        ],
        [
            [
                -0.06559998542070389,
                2.1594347953796387
            ],
            [
                -0.19350284337997437,
                4.956377029418945
            ],
            [
                -0.3932717442512512,
                8.080472946166992
            ],
            [
                -0.6816332340240479,
                11.543466567993164
            ],
            [
                -1.0266345739364624,
                14.67477798461914
            ],
            [
                -1.327255368232727,
                17.33094596862793
            ]
        ],
        [
            [
                -0.035248175263404846,
                2.1409034729003906
            ],
            [
                -0.1368863582611084,
                4.763963222503662
            ],
            [
                -0.3274074196815491,
                7.663719177246094
            ],
            [
                -0.6128683090209961,
                10.883370399475098
            ],
            [
                -0.9294676184654236,
                13.733887672424316
            ],
            [
                -1.2147632837295532,
                16.067626953125
            ]
        ],
        [
            [
                -0.049106329679489136,
                2.211918830871582
            ],
            [
                -0.18783973157405853,
                4.992143154144287
            ],
            [
                -0.42757856845855713,
                8.07981014251709
            ],
            [
                -0.975113570690155,
                11.43675422668457
            ],
            [
                -1.5077186822891235,
                14.482672691345215
            ],
            [
                -1.9656238555908203,
                17.046070098876953
            ]
        ],
        [
            [
                -0.04062538221478462,
                2.3335771560668945
            ],
            [
                -0.15668022632598877,
                5.085502624511719
            ],
            [
                -0.3129289746284485,
                8.031133651733398
            ],
            [
                -0.5722870826721191,
                11.196027755737305
            ],
            [
                -0.8077410459518433,
                14.159912109375
            ],
            [
                -0.9789520502090454,
                16.757871627807617
            ]
        ]
    ],
    "tl_trigger": 0.9999988079071045,
    "tl_status": 2
}