{
    "speed": 7.514931186245187,
    "steer": -0.004846849013119936,
    "throttle": 0.75,
    "brake": 0.0,
    "wp_6": [
        0.2615829408168793,
        23.480459213256836
    ],
    "wp_5": [
        0.19747352600097656,
        19.57691192626953
    ],
    "wp_4": [
        0.14396251738071442,
        15.616999626159668
    ],
    "wp_3": [
        0.20508930087089539,
        11.705028533935547
    ],
    "wp_2": [
        0.15035204589366913,
        7.797329902648926
    ],
    "wp_1": [
        0.0929194912314415,
        3.8636059761047363
    ],
    "aim": [
        0.14396251738071442,
        15.616999626159668
    ],
    "target": [
        -0.20130377461354998,
        28.891862036584236
    ],
    "desired_speed": 7.847608661651611,
    "angle": 0.0058683948163489865,
    "angle_last": 0.010454487389058659,
    "angle_target": -0.0044355704483551904,
    "angle_final": -0.0044355704483551904,
    "delta": 0.25,
    "agent": "only_traj",
    "steer_traj": -0.004846848865584882,
    "throttle_traj": 0.75,
    "brake_traj": 0.0,
    "plan": [
        [
            0.0929194912314415,
            3.8636059761047363
        ],
        [
            0.15035204589366913,
            7.797329902648926
        ],
        [
            0.20508930087089539,
            11.705028533935547
        ],
        [
            0.14396251738071442,
            15.616999626159668
        ],
        [
            0.19747352600097656,
            19.57691192626953
        ],
        [
            0.2615829408168793,
            23.480459213256836
        ]
    ],
    "command": 3,
    "all_plan": [
        [
            [
                0.15698939561843872,
                3.816005229949951
            ],
            [
                0.2515971064567566,
                7.688231468200684
            ],
            [
                0.3290889263153076,
                11.53426742553711
            ],
            [
                0.20603838562965393,
                15.369707107543945
            ],
            [
                0.25554561614990234,
                19.285579681396484
            ],
            [
                0.34208956360816956,
                23.16409683227539
            ]
        ],
        [
            [
                0.17571352422237396,
                3.783486843109131
            ],
            [
                0.30880528688430786,
                7.6500349044799805
            ],
            [
                0.43104231357574463,
                11.495214462280273
            ],
            [
                0.3517002463340759,
                15.361702919006348
            ],
            [
                0.46020862460136414,
                19.297405242919922
            ],
            [
                0.6178780794143677,
                23.186067581176758
            ]
        ],
        [
            [
                0.10794860869646072,
                3.8717098236083984
            ],
            [
                0.18064241111278534,
                7.839040756225586
            ],
            [
                0.24902957677841187,
                11.800081253051758
            ],
            [
                0.18905170261859894,
                15.782625198364258
            ],
            [
                0.25588667392730713,
                19.817943572998047
            ],
            [
                0.3406279385089874,
                23.801841735839844
            ]
        ],
        [
            [
                0.0929194912314415,
                3.8636059761047363
            ],
            [
                0.15035204589366913,
                7.797329902648926
            ],
            [
                0.20508930087089539,
                11.705028533935547
            ],
            [
                0.14396251738071442,
                15.616999626159668
            ],
            [
                0.19747352600097656,
                19.57691192626953
            ],
            [
                0.2615829408168793,
                23.480459213256836
            ]
        ],
        [
            [
                0.11905350536108017,
                3.855069160461426
            ],
            [
                0.19359585642814636,
                7.801406383514404
            ],
            [
                0.2600276470184326,
                11.745296478271484
            ],
            [
                0.18066707253456116,
                15.703808784484863
            ],
            [
                0.23779696226119995,
                19.726821899414062
            ],
            [
                0.31801602244377136,
                23.706628799438477
            ]
        ],
        [
            [
                0.1906927525997162,
                3.730679988861084
            ],
            [
                0.3433968722820282,
                7.540388107299805
            ],
            [
                0.48606425523757935,
                11.319624900817871
            ],
            [
                0.4155661165714264,
                15.12417984008789
            ],
            [
                0.5449740886688232,
                18.994037628173828
            ],
            [
                0.7301763296127319,
                22.811182022094727
            ]
        ]
    ],
    "tl_trigger": 4.6161403588484973e-07,
    "tl_status": 0
}