{
    "speed": 2.5817353781348458,
    "steer": 0.0003195359604433179,
    "throttle": 0.75,
    "brake": 0.0,
    "wp_6": [
        0.030811676755547523,
        10.360857009887695
    ],
    "wp_5": [
        0.040472015738487244,
        9.723865509033203
    ],
    "wp_4": [
        -0.006031746044754982,
        9.050508499145508
    ],
    "wp_3": [
        -0.019741734489798546,
        7.783480644226074
    ],
    "wp_2": [
        -0.03748065233230591,
        5.831750869750977
    ],
    "wp_1": [
        -0.02120213955640793,
        3.106578826904297
    ],
    "aim": [
        -0.006031746044754982,
        9.050508499145508
    ],
    "target": [
        -0.2224212597537145,
        19.599310227105732
    ],
    "desired_speed": 2.902463507652283,
    "angle": -0.00042425846598376156,
    "angle_last": -0.00965396898241277,
    "angle_target": -0.007224320241196148,
    "angle_final": -0.00042425846598376156,
    "delta": 0.25,
    "agent": "only_traj",
    "steer_traj": 0.00031953595982678627,
    "throttle_traj": 0.75,
    "brake_traj": 0.0,
    "plan": [
        [
            -0.02120213955640793,
            3.106578826904297
        ],
        [
            -0.03748065233230591,
            5.831750869750977
        ],
        [
            -0.019741734489798546,
            7.783480644226074
        ],
        [
            -0.006031746044754982,
            9.050508499145508
        ],
        [
            0.040472015738487244,
            9.723865509033203
        ],
        [
            0.030811676755547523,
            10.360857009887695
        ]
    ],
    "command": 3,
    "all_plan": [
        [
            [
                0.014843709766864777,
                3.096141815185547
            ],
            [
                0.008106814697384834,
                6.090336799621582
            ],
            [
                0.022679191082715988,
                8.443910598754883
            ],
            [
                0.03095235675573349,
                10.001416206359863
            ],
            [
                0.06848719716072083,
                10.753722190856934
            ],
            [
                0.0925084576010704,
                11.38266372680664
            ]
        ],
        [
            [
                0.019166000187397003,
                3.0447492599487305
            ],
            [
                0.01610802300274372,
                6.110221862792969
            ],
            [
                0.031591933220624924,
                8.629405975341797
            ],
            [
                0.05187734216451645,
                10.335113525390625
            ],
            [
                0.09939241409301758,
                11.08084774017334
            ],
            [
                0.14376825094223022,
                11.588601112365723
            ]
        ],
        [
            [
                -0.00791836529970169,
                3.2066431045532227
            ],
            [
                -0.025632916018366814,
                6.379044532775879
            ],
            [
                -0.008026544004678726,
                8.84124755859375
            ],
            [
                0.03668136149644852,
                10.335404396057129
            ],
            [
                0.08659063279628754,
                10.903444290161133
            ],
            [
                0.11253169924020767,
                11.402369499206543
            ]
        ],
        [
            [
                -0.02120213955640793,
                3.106578826904297
            ],
            [
                -0.03748065233230591,
                5.831750869750977
            ],
            [
                -0.019741734489798546,
                7.783480644226074
            ],
            [
                -0.006031746044754982,
                9.050508499145508
            ],
            [
                0.040472015738487244,
                9.723865509033203
            ],
            [
                0.030811676755547523,
                10.360857009887695
            ]
        ],
        [
            [
                -0.00803820788860321,
                3.1585845947265625
            ],
            [
                -0.028229227289557457,
                6.342342376708984
            ],
            [
                -0.018199753016233444,
                8.904688835144043
            ],
            [
                0.02221551537513733,
                10.518442153930664
            ],
            [
                0.06151599436998367,
                11.110544204711914
            ],
            [
                0.07670730352401733,
                11.515687942504883
            ]
        ],
        [
            [
                0.03651063144207001,
                2.9584426879882812
            ],
            [
                0.03889267146587372,
                5.998537063598633
            ],
            [
                0.04976273328065872,
                8.60400676727295
            ],
            [
                0.05993272736668587,
                10.477274894714355
            ],
            [
                0.10036176443099976,
                11.360437393188477
            ],
            [
                0.15571469068527222,
                11.901623725891113
            ]
        ]
    ],
    "tl_trigger": 0.9999979734420776,
    "tl_status": 0
}