{
    "speed": 3.322708100298642,
    "steer": 0.04792870208621025,
    "throttle": 0.0,
    "brake": 1.0,
    "wp_6": [
        0.6438380479812622,
        9.298593521118164
    ],
    "wp_5": [
        0.4313978850841522,
        8.61464786529541
    ],
    "wp_4": [
        0.2204478681087494,
        7.676717758178711
    ],
    "wp_3": [
        0.09821322560310364,
        6.157902240753174
    ],
    "wp_2": [
        0.015997879207134247,
        4.3575944900512695
    ],
    "wp_1": [
        -0.01960930973291397,
        2.1778438091278076
    ],
    "aim": [
        0.2204478681087494,
        7.676717758178711
    ],
    "target": [
        0.9695672430967,
        17.98332163928822
    ],
    "desired_speed": 2.8733963966369624,
    "angle": 0.01827642002655726,
    "angle_last": 0.19172558301345527,
    "angle_target": 0.034290030493085946,
    "angle_final": 0.01827642002655726,
    "delta": 0.0,
    "agent": "only_traj",
    "steer_traj": 0.047928701961180056,
    "throttle_traj": 0.0,
    "brake_traj": 1.0,
    "plan": [
        [
            -0.01960930973291397,
            2.1778438091278076
        ],
        [
            0.015997879207134247,
            4.3575944900512695
        ],
        [
            0.09821322560310364,
            6.157902240753174
        ],
        [
            0.2204478681087494,
            7.676717758178711
        ],
        [
            0.4313978850841522,
            8.61464786529541
        ],
        [
            0.6438380479812622,
            9.298593521118164
        ]
    ],
    "command": 3,
    "all_plan": [
        [
            [
                0.061363570392131805,
                2.346343517303467
            ],
            [
                0.1330256164073944,
                4.7537736892700195
            ],
            [
                0.21259230375289917,
                6.929532051086426
            ],
            [
                0.2567395269870758,
                8.76172161102295
            ],
            [
                0.43414777517318726,
                9.726720809936523
            ],
            [
                0.6533925533294678,
                10.225547790527344
            ]
        ],
        [
            [
                0.06801808625459671,
                2.272155284881592
            ],
            [
                0.1503763347864151,
                4.695199966430664
            ],
            [
                0.24024829268455505,
                6.953714370727539
            ],
            [
                0.3045310974121094,
                8.869624137878418
            ],
            [
                0.5047222375869751,
                9.838569641113281
            ],
            [
                0.7642941474914551,
                10.277053833007812
            ]
        ],
        [
            [
                0.010551758110523224,
                2.2992029190063477
            ],
            [
                0.06867984682321548,
                4.747121810913086
            ],
            [
                0.15115681290626526,
                7.008430004119873
            ],
            [
                0.2800801992416382,
                8.97981071472168
            ],
            [
                0.49622154235839844,
                10.036880493164062
            ],
            [
                0.7488059997558594,
                10.52379035949707
            ]
        ],
        [
            [
                -0.01960930973291397,
                2.1778438091278076
            ],
            [
                0.015997879207134247,
                4.3575944900512695
            ],
            [
                0.09821322560310364,
                6.157902240753174
            ],
            [
                0.2204478681087494,
                7.676717758178711
            ],
            [
                0.4313978850841522,
                8.61464786529541
            ],
            [
                0.6438380479812622,
                9.298593521118164
            ]
        ],
        [
            [
                0.008700795471668243,
                2.3062362670898438
            ],
            [
                0.059250615537166595,
                4.799955368041992
            ],
            [
                0.1273394525051117,
                7.168370246887207
            ],
            [
                0.245868980884552,
                9.24289321899414
            ],
            [
                0.43438220024108887,
                10.333409309387207
            ],
            [
                0.6546982526779175,
                10.773921966552734
            ]
        ],
        [
            [
                0.098757304251194,
                2.3184032440185547
            ],
            [
                0.18983414769172668,
                4.8122968673706055
            ],
            [
                0.2696915864944458,
                7.209159851074219
            ],
            [
                0.2974138557910919,
                9.266736030578613
            ],
            [
                0.4683380126953125,
                10.303483963012695
            ],
            [
                0.7136166095733643,
                10.729228973388672
            ]
        ]
    ],
    "tl_trigger": 0.9992511868476868,
    "tl_status": 0
}