{
    "speed": 0.9522989362848349,
    "steer": -0.0014156994875520468,
    "throttle": 0.0,
    "brake": 1.0,
    "wp_6": [
        0.10278862714767456,
        2.469240665435791
    ],
    "wp_5": [
        0.07023540884256363,
        1.988057017326355
    ],
    "wp_4": [
        -0.002833135426044464,
        1.698263168334961
    ],
    "wp_3": [
        -0.019191548228263855,
        1.2401760816574097
    ],
    "wp_2": [
        -0.02899811416864395,
        0.883070707321167
    ],
    "wp_1": [
        -0.03190147876739502,
        0.46413174271583557
    ],
    "aim": [
        -0.002833135426044464,
        1.698263168334961
    ],
    "target": [
        0.13333124738967306,
        11.77148102577557
    ],
    "desired_speed": 0.8062861323356628,
    "angle": -0.0010620463524813966,
    "angle_last": 0.04300329853280976,
    "angle_target": 0.007210450288663826,
    "angle_final": -0.0010620463524813966,
    "delta": 0.0,
    "agent": "only_traj",
    "steer_traj": -0.0014156994766694035,
    "throttle_traj": 0.0,
    "brake_traj": 1.0,
    "plan": [
        [
            -0.03190147876739502,
            0.46413174271583557
        ],
        [
            -0.02899811416864395,
            0.883070707321167
        ],
        [
            -0.019191548228263855,
            1.2401760816574097
        ],
        [
            -0.002833135426044464,
            1.698263168334961
        ],
        [
            0.07023540884256363,
            1.988057017326355
        ],
        [
            0.10278862714767456,
            2.469240665435791
        ]
    ],
    "command": 3,
    "all_plan": [
        [
            [
                0.005380012094974518,
                0.7610148191452026
            ],
            [
                0.0354866161942482,
                1.4699970483779907
            ],
            [
                0.06998906284570694,
                2.129563808441162
            ],
            [
                -0.0062461793422698975,
                2.8925366401672363
            ],
            [
                0.09437486529350281,
                3.5234694480895996
            ],
            [
                0.1389971524477005,
                4.251436233520508
            ]
        ],
        [
            [
                0.009075302630662918,
                0.7347896099090576
            ],
            [
                0.048443812876939774,
                1.5480027198791504
            ],
            [
                0.09888596832752228,
                2.3809900283813477
            ],
            [
                0.04750527814030647,
                3.32393217086792
            ],
            [
                0.18030598759651184,
                4.163336753845215
            ],
            [
                0.26367098093032837,
                5.0863800048828125
            ]
        ],
        [
            [
                -0.021123338490724564,
                0.6877619028091431
            ],
            [
                -0.004128778353333473,
                1.3457719087600708
            ],
            [
                0.01727978326380253,
                1.8929609060287476
            ],
            [
                9.345076978206635e-05,
                2.5212886333465576
            ],
            [
                0.10844185203313828,
                2.996417999267578
            ],
            [
                0.1623988151550293,
                3.59799861907959
            ]
        ],
        [
            [
                -0.03190147876739502,
                0.46413174271583557
            ],
            [
                -0.02899811416864395,
                0.883070707321167
            ],
            [
                -0.019191548228263855,
                1.2401760816574097
            ],
            [
                -0.002833135426044464,
                1.698263168334961
            ],
            [
                0.07023540884256363,
                1.988057017326355
            ],
            [
                0.10278862714767456,
                2.469240665435791
            ]
        ],
        [
            [
                -0.007708888500928879,
                0.8170605897903442
            ],
            [
                0.018831072375178337,
                1.5975732803344727
            ],
            [
                0.04754611477255821,
                2.2437222003936768
            ],
            [
                0.00026069581508636475,
                2.958920478820801
            ],
            [
                0.12129044532775879,
                3.533977746963501
            ],
            [
                0.1832524985074997,
                4.193117618560791
            ]
        ],
        [
            [
                0.026249483227729797,
                0.9402999877929688
            ],
            [
                0.07248259335756302,
                2.0278096199035645
            ],
            [
                0.12994402647018433,
                3.18143630027771
            ],
            [
                0.10619708895683289,
                4.429534912109375
            ],
            [
                0.24252882599830627,
                5.552988052368164
            ],
            [
                0.3601473867893219,
                6.716818809509277
            ]
        ]
    ],
    "tl_trigger": 0.9999985694885254,
    "tl_status": 0
}