{
    "speed": -0.00030731078059283157,
    "steer": -0.00706431595608592,
    "throttle": 0.75,
    "brake": 0.0,
    "wp_6": [
        0.039833758026361465,
        1.489796757698059
    ],
    "wp_5": [
        0.02908431924879551,
        1.1461926698684692
    ],
    "wp_4": [
        -0.0068827741779387,
        0.9568547010421753
    ],
    "wp_3": [
        -0.011500149965286255,
        0.6931002140045166
    ],
    "wp_2": [
        -0.017042791470885277,
        0.4896355867385864
    ],
    "wp_1": [
        -0.016348686069250107,
        0.27858075499534607
    ],
    "aim": [
        -0.0068827741779387,
        0.9568547010421753
    ],
    "target": [
        0.39591444347901195,
        10.126291339049324
    ],
    "desired_speed": 0.48595483303070075,
    "angle": -0.004579214320084074,
    "angle_last": 0.019909745930079645,
    "angle_target": 0.024877681612983694,
    "angle_final": -0.004579214320084074,
    "delta": 0.25,
    "agent": "only_traj",
    "steer_traj": -0.007064315743798678,
    "throttle_traj": 0.75,
    "brake_traj": 0.0,
    "plan": [
        [
            -0.016348686069250107,
            0.27858075499534607
        ],
        [
            -0.017042791470885277,
            0.4896355867385864
        ],
        [
            -0.011500149965286255,
            0.6931002140045166
        ],
        [
            -0.0068827741779387,
            0.9568547010421753
        ],
        [
            0.02908431924879551,
            1.1461926698684692
        ],
        [
            0.039833758026361465,
            1.489796757698059
        ]
    ],
    "command": 3,
    "all_plan": [
        [
            [
                0.009353555738925934,
                0.5060802102088928
            ],
            [
                0.021890928968787193,
                0.9509089589118958
            ],
            [
                0.03572293743491173,
                1.2929458618164062
            ],
            [
                -0.00435161218047142,
                1.6349761486053467
            ],
            [
                0.0558127798140049,
                1.9224659204483032
            ],
            [
                0.08337216824293137,
                2.306680679321289
            ]
        ],
        [
            [
                0.012347109615802765,
                0.5343389511108398
            ],
            [
                0.024143356829881668,
                1.0065598487854004
            ],
            [
                0.03646457940340042,
                1.3414767980575562
            ],
            [
                -0.002352658659219742,
                1.6388078927993774
            ],
            [
                0.060766611248254776,
                1.904525637626648
            ],
            [
                0.09173817932605743,
                2.2544851303100586
            ]
        ],
        [
            [
                -0.0195787213742733,
                0.41053444147109985
            ],
            [
                -0.014748006127774715,
                0.8174833059310913
            ],
            [
                -0.004665316082537174,
                1.1485950946807861
            ],
            [
                -0.0013058423064649105,
                1.5082460641860962
            ],
            [
                0.07405402511358261,
                1.7921040058135986
            ],
            [
                0.10835786163806915,
                2.2057268619537354
            ]
        ],
        [
            [
                -0.016348686069250107,
                0.27858075499534607
            ],
            [
                -0.017042791470885277,
                0.4896355867385864
            ],
            [
                -0.011500149965286255,
                0.6931002140045166
            ],
            [
                -0.0068827741779387,
                0.9568547010421753
            ],
            [
                0.02908431924879551,
                1.1461926698684692
            ],
            [
                0.039833758026361465,
                1.489796757698059
            ]
        ],
        [
            [
                -0.005473297089338303,
                0.5188107490539551
            ],
            [
                0.004779541864991188,
                1.0293426513671875
            ],
            [
                0.017615623772144318,
                1.410652995109558
            ],
            [
                -0.00036456435918807983,
                1.7888967990875244
            ],
            [
                0.08258607238531113,
                2.094183921813965
            ],
            [
                0.12303777039051056,
                2.5104873180389404
            ]
        ],
        [
            [
                0.056712761521339417,
                0.6554834842681885
            ],
            [
                0.09129135310649872,
                1.4171531200408936
            ],
            [
                0.12735337018966675,
                2.231492757797241
            ],
            [
                0.0607975572347641,
                3.016265392303467
            ],
            [
                0.1443943977355957,
                3.7673680782318115
            ],
            [
                0.2301943600177765,
                4.588538646697998
            ]
        ]
    ],
    "tl_trigger": 0.9999988079071045,
    "tl_status": 0
}