{
    "speed": -0.007816185483541451,
    "steer": -0.0148226423189044,
    "throttle": 0.0,
    "brake": 1.0,
    "wp_6": [
        -0.007042842451483011,
        1.0108006000518799
    ],
    "wp_5": [
        -0.002123884856700897,
        0.7290893793106079
    ],
    "wp_4": [
        -0.010435894131660461,
        0.6088360548019409
    ],
    "wp_3": [
        -0.009719856083393097,
        0.42581915855407715
    ],
    "wp_2": [
        -0.01233646459877491,
        0.3081093430519104
    ],
    "wp_1": [
        -0.008893432095646858,
        0.21364957094192505
    ],
    "aim": [
        -0.010435894131660461,
        0.6088360548019409
    ],
    "target": [
        0.3318029323956332,
        10.14078018865275
    ],
    "desired_speed": 0.31902964115142823,
    "angle": -0.010911027353658228,
    "angle_last": -0.01111487055488772,
    "angle_target": 0.02082255720304533,
    "angle_final": -0.010911027353658228,
    "delta": 0.25,
    "agent": "only_traj",
    "steer_traj": -0.014822642244651537,
    "throttle_traj": 0.0,
    "brake_traj": 1.0,
    "plan": [
        [
            -0.008893432095646858,
            0.21364957094192505
        ],
        [
            -0.01233646459877491,
            0.3081093430519104
        ],
        [
            -0.009719856083393097,
            0.42581915855407715
        ],
        [
            -0.010435894131660461,
            0.6088360548019409
        ],
        [
            -0.002123884856700897,
            0.7290893793106079
        ],
        [
            -0.007042842451483011,
            1.0108006000518799
        ]
    ],
    "command": 3,
    "all_plan": [
        [
            [
                0.010211436077952385,
                0.4282936453819275
            ],
            [
                0.01699364185333252,
                0.7586569786071777
            ],
            [
                0.025566929951310158,
                1.0034372806549072
            ],
            [
                -0.005980281159281731,
                1.2411293983459473
            ],
            [
                0.031658388674259186,
                1.4384515285491943
            ],
            [
                0.04694119840860367,
                1.7465462684631348
            ]
        ],
        [
            [
                0.012446891516447067,
                0.4658147394657135
            ],
            [
                0.019780054688453674,
                0.8400833606719971
            ],
            [
                0.02819826453924179,
                1.098179817199707
            ],
            [
                -0.004061441868543625,
                1.3203012943267822
            ],
            [
                0.040327999740839005,
                1.5183899402618408
            ],
            [
                0.060729287564754486,
                1.8139326572418213
            ]
        ],
        [
            [
                -0.021798953413963318,
                0.3269665837287903
            ],
            [
                -0.020526913926005363,
                0.6244983673095703
            ],
            [
                -0.012900497764348984,
                0.8905327320098877
            ],
            [
                -0.004138495773077011,
                1.210852861404419
            ],
            [
                0.052381206303834915,
                1.450566291809082
            ],
            [
                0.07486175000667572,
                1.837820291519165
            ]
        ],
        [
            [
                -0.008893432095646858,
                0.21364957094192505
            ],
            [
                -0.01233646459877491,
                0.3081093430519104
            ],
            [
                -0.009719856083393097,
                0.42581915855407715
            ],
            [
                -0.010435894131660461,
                0.6088360548019409
            ],
            [
                -0.002123884856700897,
                0.7290893793106079
            ],
            [
                -0.007042842451483011,
                1.0108006000518799
            ]
        ],
        [
            [
                -0.008225560188293457,
                0.45409339666366577
            ],
            [
                -0.0008238907903432846,
                0.8833906054496765
            ],
            [
                0.010128224268555641,
                1.2172093391418457
            ],
            [
                -0.0022792499512434006,
                1.5672162771224976
            ],
            [
                0.06765156984329224,
                1.8414301872253418
            ],
            [
                0.09982293844223022,
                2.2397100925445557
            ]
        ],
        [
            [
                0.05077333003282547,
                0.5781534910202026
            ],
            [
                0.07407927513122559,
                1.1677355766296387
            ],
            [
                0.09693807363510132,
                1.7710918188095093
            ],
            [
                0.0055170804262161255,
                2.334956169128418
            ],
            [
                0.0556320995092392,
                2.9098188877105713
            ],
            [
                0.09044772386550903,
                3.5659327507019043
            ]
        ]
    ],
    "tl_trigger": 0.9999988079071045,
    "tl_status": 0
}