{
    "speed": -1.5434693821965635e-05,
    "steer": 0.00528045604005456,
    "throttle": 0.0,
    "brake": 1.0,
    "wp_6": [
        0.010896487161517143,
        0.9568787813186646
    ],
    "wp_5": [
        0.00925644114613533,
        0.7146841883659363
    ],
    "wp_4": [
        -0.006908702198415995,
        0.5968866348266602
    ],
    "wp_3": [
        -0.00841875933110714,
        0.4307958483695984
    ],
    "wp_2": [
        -0.01141646970063448,
        0.31030264496803284
    ],
    "wp_1": [
        -0.009088912978768349,
        0.1943037509918213
    ],
    "aim": [
        -0.006908702198415995,
        0.5968866348266602
    ],
    "target": [
        0.09036572368485418,
        9.873257093100724
    ],
    "desired_speed": 0.3055008232593537,
    "angle": -0.007368284122163392,
    "angle_last": 0.004310884012613744,
    "angle_target": 0.005826547369029716,
    "angle_final": 0.005826547369029716,
    "delta": 0.25,
    "agent": "only_traj",
    "steer_traj": 0.0052804560681316386,
    "throttle_traj": 0.0,
    "brake_traj": 1.0,
    "plan": [
        [
            -0.009088912978768349,
            0.1943037509918213
        ],
        [
            -0.01141646970063448,
            0.31030264496803284
        ],
        [
            -0.00841875933110714,
            0.4307958483695984
        ],
        [
            -0.006908702198415995,
            0.5968866348266602
        ],
        [
            0.00925644114613533,
            0.7146841883659363
        ],
        [
            0.010896487161517143,
            0.9568787813186646
        ]
    ],
    "command": 3,
    "all_plan": [
        [
            [
                -0.008372718468308449,
                0.4174400568008423
            ],
            [
                -0.00041898153722286224,
                0.8373789191246033
            ],
            [
                0.014017004519701004,
                1.2041265964508057
            ],
            [
                -0.002892695367336273,
                1.578610897064209
            ],
            [
                0.06965300440788269,
                1.9157830476760864
            ],
            [
                0.09950461983680725,
                2.370500087738037
            ]
        ],
        [
            [
                -0.0038995519280433655,
                0.4770466387271881
            ],
            [
                0.0051016900688409805,
                0.9490597248077393
            ],
            [
                0.018491456285119057,
                1.3190486431121826
            ],
            [
                -0.0007172506302595139,
                1.6645156145095825
            ],
            [
                0.07726467400789261,
                1.983278751373291
            ],
            [
                0.11316858232021332,
                2.400832176208496
            ]
        ],
        [
            [
                -0.021314002573490143,
                0.3166167438030243
            ],
            [
                -0.019901379942893982,
                0.6283307075500488
            ],
            [
                -0.012714141979813576,
                0.8881471753120422
            ],
            [
                -0.0009940620511770248,
                1.171305537223816
            ],
            [
                0.06097736954689026,
                1.4027509689331055
            ],
            [
                0.088593028485775,
                1.7468228340148926
            ]
        ],
        [
            [
                -0.009088912978768349,
                0.1943037509918213
            ],
            [
                -0.01141646970063448,
                0.31030264496803284
            ],
            [
                -0.00841875933110714,
                0.4307958483695984
            ],
            [
                -0.006908702198415995,
                0.5968866348266602
            ],
            [
                0.00925644114613533,
                0.7146841883659363
            ],
            [
                0.010896487161517143,
                0.9568787813186646
            ]
        ],
        [
            [
                -0.024343837052583694,
                0.40970513224601746
            ],
            [
                -0.020587682723999023,
                0.8313100934028625
            ],
            [
                -0.011065714061260223,
                1.1683369874954224
            ],
            [
                0.0007647760212421417,
                1.5157430171966553
            ],
            [
                0.08383360505104065,
                1.8083053827285767
            ],
            [
                0.12298800051212311,
                2.2181060314178467
            ]
        ],
        [
            [
                0.04681778699159622,
                0.5745695233345032
            ],
            [
                0.08909138292074203,
                1.4906959533691406
            ],
            [
                0.14254502952098846,
                2.6379220485687256
            ],
            [
                0.1021299809217453,
                3.8439927101135254
            ],
            [
                0.2246454656124115,
                4.999480724334717
            ],
            [
                0.3444911241531372,
                6.254091262817383
            ]
        ]
    ],
    "tl_trigger": 0.999998927116394,
    "tl_status": 0
}