{
    "speed": 0.9555677423928873,
    "steer": -0.00358402356505394,
    "throttle": 0.75,
    "brake": 0.0,
    "wp_6": [
        0.27158015966415405,
        9.05663013458252
    ],
    "wp_5": [
        0.162316232919693,
        7.550604820251465
    ],
    "wp_4": [
        0.09394679963588715,
        5.9395575523376465
    ],
    "wp_3": [
        0.05201286822557449,
        4.209057331085205
    ],
    "wp_2": [
        0.04688531905412674,
        2.652606964111328
    ],
    "wp_1": [
        0.022753097116947174,
        1.2070175409317017
    ],
    "aim": [
        0.09394679963588715,
        5.9395575523376465
    ],
    "target": [
        0.2136181247921875,
        5.507081066880192
    ],
    "desired_speed": 3.142295551300049,
    "angle": 0.010068657591943716,
    "angle_last": 0.046106708818691215,
    "angle_target": 0.024681927619729517,
    "angle_final": 0.010068657591943716,
    "delta": 0.25,
    "agent": "only_traj",
    "steer_traj": -0.0035840236148733783,
    "throttle_traj": 0.75,
    "brake_traj": 0.0,
    "plan": [
        [
            0.022753097116947174,
            1.2070175409317017
        ],
        [
            0.04688531905412674,
            2.652606964111328
        ],
        [
            0.05201286822557449,
            4.209057331085205
        ],
        [
            0.09394679963588715,
            5.9395575523376465
        ],
        [
            0.162316232919693,
            7.550604820251465
        ],
        [
            0.27158015966415405,
            9.05663013458252
        ]
    ],
    "command": 3,
    "all_plan": [
        [
            [
                0.06123465299606323,
                1.2205623388290405
            ],
            [
                0.07828257977962494,
                2.6889514923095703
            ],
            [
                0.0699857696890831,
                4.374021053314209
            ],
            [
                0.0011173933744430542,
                6.187872886657715
            ],
            [
                -0.009916165843605995,
                7.913472652435303
            ],
            [
                0.0019635409116744995,
                9.566216468811035
            ]
        ],
        [
            [
                0.05375228077173233,
                1.0447440147399902
            ],
            [
                0.06738555431365967,
                2.332275629043579
            ],
            [
                0.06516051292419434,
                3.859792470932007
            ],
            [
                0.003938179463148117,
                5.507730484008789
            ],
            [
                -0.003818197175860405,
                7.1026129722595215
            ],
            [
                0.014145936816930771,
                8.620238304138184
            ]
        ],
        [
            [
                0.03584028780460358,
                1.269507884979248
            ],
            [
                0.05740414559841156,
                2.8938472270965576
            ],
            [
                0.05440714955329895,
                4.736361026763916
            ],
            [
                0.0768599659204483,
                6.793519020080566
            ],
            [
                0.1168987974524498,
                8.738524436950684
            ],
            [
                0.20323751866817474,
                10.588665962219238
            ]
        ],
        [
            [
                0.022753097116947174,
                1.2070175409317017
            ],
            [
                0.04688531905412674,
                2.652606964111328
            ],
            [
                0.05201286822557449,
                4.209057331085205
            ],
            [
                0.09394679963588715,
                5.9395575523376465
            ],
            [
                0.162316232919693,
                7.550604820251465
            ],
            [
                0.27158015966415405,
                9.05663013458252
            ]
        ],
        [
            [
                0.05045468360185623,
                1.269365906715393
            ],
            [
                0.06525047868490219,
                2.8779611587524414
            ],
            [
                0.05181974172592163,
                4.738519191741943
            ],
            [
                0.024832170456647873,
                6.787611961364746
            ],
            [
                0.02334909327328205,
                8.742410659790039
            ],
            [
                0.05929920822381973,
                10.607539176940918
            ]
        ],
        [
            [
                0.05566605180501938,
                1.1436408758163452
            ],
            [
                0.06895417720079422,
                2.43032169342041
            ],
            [
                0.0766633152961731,
                3.8883283138275146
            ],
            [
                -0.005158700048923492,
                5.377946853637695
            ],
            [
                -0.013494359329342842,
                6.773854732513428
            ],
            [
                -0.007638611365109682,
                8.06921100616455
            ]
        ]
    ],
    "tl_trigger": 9.317050739809929e-07,
    "tl_status": 0
}