{
    "speed": 4.681812441028261,
    "steer": -0.016376862302422523,
    "throttle": 0.75,
    "brake": 0.0,
    "wp_6": [
        0.2743472158908844,
        17.019451141357422
    ],
    "wp_5": [
        0.17719042301177979,
        15.68200397491455
    ],
    "wp_4": [
        0.09305407106876373,
        13.38211727142334
    ],
    "wp_3": [
        -0.15457305312156677,
        10.07839584350586
    ],
    "wp_2": [
        -0.12471426278352737,
        6.726518630981445
    ],
    "wp_1": [
        -0.09406106919050217,
        3.328540325164795
    ],
    "aim": [
        -0.09406106919050217,
        3.328540325164795
    ],
    "target": [
        0.2963259027091111,
        22.156642237115427
    ],
    "desired_speed": 5.482204914093018,
    "angle": -0.017985433731994325,
    "angle_last": 0.046165144881590216,
    "angle_target": 0.008513730569752255,
    "angle_final": -0.017985433731994325,
    "delta": 0.25,
    "log_entries": [
        "norm1:5.03",
        "norm2:8.40",
        "norm3:11.73",
        "norm4:14.53",
        "norm5:16.35",
        " ",
        " ",
        " ",
        " ",
        " ",
        " ",
        " ",
        " ",
        " ",
        " ",
        " ",
        " ",
        " ",
        " ",
        " ",
        " ",
        " ",
        " "
    ],
    "agent": "only_traj",
    "steer_traj": -0.016376863153870526,
    "throttle_traj": 0.75,
    "brake_traj": 0.0,
    "plan": [
        [
            -0.09406106919050217,
            3.328540325164795
        ],
        [
            -0.12471426278352737,
            6.726518630981445
        ],
        [
            -0.15457305312156677,
            10.07839584350586
        ],
        [
            0.09305407106876373,
            13.38211727142334
        ],
        [
            0.17719042301177979,
            15.68200397491455
        ],
        [
            0.2743472158908844,
            17.019451141357422
        ]
    ],
    "command": 3,
    "redefined_command": 3,
    "cmd_softmax_output": [
        0.9999040365219116,
        8.83331595105119e-05,
        7.599438504257705e-06
    ],
    "all_plan": [
        [
            [
                -0.07571630924940109,
                3.170022964477539
            ],
            [
                -0.08753973245620728,
                6.388158798217773
            ],
            [
                -0.08250030130147934,
                9.651613235473633
            ],
            [
                0.13339295983314514,
                13.067543983459473
            ],
            [
                0.2432711124420166,
                16.04620361328125
            ],
            [
                0.35904330015182495,
                18.432388305664062
            ]
        ],
        [
            [
                -0.09000062197446823,
                3.152315616607666
            ],
            [
                -0.08899600803852081,
                6.364574432373047
            ],
            [
                -0.04916700720787048,
                9.61943531036377
            ],
            [
                0.22429180145263672,
                13.031622886657715
            ],
            [
                0.383967787027359,
                15.99783706665039
            ],
            [
                0.5557537078857422,
                18.373319625854492
            ]
        ],
        [
            [
                -0.11391181498765945,
                3.40720272064209
            ],
            [
                -0.13937589526176453,
                6.806034088134766
            ],
            [
                -0.14317601919174194,
                10.263532638549805
            ],
            [
                0.14802661538124084,
                13.921455383300781
            ],
            [
                0.2864038348197937,
                16.954811096191406
            ],
            [
                0.43023794889450073,
                19.131120681762695
            ]
        ],
        [
            [
                -0.09406106919050217,
                3.328540325164795
            ],
            [
                -0.12471426278352737,
                6.726518630981445
            ],
            [
                -0.15457305312156677,
                10.07839584350586
            ],
            [
                0.09305407106876373,
                13.38211727142334
            ],
            [
                0.17719042301177979,
                15.68200397491455
            ],
            [
                0.2743472158908844,
                17.019451141357422
            ]
        ],
        [
            [
                -0.150640606880188,
                3.2737083435058594
            ],
            [
                -0.206851989030838,
                6.594783306121826
            ],
            [
                -0.2063511162996292,
                9.996288299560547
            ],
            [
                0.08718909323215485,
                13.557517051696777
            ],
            [
                0.21655742824077606,
                16.62278175354004
            ],
            [
                0.3364720642566681,
                19.012699127197266
            ]
        ],
        [
            [
                -0.05196594446897507,
                3.1077213287353516
            ],
            [
                -0.034660741686820984,
                6.263215065002441
            ],
            [
                0.011381097137928009,
                9.427346229553223
            ],
            [
                0.22961768507957458,
                12.716327667236328
            ],
            [
                0.37593480944633484,
                15.656076431274414
            ],
            [
                0.5380901098251343,
                18.121192932128906
            ]
        ]
    ],
    "tl_trigger": 4.965613698004745e-07,
    "tl_status": 0
}