{
    "speed": 3.5014462998208,
    "steer": -0.02574094384908676,
    "throttle": 0.75,
    "brake": 0.0,
    "wp_6": [
        0.47456496953964233,
        12.148734092712402
    ],
    "wp_5": [
        0.3143260180950165,
        10.935928344726562
    ],
    "wp_4": [
        0.17628800868988037,
        9.617815017700195
    ],
    "wp_3": [
        -0.02129071205854416,
        7.900383472442627
    ],
    "wp_2": [
        -0.0630941241979599,
        5.797321319580078
    ],
    "wp_1": [
        -0.06294422596693039,
        3.050748348236084
    ],
    "aim": [
        -0.06294422596693039,
        3.050748348236084
    ],
    "target": [
        1.2100879298579772,
        18.334874803540906
    ],
    "desired_speed": 3.65099081993103,
    "angle": -0.01313311556363571,
    "angle_last": 0.08362744233226693,
    "angle_target": 0.041955578057020014,
    "angle_final": -0.01313311556363571,
    "delta": 0.14954452011023012,
    "log_entries": [
        "norm1:4.42",
        "norm2:6.85",
        "norm3:8.76",
        "norm4:10.28",
        "norm5:11.55",
        " ",
        " ",
        " ",
        " ",
        " ",
        " ",
        " ",
        " ",
        " ",
        " ",
        " ",
        " ",
        " ",
        " ",
        " ",
        " ",
        " ",
        " "
    ],
    "agent": "only_traj",
    "steer_traj": -0.025740944361296147,
    "throttle_traj": 0.75,
    "brake_traj": 0.0,
    "plan": [
        [
            -0.06294422596693039,
            3.050748348236084
        ],
        [
            -0.0630941241979599,
            5.797321319580078
        ],
        [
            -0.02129071205854416,
            7.900383472442627
        ],
        [
            0.17628800868988037,
            9.617815017700195
        ],
        [
            0.3143260180950165,
            10.935928344726562
        ],
        [
            0.47456496953964233,
            12.148734092712402
        ]
    ],
    "command": 3,
    "redefined_command": 3,
    "cmd_softmax_output": [
        0.9998114705085754,
        0.0001841595076257363,
        4.463292953005293e-06
    ],
    "all_plan": [
        [
            [
                0.028628237545490265,
                3.003063678741455
            ],
            [
                0.08351830393075943,
                5.654149055480957
            ],
            [
                0.14997783303260803,
                7.732071876525879
            ],
            [
                0.2622241675853729,
                9.568707466125488
            ],
            [
                0.39345917105674744,
                11.076904296875
            ],
            [
                0.5639976263046265,
                12.411149978637695
            ]
        ],
        [
            [
                0.054377295076847076,
                2.983156204223633
            ],
            [
                0.14723092317581177,
                5.709807395935059
            ],
            [
                0.25469186902046204,
                7.879725933074951
            ],
            [
                0.3917229473590851,
                9.76831340789795
            ],
            [
                0.569595217704773,
                11.213821411132812
            ],
            [
                0.7880028486251831,
                12.48922061920166
            ]
        ],
        [
            [
                -0.031710945069789886,
                3.052741527557373
            ],
            [
                -0.0003275051712989807,
                5.93324089050293
            ],
            [
                0.06678523868322372,
                8.28499698638916
            ],
            [
                0.2833406627178192,
                10.381675720214844
            ],
            [
                0.44484689831733704,
                12.028594970703125
            ],
            [
                0.6434624791145325,
                13.439720153808594
            ]
        ],
        [
            [
                -0.06294422596693039,
                3.050748348236084
            ],
            [
                -0.0630941241979599,
                5.797321319580078
            ],
            [
                -0.02129071205854416,
                7.900383472442627
            ],
            [
                0.17628800868988037,
                9.617815017700195
            ],
            [
                0.3143260180950165,
                10.935928344726562
            ],
            [
                0.47456496953964233,
                12.148734092712402
            ]
        ],
        [
            [
                -0.04709155112504959,
                2.914902687072754
            ],
            [
                -0.023752594366669655,
                5.720808506011963
            ],
            [
                0.0386948436498642,
                8.084028244018555
            ],
            [
                0.2694090008735657,
                10.331536293029785
            ],
            [
                0.4217213988304138,
                12.201688766479492
            ],
            [
                0.6041520833969116,
                13.766571044921875
            ]
        ],
        [
            [
                0.12015435844659805,
                2.9947762489318848
            ],
            [
                0.2529909908771515,
                5.746807098388672
            ],
            [
                0.3757467269897461,
                7.9480485916137695
            ],
            [
                0.4200912415981293,
                9.892297744750977
            ],
            [
                0.5754406452178955,
                11.291650772094727
            ],
            [
                0.7612496614456177,
                12.512626647949219
            ]
        ]
    ],
    "tl_trigger": 4.2825911350519164e-07,
    "tl_status": 0
}