{
    "speed": 6.912802994452116,
    "steer": 0.05000767484307289,
    "throttle": 0.75,
    "brake": 0.0,
    "wp_6": [
        -0.43348008394241333,
        21.950620651245117
    ],
    "wp_5": [
        -0.24478554725646973,
        18.37571907043457
    ],
    "wp_4": [
        -0.12745040655136108,
        14.75757122039795
    ],
    "wp_3": [
        -0.33655691146850586,
        11.12431812286377
    ],
    "wp_2": [
        -0.2241128385066986,
        7.430591583251953
    ],
    "wp_1": [
        -0.1282835602760315,
        3.6792731285095215
    ],
    "aim": [
        -0.2241128385066986,
        7.430591583251953
    ],
    "target": [
        0.3586823096498297,
        44.64143913707134
    ],
    "desired_speed": 7.314869403839112,
    "angle": -0.01919513612499436,
    "angle_last": -0.03357162185400031,
    "angle_target": 0.005114963611915729,
    "angle_final": -0.01919513612499436,
    "delta": 0.25,
    "log_entries": [
        "norm1:5.56",
        "norm2:9.28",
        "norm3:12.94",
        "norm4:16.57",
        "norm5:20.17",
        " ",
        " ",
        " ",
        " ",
        " ",
        " ",
        " ",
        " ",
        " "
    ],
    "agent": "only_traj",
    "steer_traj": 0.05000767491792394,
    "throttle_traj": 0.75,
    "brake_traj": 0.0,
    "plan": [
        [
            -0.1282835602760315,
            3.6792731285095215
        ],
        [
            -0.2241128385066986,
            7.430591583251953
        ],
        [
            -0.33655691146850586,
            11.12431812286377
        ],
        [
            -0.12745040655136108,
            14.75757122039795
        ],
        [
            -0.24478554725646973,
            18.37571907043457
        ],
        [
            -0.43348008394241333,
            21.950620651245117
        ]
    ],
    "command": 3,
    "redefined_command": 5,
    "cmd_softmax_output": [
        0.050133127719163895,
        3.194914461346343e-05,
        0.949834942817688
    ],
    "all_plan": [
        [
            [
                -0.1284593939781189,
                3.6526246070861816
            ],
            [
                -0.24330437183380127,
                7.374269485473633
            ],
            [
                -0.36792755126953125,
                11.038185119628906
            ],
            [
                -0.2437485158443451,
                14.63836669921875
            ],
            [
                -0.3703174591064453,
                18.208938598632812
            ],
            [
                -0.5655275583267212,
                21.73398208618164
            ]
        ],
        [
            [
                -0.13486544787883759,
                3.6200413703918457
            ],
            [
                -0.22493529319763184,
                7.338413238525391
            ],
            [
                -0.32807621359825134,
                11.019052505493164
            ],
            [
                -0.07939918339252472,
                14.640131950378418
            ],
            [
                -0.18549397587776184,
                18.250886917114258
            ],
            [
                -0.3746454417705536,
                21.833398818969727
            ]
        ],
        [
            [
                -0.15452976524829865,
                3.7222862243652344
            ],
            [
                -0.2540837228298187,
                7.520528793334961
            ],
            [
                -0.3508163392543793,
                11.254083633422852
            ],
            [
                -0.08793172240257263,
                14.924022674560547
            ],
            [
                -0.17485538125038147,
                18.577558517456055
            ],
            [
                -0.3458400368690491,
                22.198429107666016
            ]
        ],
        [
            [
                -0.18497316539287567,
                3.698434829711914
            ],
            [
                -0.33002930879592896,
                7.410754203796387
            ],
            [
                -0.4659002423286438,
                11.010061264038086
            ],
            [
                -0.28040003776550293,
                14.51996898651123
            ],
            [
                -0.4039764404296875,
                17.99281120300293
            ],
            [
                -0.6027884483337402,
                21.420930862426758
            ]
        ],
        [
            [
                -0.17300376296043396,
                3.6783313751220703
            ],
            [
                -0.27904799580574036,
                7.455381393432617
            ],
            [
                -0.3877772092819214,
                11.190088272094727
            ],
            [
                -0.08444938063621521,
                14.852014541625977
            ],
            [
                -0.19949334859848022,
                18.501564025878906
            ],
            [
                -0.4066695272922516,
                22.125377655029297
            ]
        ],
        [
            [
                -0.1282835602760315,
                3.6792731285095215
            ],
            [
                -0.2241128385066986,
                7.430591583251953
            ],
            [
                -0.33655691146850586,
                11.12431812286377
            ],
            [
                -0.12745040655136108,
                14.75757122039795
            ],
            [
                -0.24478554725646973,
                18.37571907043457
            ],
            [
                -0.43348008394241333,
                21.950620651245117
            ]
        ]
    ],
    "tl_trigger": 4.63550662743728e-07,
    "tl_status": 0
}