{
    "speed": 4.0448663178084425,
    "steer": -0.04072049260139465,
    "throttle": 0.75,
    "brake": 0.0,
    "wp_6": [
        -1.8338205814361572,
        20.258237838745117
    ],
    "wp_5": [
        -1.3657894134521484,
        16.69574737548828
    ],
    "wp_4": [
        -0.9249982833862305,
        13.05948543548584
    ],
    "wp_3": [
        -0.49892544746398926,
        9.469914436340332
    ],
    "wp_2": [
        -0.28537052869796753,
        5.9491658210754395
    ],
    "wp_1": [
        -0.1056918352842331,
        2.7770047187805176
    ],
    "aim": [
        -0.49892544746398926,
        9.469914436340332
    ],
    "target": [
        -12.809246649192811,
        49.35590444177342
    ],
    "desired_speed": 7.030087661743164,
    "angle": -0.033509543023543975,
    "angle_last": -0.08316122373999778,
    "angle_target": -0.1616543356290451,
    "angle_final": -0.033509543023543975,
    "delta": 0.25,
    "log_entries": [
        "norm1:4.37",
        "norm2:7.72",
        "norm3:11.29",
        "norm4:14.92",
        "norm5:18.55",
        " ",
        " ",
        " ",
        " ",
        " ",
        " "
    ],
    "agent": "only_traj",
    "steer_traj": -0.040720493247517454,
    "throttle_traj": 0.75,
    "brake_traj": 0.0,
    "plan": [
        [
            -0.1056918352842331,
            2.7770047187805176
        ],
        [
            -0.28537052869796753,
            5.9491658210754395
        ],
        [
            -0.49892544746398926,
            9.469914436340332
        ],
        [
            -0.9249982833862305,
            13.05948543548584
        ],
        [
            -1.3657894134521484,
            16.69574737548828
        ],
        [
            -1.8338205814361572,
            20.258237838745117
        ]
    ],
    "command": 3,
    "redefined_command": 3,
    "cmd_softmax_output": [
        0.9998586177825928,
        0.00013481333735398948,
        6.6030256675730925e-06
    ],
    "all_plan": [
        [
            [
                -0.0384187176823616,
                2.84297513961792
            ],
            [
                -0.1715523898601532,
                5.9940690994262695
            ],
            [
                -0.34642457962036133,
                9.41926097869873
            ],
            [
                -0.8127424716949463,
                12.852210998535156
            ],
            [
                -1.2429661750793457,
                16.348125457763672
            ],
            [
                -1.6914933919906616,
                19.78209686279297
            ]
        ],
        [
            [
                -0.07678643614053726,
                2.808286190032959
            ],
            [
                -0.24151068925857544,
                5.925453186035156
            ],
            [
                -0.41961777210235596,
                9.31662368774414
            ],
            [
                -0.8186128735542297,
                12.731375694274902
            ],
            [
                -1.1885602474212646,
                16.20768165588379
            ],
            [
                -1.5800460577011108,
                19.62582015991211
            ]
        ],
        [
            [
                -0.10606108605861664,
                2.882779121398926
            ],
            [
                -0.29861509799957275,
                6.133903503417969
            ],
            [
                -0.5141052007675171,
                9.722848892211914
            ],
            [
                -0.9446722269058228,
                13.366264343261719
            ],
            [
                -1.3715686798095703,
                17.06776237487793
            ],
            [
                -1.8285269737243652,
                20.715192794799805
            ]
        ],
        [
            [
                -0.1056918352842331,
                2.7770047187805176
            ],
            [
                -0.28537052869796753,
                5.9491658210754395
            ],
            [
                -0.49892544746398926,
                9.469914436340332
            ],
            [
                -0.9249982833862305,
                13.05948543548584
            ],
            [
                -1.3657894134521484,
                16.69574737548828
            ],
            [
                -1.8338205814361572,
                20.258237838745117
            ]
        ],
        [
            [
                -0.11830424517393112,
                2.8599390983581543
            ],
            [
                -0.32911959290504456,
                6.054591178894043
            ],
            [
                -0.5489590764045715,
                9.561214447021484
            ],
            [
                -1.0076627731323242,
                13.097651481628418
            ],
            [
                -1.4486088752746582,
                16.704435348510742
            ],
            [
                -1.9178680181503296,
                20.2560977935791
            ]
        ],
        [
            [
                -0.06894618272781372,
                2.77152681350708
            ],
            [
                -0.2263694703578949,
                5.854586601257324
            ],
            [
                -0.3952154517173767,
                9.207219123840332
            ],
            [
                -0.7873752117156982,
                12.587905883789062
            ],
            [
                -1.1383029222488403,
                16.028642654418945
            ],
            [
                -1.5063502788543701,
                19.406177520751953
            ]
        ]
    ],
    "tl_trigger": 5.998504661874904e-07,
    "tl_status": 0
}