{
    "speed": 2.298120547045062,
    "steer": -0.01083421055227518,
    "throttle": 0.75,
    "brake": 0.0,
    "wp_6": [
        -1.7484511137008667,
        6.236655235290527
    ],
    "wp_5": [
        -1.1575114727020264,
        4.009607315063477
    ],
    "wp_4": [
        -0.5913963913917542,
        1.9389164447784424
    ],
    "wp_3": [
        -0.147206649184227,
        0.4375520348548889
    ],
    "wp_2": [
        -0.044301509857177734,
        -0.24256213009357452
    ],
    "wp_1": [
        0.01203603483736515,
        -0.2126847505569458
    ],
    "aim": [
        -0.5913963913917542,
        1.9389164447784424
    ],
    "target": [
        0.4855275311709937,
        4.878426716942633
    ],
    "desired_speed": 2.7072475254535675,
    "angle": -0.18847143298396848,
    "angle_last": -0.16511977512160267,
    "angle_target": 0.06315189334176352,
    "angle_final": 0.06315189334176352,
    "delta": 0.25,
    "agent": "only_traj",
    "steer_traj": -0.010834210565378555,
    "throttle_traj": 0.75,
    "brake_traj": 0.0,
    "plan": [
        [
            0.01203603483736515,
            -0.2126847505569458
        ],
        [
            -0.044301509857177734,
            -0.24256213009357452
        ],
        [
            -0.147206649184227,
            0.4375520348548889
        ],
        [
            -0.5913963913917542,
            1.9389164447784424
        ],
        [
            -1.1575114727020264,
            4.009607315063477
        ],
        [
            -1.7484511137008667,
            6.236655235290527
        ]
    ],
    "command": 0,
    "all_plan": [
        [
            [
                0.01203603483736515,
                -0.2126847505569458
            ],
            [
                -0.044301509857177734,
                -0.24256213009357452
            ],
            [
                -0.147206649184227,
                0.4375520348548889
            ],
            [
                -0.5913963913917542,
                1.9389164447784424
            ],
            [
                -1.1575114727020264,
                4.009607315063477
            ],
            [
                -1.7484511137008667,
                6.236655235290527
            ]
        ],
        [
            [
                0.0066353995352983475,
                -0.2620437741279602
            ],
            [
                -0.048276498913764954,
                -0.3129841685295105
            ],
            [
                -0.14026778936386108,
                0.39220118522644043
            ],
            [
                -0.558702826499939,
                1.9179517030715942
            ],
            [
                -1.110971450805664,
                4.023167610168457
            ],
            [
                -1.6970216035842896,
                6.332440376281738
            ]
        ],
        [
            [
                0.0037335921078920364,
                -0.23265820741653442
            ],
            [
                -0.0889095887541771,
                -0.2932487726211548
            ],
            [
                -0.23601016402244568,
                0.37937402725219727
            ],
            [
                -0.8132296800613403,
                1.852994680404663
            ],
            [
                -1.5027623176574707,
                3.8774447441101074
            ],
            [
                -2.19781494140625,
                6.075438022613525
            ]
        ],
        [
            [
                0.002710385248064995,
                -0.20741775631904602
            ],
            [
                -0.08722482621669769,
                -0.26557454466819763
            ],
            [
                -0.2187933623790741,
                0.2860449254512787
            ],
            [
                -0.7515642642974854,
                1.509133219718933
            ],
            [
                -1.3527461290359497,
                3.1857619285583496
            ],
            [
                -1.939989686012268,
                5.011346340179443
            ]
        ],
        [
            [
                0.0041053034365177155,
                -0.17822551727294922
            ],
            [
                -0.10012568533420563,
                -0.1879020482301712
            ],
            [
                -0.27364325523376465,
                0.5732972025871277
            ],
            [
                -0.9278502464294434,
                2.1782073974609375
            ],
            [
                -1.7028230428695679,
                4.345655918121338
            ],
            [
                -2.4847140312194824,
                6.668778896331787
            ]
        ],
        [
            [
                0.0029855724424123764,
                -0.2596712112426758
            ],
            [
                -0.04713611304759979,
                -0.23913168907165527
            ],
            [
                -0.12721849977970123,
                0.5992075204849243
            ],
            [
                -0.5290133953094482,
                2.2455520629882812
            ],
            [
                -1.039489984512329,
                4.441079139709473
            ],
            [
                -1.6011717319488525,
                6.849892616271973
            ]
        ]
    ],
    "tl_trigger": 3.8122496448522725e-07,
    "tl_status": 0
}