{
    "speed": 0.42790462878574625,
    "steer": 0.0006717899232171476,
    "throttle": 0.75,
    "brake": 0.0,
    "wp_6": [
        0.20435605943202972,
        10.836532592773438
    ],
    "wp_5": [
        0.11827210336923599,
        8.78343677520752
    ],
    "wp_4": [
        0.07651320099830627,
        6.552713394165039
    ],
    "wp_3": [
        0.045014627277851105,
        4.275860786437988
    ],
    "wp_2": [
        0.046747103333473206,
        2.4407155513763428
    ],
    "wp_1": [
        0.018159300088882446,
        0.9828632473945618
    ],
    "aim": [
        0.046747103333473206,
        2.4407155513763428
    ],
    "target": [
        0.09000222603963973,
        13.884497455483064
    ],
    "desired_speed": 3.9425452232360843,
    "angle": 0.012191708058956014,
    "angle_last": 0.02667709735972828,
    "angle_target": 0.004126645154668621,
    "angle_final": 0.012191708058956014,
    "delta": 0.25,
    "log_entries": [
        "norm1:1.71",
        "norm2:3.36",
        "norm3:5.41",
        "norm4:7.67",
        "norm5:9.81",
        " ",
        " ",
        " ",
        " ",
        " ",
        " ",
        " ",
        " ",
        " ",
        " "
    ],
    "agent": "only_traj",
    "steer_traj": 0.0006717898950204383,
    "throttle_traj": 0.75,
    "brake_traj": 0.0,
    "plan": [
        [
            0.018159300088882446,
            0.9828632473945618
        ],
        [
            0.046747103333473206,
            2.4407155513763428
        ],
        [
            0.045014627277851105,
            4.275860786437988
        ],
        [
            0.07651320099830627,
            6.552713394165039
        ],
        [
            0.11827210336923599,
            8.78343677520752
        ],
        [
            0.20435605943202972,
            10.836532592773438
        ]
    ],
    "command": 3,
    "redefined_command": 3,
    "cmd_softmax_output": [
        0.9998786449432373,
        0.0001069907593773678,
        1.4255056157708168e-05
    ],
    "all_plan": [
        [
            [
                0.03853590041399002,
                1.0149295330047607
            ],
            [
                0.07016962766647339,
                2.382540464401245
            ],
            [
                0.07384656369686127,
                4.074754238128662
            ],
            [
                0.07967505604028702,
                6.072460174560547
            ],
            [
                0.13163824379444122,
                8.033096313476562
            ],
            [
                0.22856628894805908,
                9.909741401672363
            ]
        ],
        [
            [
                0.03705538064241409,
                1.1550300121307373
            ],
            [
                0.07031979411840439,
                2.6464643478393555
            ],
            [
                0.09061925113201141,
                4.43342924118042
            ],
            [
                0.13044634461402893,
                6.489987850189209
            ],
            [
                0.1964172124862671,
                8.46882438659668
            ],
            [
                0.32628366351127625,
                10.310724258422852
            ]
        ],
        [
            [
                0.02432713657617569,
                1.1002168655395508
            ],
            [
                0.048863962292671204,
                2.7114834785461426
            ],
            [
                0.035311318933963776,
                4.743377685546875
            ],
            [
                0.05582377687096596,
                7.214872360229492
            ],
            [
                0.09187735617160797,
                9.601676940917969
            ],
            [
                0.17362579703330994,
                11.799302101135254
            ]
        ],
        [
            [
                0.018159300088882446,
                0.9828632473945618
            ],
            [
                0.046747103333473206,
                2.4407155513763428
            ],
            [
                0.045014627277851105,
                4.275860786437988
            ],
            [
                0.07651320099830627,
                6.552713394165039
            ],
            [
                0.11827210336923599,
                8.78343677520752
            ],
            [
                0.20435605943202972,
                10.836532592773438
            ]
        ],
        [
            [
                0.027111254632472992,
                1.3090155124664307
            ],
            [
                0.048086006194353104,
                3.0108814239501953
            ],
            [
                0.032500624656677246,
                5.007041931152344
            ],
            [
                0.04794028028845787,
                7.338225364685059
            ],
            [
                0.07886219024658203,
                9.577638626098633
            ],
            [
                0.15347549319267273,
                11.659168243408203
            ]
        ],
        [
            [
                0.05181259661912918,
                1.2278079986572266
            ],
            [
                0.09293113648891449,
                2.7452995777130127
            ],
            [
                0.11938728392124176,
                4.485413551330566
            ],
            [
                0.16818131506443024,
                6.434605598449707
            ],
            [
                0.23581472039222717,
                8.324236869812012
            ],
            [
                0.3710353374481201,
                10.120207786560059
            ]
        ]
    ],
    "tl_trigger": 0.9999973773956299,
    "tl_status": 2
}