{
    "speed": 0.21965572083155382,
    "steer": -0.054642368108034134,
    "throttle": 0.75,
    "brake": 0.0,
    "wp_6": [
        -0.929561972618103,
        7.478137493133545
    ],
    "wp_5": [
        -0.5839555263519287,
        5.534731388092041
    ],
    "wp_4": [
        -0.2563250958919525,
        3.641761064529419
    ],
    "wp_3": [
        0.019418710842728615,
        1.9735376834869385
    ],
    "wp_2": [
        0.024456840008497238,
        0.7431749105453491
    ],
    "wp_1": [
        -0.0020324941724538803,
        0.1885606050491333
    ],
    "aim": [
        -0.2563250958919525,
        3.641761064529419
    ],
    "target": [
        -2.551007763958938,
        13.833793121820264
    ],
    "desired_speed": 2.9485958814620976,
    "angle": -0.04473465536049682,
    "angle_last": -0.11204222329945203,
    "angle_target": -0.11609111450778244,
    "angle_final": -0.04473465536049682,
    "delta": 0.25,
    "log_entries": [
        "norm1:0.47",
        "norm2:1.36",
        "norm3:2.81",
        "norm4:4.61",
        "norm5:6.55",
        " ",
        " ",
        " ",
        " ",
        " ",
        " ",
        " ",
        " ",
        " ",
        " ",
        " ",
        " ",
        " ",
        " ",
        " ",
        " ",
        " ",
        " ",
        " ",
        " ",
        " "
    ],
    "agent": "only_traj",
    "steer_traj": -0.054642366840697544,
    "throttle_traj": 0.75,
    "brake_traj": 0.0,
    "plan": [
        [
            -0.0020324941724538803,
            0.1885606050491333
        ],
        [
            0.024456840008497238,
            0.7431749105453491
        ],
        [
            0.019418710842728615,
            1.9735376834869385
        ],
        [
            -0.2563250958919525,
            3.641761064529419
        ],
        [
            -0.5839555263519287,
            5.534731388092041
        ],
        [
            -0.929561972618103,
            7.478137493133545
        ]
    ],
    "command": 0,
    "redefined_command": 0,
    "cmd_softmax_output": [
        0.9726995825767517,
        0.027270251885056496,
        3.017262315552216e-05
    ],
    "all_plan": [
        [
            [
                -0.0020324941724538803,
                0.1885606050491333
            ],
            [
                0.024456840008497238,
                0.7431749105453491
            ],
            [
                0.019418710842728615,
                1.9735376834869385
            ],
            [
                -0.2563250958919525,
                3.641761064529419
            ],
            [
                -0.5839555263519287,
                5.534731388092041
            ],
            [
                -0.929561972618103,
                7.478137493133545
            ]
        ],
        [
            [
                -0.01692201942205429,
                0.1970949023962021
            ],
            [
                0.040973857045173645,
                0.7676499485969543
            ],
            [
                0.12089315056800842,
                1.916386604309082
            ],
            [
                -0.013703882694244385,
                3.484588623046875
            ],
            [
                -0.13751044869422913,
                5.2390618324279785
            ],
            [
                -0.21370303630828857,
                7.008471965789795
            ]
        ],
        [
            [
                -0.0008180196164175868,
                0.1388147622346878
            ],
            [
                0.054207075387239456,
                0.6884645223617554
            ],
            [
                0.13123752176761627,
                1.7764778137207031
            ],
            [
                0.12661531567573547,
                3.313593864440918
            ],
            [
                0.12661434710025787,
                5.054165840148926
            ],
            [
                0.16365477442741394,
                6.862251281738281
            ]
        ],
        [
            [
                0.004557371139526367,
                0.23612496256828308
            ],
            [
                0.015591580420732498,
                0.6989947557449341
            ],
            [
                0.014003640040755272,
                1.479387879371643
            ],
            [
                -0.0023520831018686295,
                2.621218681335449
            ],
            [
                -0.003268223023042083,
                3.95969295501709
            ],
            [
                -0.008098451420664787,
                5.353604316711426
            ]
        ],
        [
            [
                -0.023739315569400787,
                0.24716000258922577
            ],
            [
                0.041642144322395325,
                0.8510329127311707
            ],
            [
                0.13574466109275818,
                1.9507265090942383
            ],
            [
                0.05338100343942642,
                3.4599595069885254
            ],
            [
                -0.010902859270572662,
                5.143075942993164
            ],
            [
                -0.021363569423556328,
                6.828100204467773
            ]
        ],
        [
            [
                0.024014193564653397,
                0.4483144283294678
            ],
            [
                0.06168576702475548,
                1.3239128589630127
            ],
            [
                0.07126423716545105,
                2.7798728942871094
            ],
            [
                -0.29397428035736084,
                4.565848350524902
            ],
            [
                -0.6048049926757812,
                6.503889083862305
            ],
            [
                -0.8727179169654846,
                8.432674407958984
            ]
        ]
    ],
    "tl_trigger": 3.5767274653153436e-07,
    "tl_status": 0
}