{
    "speed": 0.5162604279103453,
    "steer": 0.007650795858353376,
    "throttle": 0.75,
    "brake": 0.0,
    "wp_6": [
        0.0742504894733429,
        5.071860313415527
    ],
    "wp_5": [
        0.06503172218799591,
        3.6160757541656494
    ],
    "wp_4": [
        0.028260231018066406,
        2.2187252044677734
    ],
    "wp_3": [
        0.0737423449754715,
        1.0544137954711914
    ],
    "wp_2": [
        0.0480719618499279,
        0.27081403136253357
    ],
    "wp_1": [
        0.012649107724428177,
        -0.011069416999816895
    ],
    "aim": [
        0.028260231018066406,
        2.2187252044677734
    ],
    "target": [
        -2.2739181971834683,
        10.42912614340933
    ],
    "desired_speed": 2.0347872138023373,
    "angle": 0.008108317409159278,
    "angle_last": 0.004031377493578668,
    "angle_target": -0.13666672275005243,
    "angle_final": 0.008108317409159278,
    "delta": 0.25,
    "log_entries": [
        "norm1:0.13",
        "norm2:0.67",
        "norm3:1.64",
        "norm4:2.92",
        "norm5:4.34",
        " ",
        " ",
        " ",
        " ",
        " ",
        " ",
        " ",
        " ",
        " ",
        " ",
        " ",
        " ",
        " ",
        " ",
        " ",
        " ",
        " "
    ],
    "agent": "only_traj",
    "steer_traj": 0.007650796080443072,
    "throttle_traj": 0.75,
    "brake_traj": 0.0,
    "plan": [
        [
            0.012649107724428177,
            -0.011069416999816895
        ],
        [
            0.0480719618499279,
            0.27081403136253357
        ],
        [
            0.0737423449754715,
            1.0544137954711914
        ],
        [
            0.028260231018066406,
            2.2187252044677734
        ],
        [
            0.06503172218799591,
            3.6160757541656494
        ],
        [
            0.0742504894733429,
            5.071860313415527
        ]
    ],
    "command": 0,
    "redefined_command": 0,
    "cmd_softmax_output": [
        0.9998119473457336,
        0.0001686311443336308,
        1.940657602972351e-05
    ],
    "all_plan": [
        [
            [
                0.012649107724428177,
                -0.011069416999816895
            ],
            [
                0.0480719618499279,
                0.27081403136253357
            ],
            [
                0.0737423449754715,
                1.0544137954711914
            ],
            [
                0.028260231018066406,
                2.2187252044677734
            ],
            [
                0.06503172218799591,
                3.6160757541656494
            ],
            [
                0.0742504894733429,
                5.071860313415527
            ]
        ],
        [
            [
                0.035152822732925415,
                0.16700267791748047
            ],
            [
                0.09295684844255447,
                0.48056548833847046
            ],
            [
                0.13412070274353027,
                1.1252124309539795
            ],
            [
                0.09898385405540466,
                2.0936269760131836
            ],
            [
                0.16202855110168457,
                3.197753429412842
            ],
            [
                0.2630476951599121,
                4.211537837982178
            ]
        ],
        [
            [
                0.011654993519186974,
                0.0010882467031478882
            ],
            [
                0.09437389671802521,
                0.32761555910110474
            ],
            [
                0.1880655288696289,
                1.1174087524414062
            ],
            [
                0.2103399634361267,
                2.3671555519104004
            ],
            [
                0.33880379796028137,
                3.811722755432129
            ],
            [
                0.4819521903991699,
                5.228252410888672
            ]
        ],
        [
            [
                -0.00179510738234967,
                0.010308384895324707
            ],
            [
                0.04639926552772522,
                0.29594674706459045
            ],
            [
                0.08303138613700867,
                1.0899758338928223
            ],
            [
                0.06277067959308624,
                2.3085079193115234
            ],
            [
                -0.012376882135868073,
                3.7692036628723145
            ],
            [
                -0.12207888066768646,
                5.290620803833008
            ]
        ],
        [
            [
                0.02891000360250473,
                0.1364528238773346
            ],
            [
                0.10360808670520782,
                0.458238810300827
            ],
            [
                0.17232300341129303,
                1.1064826250076294
            ],
            [
                0.2087124139070511,
                2.159182548522949
            ],
            [
                0.3548316955566406,
                3.3702118396759033
            ],
            [
                0.5309564471244812,
                4.480074882507324
            ]
        ],
        [
            [
                0.06128973513841629,
                0.3517949879169464
            ],
            [
                0.11291369050741196,
                0.9199377298355103
            ],
            [
                0.16076745092868805,
                1.8452039957046509
            ],
            [
                0.09366453438997269,
                3.0264267921447754
            ],
            [
                0.14858779311180115,
                4.325770378112793
            ],
            [
                0.21428073942661285,
                5.614850997924805
            ]
        ]
    ],
    "tl_trigger": 3.7724308299402765e-07,
    "tl_status": 0
}