{
    "speed": 0.0007773415197227958,
    "steer": -0.05396278575062752,
    "throttle": 0.0,
    "brake": 1.0,
    "wp_6": [
        -0.01184568740427494,
        0.32692742347717285
    ],
    "wp_5": [
        -0.006809381768107414,
        0.21897149085998535
    ],
    "wp_4": [
        -0.005053053144365549,
        0.18492718040943146
    ],
    "wp_3": [
        -0.010926887392997742,
        0.21564747393131256
    ],
    "wp_2": [
        -0.008119369857013226,
        0.19831055402755737
    ],
    "wp_1": [
        -0.0005945217562839389,
        0.16371551156044006
    ],
    "aim": [
        -0.005053053144365549,
        0.18492718040943146
    ],
    "target": [
        -1.6889765857699786,
        7.160109540326954
    ],
    "desired_speed": 0.09056258425116538,
    "angle": -0.01739097960123088,
    "angle_last": -0.02967773100817604,
    "angle_target": -0.14747446650330742,
    "angle_final": -0.01739097960123088,
    "delta": 0.08978524273144259,
    "log_entries": [
        "norm1:0.18",
        "norm2:0.21",
        "norm3:0.20",
        "norm4:0.20",
        "norm5:0.27",
        " ",
        " ",
        " ",
        " ",
        " ",
        " ",
        " ",
        " ",
        " ",
        " ",
        " ",
        " ",
        " ",
        " ",
        " ",
        " ",
        " ",
        " ",
        " ",
        " ",
        " ",
        " ",
        " ",
        " ",
        " ",
        " ",
        " "
    ],
    "agent": "only_traj",
    "steer_traj": -0.05396278660442325,
    "throttle_traj": 0.0,
    "brake_traj": 1.0,
    "plan": [
        [
            -0.0005945217562839389,
            0.16371551156044006
        ],
        [
            -0.008119369857013226,
            0.19831055402755737
        ],
        [
            -0.010926887392997742,
            0.21564747393131256
        ],
        [
            -0.005053053144365549,
            0.18492718040943146
        ],
        [
            -0.006809381768107414,
            0.21897149085998535
        ],
        [
            -0.01184568740427494,
            0.32692742347717285
        ]
    ],
    "command": 0,
    "redefined_command": 0,
    "cmd_softmax_output": [
        0.9992855191230774,
        0.0006334673380479217,
        8.095407974906266e-05
    ],
    "all_plan": [
        [
            [
                -0.0005945217562839389,
                0.16371551156044006
            ],
            [
                -0.008119369857013226,
                0.19831055402755737
            ],
            [
                -0.010926887392997742,
                0.21564747393131256
            ],
            [
                -0.005053053144365549,
                0.18492718040943146
            ],
            [
                -0.006809381768107414,
                0.21897149085998535
            ],
            [
                -0.01184568740427494,
                0.32692742347717285
            ]
        ],
        [
            [
                -0.0003221953520551324,
                0.08377885073423386
            ],
            [
                -0.008238190785050392,
                0.09197530150413513
            ],
            [
                -0.00648968992754817,
                0.14832666516304016
            ],
            [
                -0.015184937044978142,
                0.1772521436214447
            ],
            [
                -0.0255843885242939,
                0.29146015644073486
            ],
            [
                -0.05059141665697098,
                0.515015184879303
            ]
        ],
        [
            [
                -0.00038297928404062986,
                0.1293436735868454
            ],
            [
                -0.007074182853102684,
                0.1593247652053833
            ],
            [
                -0.010139336809515953,
                0.17868512868881226
            ],
            [
                -0.0037705455906689167,
                0.16819506883621216
            ],
            [
                -0.006520669907331467,
                0.21419982612133026
            ],
            [
                -0.010821664705872536,
                0.319955050945282
            ]
        ],
        [
            [
                -0.0012449099449440837,
                0.12894302606582642
            ],
            [
                -0.009119221940636635,
                0.1646735519170761
            ],
            [
                -0.014951258897781372,
                0.20095568895339966
            ],
            [
                -0.003059808164834976,
                0.22713521122932434
            ],
            [
                -0.009574996307492256,
                0.3262304663658142
            ],
            [
                -0.014686448499560356,
                0.48600998520851135
            ]
        ],
        [
            [
                -0.0013862440828233957,
                0.07104185223579407
            ],
            [
                -0.010283537209033966,
                0.09014659374952316
            ],
            [
                -0.015144256874918938,
                0.16161906719207764
            ],
            [
                -0.026560159400105476,
                0.27470532059669495
            ],
            [
                -0.05931088328361511,
                0.5068883299827576
            ],
            [
                -0.10564614832401276,
                0.8381600975990295
            ]
        ],
        [
            [
                -0.012173366732895374,
                0.04791630804538727
            ],
            [
                -0.025948690250515938,
                0.05340900272130966
            ],
            [
                -0.018701238557696342,
                0.1504504382610321
            ],
            [
                -0.009646354243159294,
                0.2085571140050888
            ],
            [
                -0.008101331070065498,
                0.35512614250183105
            ],
            [
                -0.02427375130355358,
                0.6102657318115234
            ]
        ]
    ],
    "tl_trigger": 3.628610159012169e-07,
    "tl_status": 0
}