{
    "speed": 0.04278354478766729,
    "steer": -0.07433785498142242,
    "throttle": 0.0,
    "brake": 1.0,
    "wp_6": [
        -0.06270941346883774,
        0.8786734342575073
    ],
    "wp_5": [
        -0.032211482524871826,
        0.5083787441253662
    ],
    "wp_4": [
        -0.014405088499188423,
        0.2567509114742279
    ],
    "wp_3": [
        -0.01133732683956623,
        0.1189967691898346
    ],
    "wp_2": [
        -0.011110113002359867,
        0.006948892027139664
    ],
    "wp_1": [
        -0.0015386107843369246,
        0.00821956992149353
    ],
    "aim": [
        -0.014405088499188423,
        0.2567509114742279
    ],
    "target": [
        -1.83320102075248,
        7.540405976933611
    ],
    "desired_speed": 0.35331898741424084,
    "angle": -0.035680328923755576,
    "angle_last": -0.05231472341038619,
    "angle_target": -0.15182754223975706,
    "angle_final": -0.035680328923755576,
    "delta": 0.25,
    "log_entries": [
        "norm1:0.01",
        "norm2:0.06",
        "norm3:0.19",
        "norm4:0.38",
        "norm5:0.70",
        " ",
        " ",
        " ",
        " ",
        " ",
        " ",
        " ",
        " ",
        " ",
        " ",
        " ",
        " ",
        " ",
        " ",
        " ",
        " ",
        " ",
        " ",
        " ",
        " ",
        " ",
        " ",
        " ",
        " ",
        " ",
        " ",
        " ",
        " ",
        " ",
        " "
    ],
    "agent": "only_traj",
    "steer_traj": -0.07433785271946697,
    "throttle_traj": 0.0,
    "brake_traj": 1.0,
    "plan": [
        [
            -0.0015386107843369246,
            0.00821956992149353
        ],
        [
            -0.011110113002359867,
            0.006948892027139664
        ],
        [
            -0.01133732683956623,
            0.1189967691898346
        ],
        [
            -0.014405088499188423,
            0.2567509114742279
        ],
        [
            -0.032211482524871826,
            0.5083787441253662
        ],
        [
            -0.06270941346883774,
            0.8786734342575073
        ]
    ],
    "command": 0,
    "redefined_command": 0,
    "cmd_softmax_output": [
        0.999538779258728,
        0.0004248952609486878,
        3.6310844734543934e-05
    ],
    "all_plan": [
        [
            [
                -0.0015386107843369246,
                0.00821956992149353
            ],
            [
                -0.011110113002359867,
                0.006948892027139664
            ],
            [
                -0.01133732683956623,
                0.1189967691898346
            ],
            [
                -0.014405088499188423,
                0.2567509114742279
            ],
            [
                -0.032211482524871826,
                0.5083787441253662
            ],
            [
                -0.06270941346883774,
                0.8786734342575073
            ]
        ],
        [
            [
                -0.0015131802065297961,
                -0.06505954265594482
            ],
            [
                -0.011968087404966354,
                -0.09201708436012268
            ],
            [
                -0.007171402219682932,
                0.06509330868721008
            ],
            [
                -0.018142348155379295,
                0.25390955805778503
            ],
            [
                -0.0371827632188797,
                0.5741776823997498
            ],
            [
                -0.0775766670703888,
                1.0516581535339355
            ]
        ],
        [
            [
                -0.00027964735636487603,
                0.016421303153038025
            ],
            [
                -0.00876922719180584,
                0.04388519376516342
            ],
            [
                -0.015045780688524246,
                0.19577723741531372
            ],
            [
                -0.00324857234954834,
                0.42896053194999695
            ],
            [
                -0.021607285365462303,
                0.7870166301727295
            ],
            [
                -0.037282153964042664,
                1.2205274105072021
            ]
        ],
        [
            [
                0.00023087591398507357,
                0.1037367582321167
            ],
            [
                -0.007520153187215328,
                0.16974923014640808
            ],
            [
                -0.021084684878587723,
                0.30141377449035645
            ],
            [
                -3.787688910961151e-05,
                0.5327218770980835
            ],
            [
                -0.02204149030148983,
                0.8909217715263367
            ],
            [
                -0.029902847483754158,
                1.2829670906066895
            ]
        ],
        [
            [
                -7.22773838788271e-05,
                -0.07096892595291138
            ],
            [
                -0.009977232664823532,
                -0.07034275680780411
            ],
            [
                -0.012376321479678154,
                0.14671573042869568
            ],
            [
                -0.02597298100590706,
                0.495059609413147
            ],
            [
                -0.06812150776386261,
                1.02408766746521
            ],
            [
                -0.12571808695793152,
                1.6873239278793335
            ]
        ],
        [
            [
                0.0012896066764369607,
                -0.080934077501297
            ],
            [
                -0.007518562953919172,
                -0.11115202307701111
            ],
            [
                0.0027237744070589542,
                0.08871755003929138
            ],
            [
                -0.012222331017255783,
                0.309336394071579
            ],
            [
                -0.02131066843867302,
                0.6617342829704285
            ],
            [
                -0.052966173738241196,
                1.1822919845581055
            ]
        ]
    ],
    "tl_trigger": 3.7236475236568367e-07,
    "tl_status": 0
}