{
    "speed": 8.130922363953989,
    "steer": -0.029452411457896233,
    "throttle": 0.052356917411088943,
    "brake": 0.0,
    "wp_6": [
        1.1851937770843506,
        24.231515884399414
    ],
    "wp_5": [
        0.9060720205307007,
        20.25411605834961
    ],
    "wp_4": [
        0.6279891133308411,
        16.18471908569336
    ],
    "wp_3": [
        0.49343132972717285,
        12.087532043457031
    ],
    "wp_2": [
        0.28306975960731506,
        8.067127227783203
    ],
    "wp_1": [
        0.11035733669996262,
        3.983130931854248
    ],
    "aim": [
        0.28306975960731506,
        8.067127227783203
    ],
    "target": [
        2.134152321549132,
        24.082811736062773
    ],
    "desired_speed": 8.11160659790039,
    "angle": 0.02232937838905205,
    "angle_last": 0.04460292883642674,
    "angle_target": 0.056268502246375265,
    "angle_final": 0.02232937838905205,
    "delta": 0.0,
    "log_entries": [
        "norm1:6.03",
        "norm2:10.08",
        "norm3:14.15",
        "norm4:18.24",
        "norm5:22.27",
        " ",
        " ",
        " ",
        " ",
        " ",
        " "
    ],
    "agent": "only_traj",
    "steer_traj": -0.029452410815081907,
    "throttle_traj": 0.052356916217481925,
    "brake_traj": 0.0,
    "plan": [
        [
            0.11035733669996262,
            3.983130931854248
        ],
        [
            0.28306975960731506,
            8.067127227783203
        ],
        [
            0.49343132972717285,
            12.087532043457031
        ],
        [
            0.6279891133308411,
            16.18471908569336
        ],
        [
            0.9060720205307007,
            20.25411605834961
        ],
        [
            1.1851937770843506,
            24.231515884399414
        ]
    ],
    "command": 3,
    "redefined_command": 3,
    "cmd_softmax_output": [
        0.9999212026596069,
        3.220434518880211e-05,
        4.6599292545579374e-05
    ],
    "all_plan": [
        [
            [
                0.16587409377098083,
                3.9305968284606934
            ],
            [
                0.3765646815299988,
                7.949448585510254
            ],
            [
                0.615940272808075,
                11.895248413085938
            ],
            [
                0.7059149742126465,
                15.90389633178711
            ],
            [
                0.9914262294769287,
                19.903182983398438
            ],
            [
                1.3008098602294922,
                23.81533432006836
            ]
        ],
        [
            [
                0.18628793954849243,
                3.9212727546691895
            ],
            [
                0.45143264532089233,
                7.965826034545898
            ],
            [
                0.7666313648223877,
                11.934439659118652
            ],
            [
                0.9182184338569641,
                15.994409561157227
            ],
            [
                1.3042296171188354,
                20.01313591003418
            ],
            [
                1.7162160873413086,
                23.923978805541992
            ]
        ],
        [
            [
                0.12967024743556976,
                3.9878053665161133
            ],
            [
                0.32555049657821655,
                8.101314544677734
            ],
            [
                0.5579473376274109,
                12.162266731262207
            ],
            [
                0.7023969292640686,
                16.321592330932617
            ],
            [
                1.0005030632019043,
                20.449954986572266
            ],
            [
                1.3090482950210571,
                24.477258682250977
            ]
        ],
        [
            [
                0.11035733669996262,
                3.983130931854248
            ],
            [
                0.28306975960731506,
                8.067127227783203
            ],
            [
                0.49343132972717285,
                12.087532043457031
            ],
            [
                0.6279891133308411,
                16.18471908569336
            ],
            [
                0.9060720205307007,
                20.25411605834961
            ],
            [
                1.1851937770843506,
                24.231515884399414
            ]
        ],
        [
            [
                0.13289937376976013,
                3.971134662628174
            ],
            [
                0.3307078182697296,
                8.066569328308105
            ],
            [
                0.5647221207618713,
                12.107831001281738
            ],
            [
                0.7062730193138123,
                16.24559783935547
            ],
            [
                1.0038073062896729,
                20.353986740112305
            ],
            [
                1.3137240409851074,
                24.360519409179688
            ]
        ],
        [
            [
                0.19745078682899475,
                3.8528971672058105
            ],
            [
                0.47731247544288635,
                7.823658466339111
            ],
            [
                0.8147038221359253,
                11.712071418762207
            ],
            [
                0.9722396731376648,
                15.686878204345703
            ],
            [
                1.3891160488128662,
                19.617168426513672
            ],
            [
                1.8371140956878662,
                23.44247055053711
            ]
        ]
    ],
    "tl_trigger": 4.770326995640062e-07,
    "tl_status": 0
}