{
    "speed": 3.924168047247215,
    "steer": -0.02933281473815441,
    "throttle": 0.75,
    "brake": 0.0,
    "wp_6": [
        -2.6747920513153076,
        12.294713973999023
    ],
    "wp_5": [
        -2.0167477130889893,
        10.506258010864258
    ],
    "wp_4": [
        -1.3236429691314697,
        8.394353866577148
    ],
    "wp_3": [
        -0.5542720556259155,
        6.097420692443848
    ],
    "wp_2": [
        -0.22909581661224365,
        3.9261834621429443
    ],
    "wp_1": [
        -0.027519118040800095,
        1.9109532833099365
    ],
    "aim": [
        -0.22909581661224365,
        3.9261834621429443
    ],
    "target": [
        -9.624421917806952,
        33.75385943716163
    ],
    "desired_speed": 4.308602428436279,
    "angle": -0.03710518227561102,
    "angle_last": -0.22445089636583543,
    "angle_target": -0.17683032674132831,
    "angle_final": -0.03710518227561102,
    "delta": 0.25,
    "log_entries": [
        "norm1:2.92",
        "norm2:5.03",
        "norm3:7.31",
        "norm4:9.60",
        "norm5:11.64",
        " ",
        " ",
        " ",
        " ",
        " ",
        " ",
        " ",
        " ",
        " ",
        " ",
        " ",
        " ",
        " ",
        " ",
        " "
    ],
    "agent": "only_traj",
    "steer_traj": -0.029332815625671072,
    "throttle_traj": 0.75,
    "brake_traj": 0.0,
    "plan": [
        [
            -0.027519118040800095,
            1.9109532833099365
        ],
        [
            -0.22909581661224365,
            3.9261834621429443
        ],
        [
            -0.5542720556259155,
            6.097420692443848
        ],
        [
            -1.3236429691314697,
            8.394353866577148
        ],
        [
            -2.0167477130889893,
            10.506258010864258
        ],
        [
            -2.6747920513153076,
            12.294713973999023
        ]
    ],
    "command": 3,
    "redefined_command": 3,
    "cmd_softmax_output": [
        0.9999151229858398,
        8.135145617416129e-05,
        3.5533530535758473e-06
    ],
    "all_plan": [
        [
            [
                0.013662796467542648,
                1.9648586511611938
            ],
            [
                -0.1566537618637085,
                4.012225151062012
            ],
            [
                -0.4512443542480469,
                6.11610221862793
            ],
            [
                -1.148000717163086,
                8.269261360168457
            ],
            [
                -1.743690013885498,
                10.24722671508789
            ],
            [
                -2.309049129486084,
                11.941048622131348
            ]
        ],
        [
            [
                -0.009958125650882721,
                1.8728080987930298
            ],
            [
                -0.20651471614837646,
                3.9178056716918945
            ],
            [
                -0.5154436826705933,
                6.144405364990234
            ],
            [
                -1.245610237121582,
                8.416711807250977
            ],
            [
                -1.9068984985351562,
                10.511316299438477
            ],
            [
                -2.5511221885681152,
                12.31614875793457
            ]
        ],
        [
            [
                -0.012569151818752289,
                2.0273594856262207
            ],
            [
                -0.2333374321460724,
                4.229510307312012
            ],
            [
                -0.5881088972091675,
                6.656964302062988
            ],
            [
                -1.425157070159912,
                9.19783878326416
            ],
            [
                -2.2007956504821777,
                11.551265716552734
            ],
            [
                -2.9409725666046143,
                13.54446792602539
            ]
        ],
        [
            [
                -0.027519118040800095,
                1.9109532833099365
            ],
            [
                -0.22909581661224365,
                3.9261834621429443
            ],
            [
                -0.5542720556259155,
                6.097420692443848
            ],
            [
                -1.3236429691314697,
                8.394353866577148
            ],
            [
                -2.0167477130889893,
                10.506258010864258
            ],
            [
                -2.6747920513153076,
                12.294713973999023
            ]
        ],
        [
            [
                -0.026929982006549835,
                2.0803935527801514
            ],
            [
                -0.26113542914390564,
                4.327549934387207
            ],
            [
                -0.6196925640106201,
                6.765141487121582
            ],
            [
                -1.4540382623672485,
                9.245420455932617
            ],
            [
                -2.2393856048583984,
                11.526670455932617
            ],
            [
                -2.9950854778289795,
                13.455613136291504
            ]
        ],
        [
            [
                -0.002945743501186371,
                1.8724361658096313
            ],
            [
                -0.1924111545085907,
                3.9016828536987305
            ],
            [
                -0.4912894070148468,
                6.068713665008545
            ],
            [
                -1.193889856338501,
                8.244579315185547
            ],
            [
                -1.8209024667739868,
                10.232198715209961
            ],
            [
                -2.429220676422119,
                11.927117347717285
            ]
        ]
    ],
    "tl_trigger": 4.849743504564685e-07,
    "tl_status": 0
}