{
    "speed": 4.891531367426769,
    "steer": -0.08479089289903641,
    "throttle": 0.75,
    "brake": 0.0,
    "wp_6": [
        -3.6488118171691895,
        19.35819435119629
    ],
    "wp_5": [
        -2.825957775115967,
        16.52071762084961
    ],
    "wp_4": [
        -2.016289234161377,
        13.406023025512695
    ],
    "wp_3": [
        -1.1931841373443604,
        10.164719581604004
    ],
    "wp_2": [
        -0.7037497758865356,
        6.788265228271484
    ],
    "wp_1": [
        -0.2430410385131836,
        3.396200656890869
    ],
    "aim": [
        -0.7037497758865356,
        6.788265228271484
    ],
    "target": [
        -6.354340276320819,
        28.324120208950852
    ],
    "desired_speed": 6.540689849853514,
    "angle": -0.06576442836001219,
    "angle_last": -0.1796877338203413,
    "angle_target": -0.14049546337534546,
    "angle_final": -0.06576442836001219,
    "delta": 0.25,
    "log_entries": [
        "norm1:5.11",
        "norm2:8.53",
        "norm3:11.89",
        "norm4:15.16",
        "norm5:18.23",
        " ",
        " ",
        " ",
        " ",
        " ",
        " ",
        " ",
        " ",
        " ",
        " ",
        " ",
        " "
    ],
    "agent": "only_traj",
    "steer_traj": -0.0847908909076528,
    "throttle_traj": 0.75,
    "brake_traj": 0.0,
    "plan": [
        [
            -0.2430410385131836,
            3.396200656890869
        ],
        [
            -0.7037497758865356,
            6.788265228271484
        ],
        [
            -1.1931841373443604,
            10.164719581604004
        ],
        [
            -2.016289234161377,
            13.406023025512695
        ],
        [
            -2.825957775115967,
            16.52071762084961
        ],
        [
            -3.6488118171691895,
            19.35819435119629
        ]
    ],
    "command": 3,
    "redefined_command": 3,
    "cmd_softmax_output": [
        0.999925971031189,
        6.61725498503074e-05,
        7.869819455663674e-06
    ],
    "all_plan": [
        [
            [
                -0.12827223539352417,
                3.382293701171875
            ],
            [
                -0.5147182941436768,
                6.701473236083984
            ],
            [
                -0.9505728483200073,
                9.919022560119629
            ],
            [
                -1.8388128280639648,
                12.808086395263672
            ],
            [
                -2.6336851119995117,
                15.589460372924805
            ],
            [
                -3.4054694175720215,
                18.213285446166992
            ]
        ],
        [
            [
                -0.1773896962404251,
                3.3797354698181152
            ],
            [
                -0.5995439291000366,
                6.719024658203125
            ],
            [
                -1.0492122173309326,
                9.951424598693848
            ],
            [
                -1.895925760269165,
                12.846713066101074
            ],
            [
                -2.6840198040008545,
                15.604713439941406
            ],
            [
                -3.4595563411712646,
                18.203086853027344
            ]
        ],
        [
            [
                -0.23906585574150085,
                3.510721206665039
            ],
            [
                -0.7058548927307129,
                7.01469612121582
            ],
            [
                -1.185920238494873,
                10.560623168945312
            ],
            [
                -2.0303964614868164,
                13.947214126586914
            ],
            [
                -2.829009771347046,
                17.336746215820312
            ],
            [
                -3.6442158222198486,
                20.570716857910156
            ]
        ],
        [
            [
                -0.2430410385131836,
                3.396200656890869
            ],
            [
                -0.7037497758865356,
                6.788265228271484
            ],
            [
                -1.1931841373443604,
                10.164719581604004
            ],
            [
                -2.016289234161377,
                13.406023025512695
            ],
            [
                -2.825957775115967,
                16.52071762084961
            ],
            [
                -3.6488118171691895,
                19.35819435119629
            ]
        ],
        [
            [
                -0.24748975038528442,
                3.4679770469665527
            ],
            [
                -0.7389922142028809,
                6.893623352050781
            ],
            [
                -1.239487886428833,
                10.317025184631348
            ],
            [
                -2.1265060901641846,
                13.537748336791992
            ],
            [
                -2.9655086994171143,
                16.714651107788086
            ],
            [
                -3.8169946670532227,
                19.705358505249023
            ]
        ],
        [
            [
                -0.1251893788576126,
                3.2443594932556152
            ],
            [
                -0.4950261116027832,
                6.477029800415039
            ],
            [
                -0.9049232006072998,
                9.60776138305664
            ],
            [
                -1.6945030689239502,
                12.40220832824707
            ],
            [
                -2.421799659729004,
                15.037797927856445
            ],
            [
                -3.12410831451416,
                17.509796142578125
            ]
        ]
    ],
    "tl_trigger": 4.910913844469178e-07,
    "tl_status": 0
}