{
    "speed": 3.493833985984833,
    "steer": -0.018196657299995422,
    "throttle": 0.07091224938631058,
    "brake": 0.0,
    "wp_6": [
        -1.2174559831619263,
        9.812239646911621
    ],
    "wp_5": [
        -0.889737606048584,
        8.312398910522461
    ],
    "wp_4": [
        -0.5987591743469238,
        6.648996353149414
    ],
    "wp_3": [
        -0.23376205563545227,
        4.898551940917969
    ],
    "wp_2": [
        -0.09211252629756927,
        3.31091046333313
    ],
    "wp_1": [
        -0.012981990352272987,
        1.7157890796661377
    ],
    "aim": [
        -0.09211252629756927,
        3.31091046333313
    ],
    "target": [
        -1.550963524953434,
        13.367280557397539
    ],
    "desired_speed": 3.2812049865722654,
    "angle": -0.017706762013857805,
    "angle_last": -0.1369503294916822,
    "angle_target": -0.07353617944673577,
    "angle_final": -0.017706762013857805,
    "delta": 0.0,
    "log_entries": [
        "norm1:2.51",
        "norm2:4.11",
        "norm3:5.79",
        "norm4:7.52",
        "norm5:9.12",
        " ",
        " ",
        " ",
        " ",
        " ",
        " ",
        " ",
        " ",
        " ",
        " ",
        " ",
        " "
    ],
    "agent": "only_traj",
    "steer_traj": -0.018196657490602487,
    "throttle_traj": 0.0709122458109463,
    "brake_traj": 0.0,
    "plan": [
        [
            -0.012981990352272987,
            1.7157890796661377
        ],
        [
            -0.09211252629756927,
            3.31091046333313
        ],
        [
            -0.23376205563545227,
            4.898551940917969
        ],
        [
            -0.5987591743469238,
            6.648996353149414
        ],
        [
            -0.889737606048584,
            8.312398910522461
        ],
        [
            -1.2174559831619263,
            9.812239646911621
        ]
    ],
    "command": 3,
    "redefined_command": 3,
    "cmd_softmax_output": [
        0.9998526573181152,
        0.00013821579341311008,
        9.114284694078378e-06
    ],
    "all_plan": [
        [
            [
                0.0032261833548545837,
                1.6578305959701538
            ],
            [
                -0.04652231186628342,
                3.2262072563171387
            ],
            [
                -0.13259071111679077,
                4.8309006690979
            ],
            [
                -0.381044864654541,
                6.561408519744873
            ],
            [
                -0.5812286734580994,
                8.21353816986084
            ],
            [
                -0.839673638343811,
                9.746122360229492
            ]
        ],
        [
            [
                0.010640610009431839,
                1.5820817947387695
            ],
            [
                -0.04556028172373772,
                3.2577831745147705
            ],
            [
                -0.13843294978141785,
                5.097076416015625
            ],
            [
                -0.39262935519218445,
                7.060640335083008
            ],
            [
                -0.601853609085083,
                8.932079315185547
            ],
            [
                -0.8426695466041565,
                10.688169479370117
            ]
        ],
        [
            [
                0.006897129118442535,
                1.8995360136032104
            ],
            [
                -0.08781919628381729,
                3.8234901428222656
            ],
            [
                -0.2547992169857025,
                5.8250932693481445
            ],
            [
                -0.6612980961799622,
                7.964186668395996
            ],
            [
                -1.0102139711380005,
                9.969305038452148
            ],
            [
                -1.3642163276672363,
                11.765434265136719
            ]
        ],
        [
            [
                -0.012981990352272987,
                1.7157890796661377
            ],
            [
                -0.09211252629756927,
                3.31091046333313
            ],
            [
                -0.23376205563545227,
                4.898551940917969
            ],
            [
                -0.5987591743469238,
                6.648996353149414
            ],
            [
                -0.889737606048584,
                8.312398910522461
            ],
            [
                -1.2174559831619263,
                9.812239646911621
            ]
        ],
        [
            [
                -0.005035407841205597,
                1.8432339429855347
            ],
            [
                -0.12376026809215546,
                3.824887275695801
            ],
            [
                -0.3064524233341217,
                5.974765777587891
            ],
            [
                -0.7557035088539124,
                8.229032516479492
            ],
            [
                -1.1471608877182007,
                10.337632179260254
            ],
            [
                -1.5347187519073486,
                12.220992088317871
            ]
        ],
        [
            [
                0.016521569341421127,
                1.487229585647583
            ],
            [
                -0.023225609213113785,
                3.1772422790527344
            ],
            [
                -0.09025511145591736,
                5.084100246429443
            ],
            [
                -0.2568044662475586,
                7.121113300323486
            ],
            [
                -0.40133947134017944,
                9.06820297241211
            ],
            [
                -0.579131543636322,
                10.92080307006836
            ]
        ]
    ],
    "tl_trigger": 4.857820954384806e-07,
    "tl_status": 0
}