{
    "speed": 2.1313735953831445,
    "steer": -0.0419347807765007,
    "throttle": 0.75,
    "brake": 0.0,
    "wp_6": [
        -0.5870808959007263,
        7.423381805419922
    ],
    "wp_5": [
        -0.42156586050987244,
        6.091923236846924
    ],
    "wp_4": [
        -0.29145893454551697,
        4.670438766479492
    ],
    "wp_3": [
        -0.1672510951757431,
        3.286210775375366
    ],
    "wp_2": [
        -0.09408039599657059,
        2.1786439418792725
    ],
    "wp_1": [
        -0.0498485192656517,
        1.1377148628234863
    ],
    "aim": [
        -0.1672510951757431,
        3.286210775375366
    ],
    "target": [
        -0.6079953537128189,
        9.22458278325988
    ],
    "desired_speed": 2.524308919906616,
    "angle": -0.032372695981690736,
    "angle_last": -0.07873495759386641,
    "angle_target": -0.04189922095467599,
    "angle_final": -0.032372695981690736,
    "delta": 0.25,
    "log_entries": [
        "norm1:1.66",
        "norm2:2.74",
        "norm3:3.98",
        "norm4:5.39",
        "norm5:6.78",
        " ",
        " ",
        " ",
        " ",
        " ",
        " ",
        " ",
        " ",
        " ",
        " ",
        " ",
        " ",
        " ",
        " ",
        " "
    ],
    "agent": "only_traj",
    "steer_traj": -0.041934782160087086,
    "throttle_traj": 0.75,
    "brake_traj": 0.0,
    "plan": [
        [
            -0.0498485192656517,
            1.1377148628234863
        ],
        [
            -0.09408039599657059,
            2.1786439418792725
        ],
        [
            -0.1672510951757431,
            3.286210775375366
        ],
        [
            -0.29145893454551697,
            4.670438766479492
        ],
        [
            -0.42156586050987244,
            6.091923236846924
        ],
        [
            -0.5870808959007263,
            7.423381805419922
        ]
    ],
    "command": 3,
    "redefined_command": 3,
    "cmd_softmax_output": [
        0.9997413754463196,
        0.00024665662203915417,
        1.1961587915720884e-05
    ],
    "all_plan": [
        [
            [
                -0.026411857455968857,
                1.3950483798980713
            ],
            [
                -0.06174970418214798,
                2.4314308166503906
            ],
            [
                -0.11562229692935944,
                3.413090705871582
            ],
            [
                -0.20408445596694946,
                4.5612945556640625
            ],
            [
                -0.34069427847862244,
                5.7629523277282715
            ],
            [
                -0.5206998586654663,
                6.86898946762085
            ]
        ],
        [
            [
                -0.02146770805120468,
                1.3585200309753418
            ],
            [
                -0.055433355271816254,
                2.4021542072296143
            ],
            [
                -0.1091180294752121,
                3.392496109008789
            ],
            [
                -0.22553014755249023,
                4.519167423248291
            ],
            [
                -0.35017311573028564,
                5.667255878448486
            ],
            [
                -0.5144520998001099,
                6.719042778015137
            ]
        ],
        [
            [
                -0.030799798667430878,
                1.5099595785140991
            ],
            [
                -0.07847096025943756,
                2.7762627601623535
            ],
            [
                -0.15723928809165955,
                4.002959728240967
            ],
            [
                -0.3383041024208069,
                5.424948692321777
            ],
            [
                -0.5071119070053101,
                6.839239597320557
            ],
            [
                -0.7218087911605835,
                8.123027801513672
            ]
        ],
        [
            [
                -0.0498485192656517,
                1.1377148628234863
            ],
            [
                -0.09408039599657059,
                2.1786439418792725
            ],
            [
                -0.1672510951757431,
                3.286210775375366
            ],
            [
                -0.29145893454551697,
                4.670438766479492
            ],
            [
                -0.42156586050987244,
                6.091923236846924
            ],
            [
                -0.5870808959007263,
                7.423381805419922
            ]
        ],
        [
            [
                -0.018925733864307404,
                1.632773756980896
            ],
            [
                -0.07913228869438171,
                2.9512100219726562
            ],
            [
                -0.1777423769235611,
                4.1884260177612305
            ],
            [
                -0.44456976652145386,
                5.559961318969727
            ],
            [
                -0.6740860939025879,
                6.893862724304199
            ],
            [
                -0.9393506646156311,
                8.076913833618164
            ]
        ],
        [
            [
                -0.013860691338777542,
                1.2975523471832275
            ],
            [
                -0.03072904795408249,
                2.395732879638672
            ],
            [
                -0.05534547567367554,
                3.4765257835388184
            ],
            [
                -0.13624298572540283,
                4.689164638519287
            ],
            [
                -0.20485274493694305,
                5.89444637298584
            ],
            [
                -0.3301107883453369,
                7.021466255187988
            ]
        ]
    ],
    "tl_trigger": 4.814655767404474e-07,
    "tl_status": 0
}