{
    "speed": 8.0200784911902,
    "steer": -0.01960000768303871,
    "throttle": 0.19534984230995178,
    "brake": 0.0,
    "wp_6": [
        -2.5068860054016113,
        24.104501724243164
    ],
    "wp_5": [
        -1.947543740272522,
        20.204694747924805
    ],
    "wp_4": [
        -1.409962773323059,
        16.222139358520508
    ],
    "wp_3": [
        -0.8247342109680176,
        12.283284187316895
    ],
    "wp_2": [
        -0.4786185026168823,
        8.19758129119873
    ],
    "wp_1": [
        -0.15292519330978394,
        4.118933200836182
    ],
    "aim": [
        -1.409962773323059,
        16.222139358520508
    ],
    "target": [
        -1.2480680249101708,
        19.30484937638144
    ],
    "desired_speed": 8.052980422973633,
    "angle": -0.05519372403653734,
    "angle_last": -0.09069067249903827,
    "angle_target": -0.04110058315747275,
    "angle_final": -0.04110058315747275,
    "delta": 0.03290193178343337,
    "agent": "only_traj",
    "steer_traj": -0.019600008129360868,
    "throttle_traj": 0.1953498363937285,
    "brake_traj": 0.0,
    "plan": [
        [
            -0.15292519330978394,
            4.118933200836182
        ],
        [
            -0.4786185026168823,
            8.19758129119873
        ],
        [
            -0.8247342109680176,
            12.283284187316895
        ],
        [
            -1.409962773323059,
            16.222139358520508
        ],
        [
            -1.947543740272522,
            20.204694747924805
        ],
        [
            -2.5068860054016113,
            24.104501724243164
        ]
    ],
    "command": 3,
    "all_plan": [
        [
            [
                -0.03211304545402527,
                4.014258861541748
            ],
            [
                -0.2482970952987671,
                7.98991584777832
            ],
            [
                -0.5328015089035034,
                11.977962493896484
            ],
            [
                -1.2696810960769653,
                15.720476150512695
            ],
            [
                -1.9120774269104004,
                19.50330924987793
            ],
            [
                -2.533442974090576,
                23.202672958374023
            ]
        ],
        [
            [
                -0.06445255875587463,
                3.969910144805908
            ],
            [
                -0.3152707815170288,
                7.9133195877075195
            ],
            [
                -0.6155785322189331,
                11.868228912353516
            ],
            [
                -1.2895760536193848,
                15.632014274597168
            ],
            [
                -1.8736975193023682,
                19.43668556213379
            ],
            [
                -2.4449350833892822,
                23.149024963378906
            ]
        ],
        [
            [
                -0.11689707636833191,
                4.1669440269470215
            ],
            [
                -0.4092722535133362,
                8.307992935180664
            ],
            [
                -0.7385003566741943,
                12.46536636352539
            ],
            [
                -1.3245258331298828,
                16.489273071289062
            ],
            [
                -1.8487451076507568,
                20.55632209777832
            ],
            [
                -2.379063129425049,
                24.534624099731445
            ]
        ],
        [
            [
                -0.15292519330978394,
                4.118933200836182
            ],
            [
                -0.4786185026168823,
                8.19758129119873
            ],
            [
                -0.8247342109680176,
                12.283284187316895
            ],
            [
                -1.409962773323059,
                16.222139358520508
            ],
            [
                -1.947543740272522,
                20.204694747924805
            ],
            [
                -2.5068860054016113,
                24.104501724243164
            ]
        ],
        [
            [
                -0.11666581779718399,
                4.063962936401367
            ],
            [
                -0.43249693512916565,
                8.102087020874023
            ],
            [
                -0.7872563600540161,
                12.159292221069336
            ],
            [
                -1.4711406230926514,
                16.060787200927734
            ],
            [
                -2.0729284286499023,
                20.00428581237793
            ],
            [
                -2.6730008125305176,
                23.845653533935547
            ]
        ],
        [
            [
                -0.036029621958732605,
                3.8647961616516113
            ],
            [
                -0.24581556022167206,
                7.721938133239746
            ],
            [
                -0.5139079689979553,
                11.602128982543945
            ],
            [
                -1.1841710805892944,
                15.279840469360352
            ],
            [
                -1.7656135559082031,
                18.992786407470703
            ],
            [
                -2.325634479522705,
                22.615814208984375
            ]
        ]
    ],
    "tl_trigger": 5.621686796075664e-07,
    "tl_status": 0
}