{
    "speed": 8.330408578861872,
    "steer": -0.004450107924640179,
    "throttle": 0.046057235449552536,
    "brake": 0.0,
    "wp_6": [
        -1.7323203086853027,
        23.968978881835938
    ],
    "wp_5": [
        -1.3358765840530396,
        19.972774505615234
    ],
    "wp_4": [
        -0.9395492672920227,
        15.940925598144531
    ],
    "wp_3": [
        -0.5014431476593018,
        11.988654136657715
    ],
    "wp_2": [
        -0.24839207530021667,
        7.972903251647949
    ],
    "wp_1": [
        -0.05546195060014725,
        3.998809337615967
    ],
    "aim": [
        -0.24839207530021667,
        7.972903251647949
    ],
    "target": [
        -1.800155084408969,
        13.084472563119549
    ],
    "desired_speed": 8.018428802490234,
    "angle": -0.019827156296192874,
    "angle_last": -0.06294993507602227,
    "angle_target": -0.08703940544014042,
    "angle_final": -0.019827156296192874,
    "delta": 0.0,
    "log_entries": [
        "norm1:5.99",
        "norm2:9.99",
        "norm3:13.98",
        "norm4:17.99",
        "norm5:22.02",
        " ",
        " ",
        " ",
        " ",
        " ",
        " "
    ],
    "agent": "only_traj",
    "steer_traj": -0.004450107776460813,
    "throttle_traj": 0.046057233843657494,
    "brake_traj": 0.0,
    "plan": [
        [
            -0.05546195060014725,
            3.998809337615967
        ],
        [
            -0.24839207530021667,
            7.972903251647949
        ],
        [
            -0.5014431476593018,
            11.988654136657715
        ],
        [
            -0.9395492672920227,
            15.940925598144531
        ],
        [
            -1.3358765840530396,
            19.972774505615234
        ],
        [
            -1.7323203086853027,
            23.968978881835938
        ]
    ],
    "command": 3,
    "redefined_command": 3,
    "cmd_softmax_output": [
        0.9883086681365967,
        9.37299701035954e-05,
        0.011597526259720325
    ],
    "all_plan": [
        [
            [
                0.00821114331483841,
                3.936748504638672
            ],
            [
                -0.14621615409851074,
                7.8147735595703125
            ],
            [
                -0.36991041898727417,
                11.709617614746094
            ],
            [
                -0.855423092842102,
                15.49785041809082
            ],
            [
                -1.24568510055542,
                19.38800048828125
            ],
            [
                -1.6228433847427368,
                23.260652542114258
            ]
        ],
        [
            [
                0.0017575250240042806,
                3.946113109588623
            ],
            [
                -0.12855947017669678,
                7.851794242858887
            ],
            [
                -0.3137674331665039,
                11.776481628417969
            ],
            [
                -0.6806670427322388,
                15.622467041015625
            ],
            [
                -0.985908031463623,
                19.57330322265625
            ],
            [
                -1.2922323942184448,
                23.52267837524414
            ]
        ],
        [
            [
                -0.039864666759967804,
                4.015624523162842
            ],
            [
                -0.21335193514823914,
                8.027933120727539
            ],
            [
                -0.4426723122596741,
                12.097082138061523
            ],
            [
                -0.8484628200531006,
                16.105850219726562
            ],
            [
                -1.2101610898971558,
                20.201011657714844
            ],
            [
                -1.575079083442688,
                24.274499893188477
            ]
        ],
        [
            [
                -0.05546195060014725,
                3.998809337615967
            ],
            [
                -0.24839207530021667,
                7.972903251647949
            ],
            [
                -0.5014431476593018,
                11.988654136657715
            ],
            [
                -0.9395492672920227,
                15.940925598144531
            ],
            [
                -1.3358765840530396,
                19.972774505615234
            ],
            [
                -1.7323203086853027,
                23.968978881835938
            ]
        ],
        [
            [
                -0.04979001730680466,
                4.0243940353393555
            ],
            [
                -0.249153733253479,
                8.033446311950684
            ],
            [
                -0.5102570056915283,
                12.104545593261719
            ],
            [
                -0.9633557796478271,
                16.08978843688965
            ],
            [
                -1.370283842086792,
                20.167972564697266
            ],
            [
                -1.7781389951705933,
                24.238344192504883
            ]
        ],
        [
            [
                0.020473860204219818,
                3.9200286865234375
            ],
            [
                -0.08773209154605865,
                7.778502464294434
            ],
            [
                -0.24961085617542267,
                11.62398910522461
            ],
            [
                -0.5986664295196533,
                15.38290786743164
            ],
            [
                -0.8759089708328247,
                19.24012565612793
            ],
            [
                -1.1511976718902588,
                23.0859317779541
            ]
        ]
    ],
    "tl_trigger": 6.811471848777728e-07,
    "tl_status": 0
}