{
    "speed": 7.282220249630157,
    "steer": -0.001598887494765222,
    "throttle": 0.75,
    "brake": 0.0,
    "wp_6": [
        -0.041773997247219086,
        22.905311584472656
    ],
    "wp_5": [
        -0.019115375354886055,
        19.078285217285156
    ],
    "wp_4": [
        -0.013827644288539886,
        15.20549488067627
    ],
    "wp_3": [
        0.055711954832077026,
        11.380270004272461
    ],
    "wp_2": [
        0.050992660224437714,
        7.552003860473633
    ],
    "wp_1": [
        0.04536225646734238,
        3.734712600708008
    ],
    "aim": [
        -0.013827644288539886,
        15.20549488067627
    ],
    "target": [
        0.41750827777860167,
        26.949005820981977
    ],
    "desired_speed": 7.6685234069824215,
    "angle": -0.0005789243051891615,
    "angle_last": -0.0037691538845205613,
    "angle_target": 0.009862061867103124,
    "angle_final": -0.0005789243051891615,
    "delta": 0.25,
    "agent": "only_traj",
    "steer_traj": -0.0015988874737106317,
    "throttle_traj": 0.75,
    "brake_traj": 0.0,
    "plan": [
        [
            0.04536225646734238,
            3.734712600708008
        ],
        [
            0.050992660224437714,
            7.552003860473633
        ],
        [
            0.055711954832077026,
            11.380270004272461
        ],
        [
            -0.013827644288539886,
            15.20549488067627
        ],
        [
            -0.019115375354886055,
            19.078285217285156
        ],
        [
            -0.041773997247219086,
            22.905311584472656
        ]
    ],
    "command": 3,
    "all_plan": [
        [
            [
                0.09382853657007217,
                3.6632156372070312
            ],
            [
                0.12508884072303772,
                7.396103382110596
            ],
            [
                0.14434237778186798,
                11.142581939697266
            ],
            [
                0.021921657025814056,
                14.870258331298828
            ],
            [
                0.0077927689999341965,
                18.673206329345703
            ],
            [
                -0.003949202597141266,
                22.447832107543945
            ]
        ],
        [
            [
                0.09811506420373917,
                3.6299195289611816
            ],
            [
                0.14025086164474487,
                7.351462364196777
            ],
            [
                0.17220661044120789,
                11.102134704589844
            ],
            [
                0.0661996379494667,
                14.852669715881348
            ],
            [
                0.07256443798542023,
                18.678142547607422
            ],
            [
                0.0871369019150734,
                22.47830581665039
            ]
        ],
        [
            [
                0.0530393049120903,
                3.7218427658081055
            ],
            [
                0.06763191521167755,
                7.551939964294434
            ],
            [
                0.08095451444387436,
                11.415245056152344
            ],
            [
                0.014939695596694946,
                15.291744232177734
            ],
            [
                0.018655722960829735,
                19.219797134399414
            ],
            [
                0.009142071008682251,
                23.10770606994629
            ]
        ],
        [
            [
                0.04536225646734238,
                3.734712600708008
            ],
            [
                0.050992660224437714,
                7.552003860473633
            ],
            [
                0.055711954832077026,
                11.380270004272461
            ],
            [
                -0.013827644288539886,
                15.20549488067627
            ],
            [
                -0.019115375354886055,
                19.078285217285156
            ],
            [
                -0.041773997247219086,
                22.905311584472656
            ]
        ],
        [
            [
                0.055258817970752716,
                3.6902084350585938
            ],
            [
                0.06467343866825104,
                7.488407135009766
            ],
            [
                0.07110434025526047,
                11.32785415649414
            ],
            [
                -0.011656373739242554,
                15.17269515991211
            ],
            [
                -0.021888727322220802,
                19.077367782592773
            ],
            [
                -0.04480597376823425,
                22.948894500732422
            ]
        ],
        [
            [
                0.1144692525267601,
                3.5893192291259766
            ],
            [
                0.1661631464958191,
                7.250288486480713
            ],
            [
                0.20280742645263672,
                10.92736530303955
            ],
            [
                0.08389470726251602,
                14.596713066101074
            ],
            [
                0.08966018259525299,
                18.34832000732422
            ],
            [
                0.11160097271203995,
                22.07813835144043
            ]
        ]
    ],
    "tl_trigger": 4.6690664134985127e-07,
    "tl_status": 0
}