{
    "speed": 3.6573437008809596e-05,
    "steer": -0.0028292983770370483,
    "throttle": 0.75,
    "brake": 0.0,
    "wp_6": [
        -0.09211460500955582,
        14.86008071899414
    ],
    "wp_5": [
        -0.08383029699325562,
        11.899445533752441
    ],
    "wp_4": [
        -0.04469815641641617,
        8.930609703063965
    ],
    "wp_3": [
        0.03954733908176422,
        6.023671627044678
    ],
    "wp_2": [
        0.05850493907928467,
        3.453652858734131
    ],
    "wp_1": [
        0.04900500923395157,
        1.403258204460144
    ],
    "aim": [
        -0.04469815641641617,
        8.930609703063965
    ],
    "target": [
        -2.930891579335593,
        51.69642557335386
    ],
    "desired_speed": 5.38336181640625,
    "angle": -0.003186235184355362,
    "angle_last": -0.0017813411630745173,
    "angle_target": -0.036054103239923536,
    "angle_final": -0.003186235184355362,
    "delta": 0.25,
    "agent": "only_traj",
    "steer_traj": -0.0028292984312015077,
    "throttle_traj": 0.75,
    "brake_traj": 0.0,
    "plan": [
        [
            0.04900500923395157,
            1.403258204460144
        ],
        [
            0.05850493907928467,
            3.453652858734131
        ],
        [
            0.03954733908176422,
            6.023671627044678
        ],
        [
            -0.04469815641641617,
            8.930609703063965
        ],
        [
            -0.08383029699325562,
            11.899445533752441
        ],
        [
            -0.09211460500955582,
            14.86008071899414
        ]
    ],
    "command": 3,
    "all_plan": [
        [
            [
                0.0854201689362526,
                1.5303140878677368
            ],
            [
                0.09808489680290222,
                3.613797187805176
            ],
            [
                0.07098983973264694,
                6.112305641174316
            ],
            [
                -0.06287745386362076,
                8.840873718261719
            ],
            [
                -0.13014188408851624,
                11.604806900024414
            ],
            [
                -0.1477510929107666,
                14.344030380249023
            ]
        ],
        [
            [
                0.08493263274431229,
                1.5520602464675903
            ],
            [
                0.09634093940258026,
                3.649869918823242
            ],
            [
                0.0721685066819191,
                6.154335021972656
            ],
            [
                -0.06181352585554123,
                8.864080429077148
            ],
            [
                -0.13003231585025787,
                11.607233047485352
            ],
            [
                -0.14743264019489288,
                14.327247619628906
            ]
        ],
        [
            [
                0.07212667912244797,
                1.5067652463912964
            ],
            [
                0.08013084530830383,
                3.6760644912719727
            ],
            [
                0.05877717584371567,
                6.3874831199646
            ],
            [
                -0.08158890157938004,
                9.37884521484375
            ],
            [
                -0.15407902002334595,
                12.472785949707031
            ],
            [
                -0.18868297338485718,
                15.590670585632324
            ]
        ],
        [
            [
                0.04900500923395157,
                1.403258204460144
            ],
            [
                0.05850493907928467,
                3.453652858734131
            ],
            [
                0.03954733908176422,
                6.023671627044678
            ],
            [
                -0.04469815641641617,
                8.930609703063965
            ],
            [
                -0.08383029699325562,
                11.899445533752441
            ],
            [
                -0.09211460500955582,
                14.86008071899414
            ]
        ],
        [
            [
                0.07364236563444138,
                1.6319254636764526
            ],
            [
                0.07727212458848953,
                3.835610866546631
            ],
            [
                0.05195935070514679,
                6.486425876617432
            ],
            [
                -0.08675408363342285,
                9.348628044128418
            ],
            [
                -0.16631007194519043,
                12.273072242736816
            ],
            [
                -0.20585429668426514,
                15.190234184265137
            ]
        ],
        [
            [
                0.0787426307797432,
                1.6364761590957642
            ],
            [
                0.0884195864200592,
                3.7778329849243164
            ],
            [
                0.06559471040964127,
                6.261571407318115
            ],
            [
                -0.04506857693195343,
                8.914932250976562
            ],
            [
                -0.1028323546051979,
                11.557191848754883
            ],
            [
                -0.10525555908679962,
                14.144387245178223
            ]
        ]
    ],
    "tl_trigger": 7.808243367435352e-07,
    "tl_status": 0
}