{
    "speed": 5.692170137943424,
    "steer": -0.0027706457767635584,
    "throttle": 0.0,
    "brake": 1.0,
    "wp_6": [
        -0.1208893433213234,
        12.98379898071289
    ],
    "wp_5": [
        -0.09845045208930969,
        11.603233337402344
    ],
    "wp_4": [
        -0.042407017201185226,
        9.724113464355469
    ],
    "wp_3": [
        0.006618596613407135,
        7.480925559997559
    ],
    "wp_2": [
        0.04709143936634064,
        5.221269607543945
    ],
    "wp_1": [
        0.04682203009724617,
        2.722456455230713
    ],
    "aim": [
        -0.042407017201185226,
        9.724113464355469
    ],
    "target": [
        -3.0156044092240126,
        54.45845361518817
    ],
    "desired_speed": 4.105303430557251,
    "angle": -0.0027762720521730413,
    "angle_last": -0.01034632249127973,
    "angle_target": -0.03521647477817953,
    "angle_final": -0.0027762720521730413,
    "delta": 0.0,
    "agent": "only_traj",
    "steer_traj": -0.0027706457588918265,
    "throttle_traj": 0.0,
    "brake_traj": 1.0,
    "plan": [
        [
            0.04682203009724617,
            2.722456455230713
        ],
        [
            0.04709143936634064,
            5.221269607543945
        ],
        [
            0.006618596613407135,
            7.480925559997559
        ],
        [
            -0.042407017201185226,
            9.724113464355469
        ],
        [
            -0.09845045208930969,
            11.603233337402344
        ],
        [
            -0.1208893433213234,
            12.98379898071289
        ]
    ],
    "command": 3,
    "all_plan": [
        [
            [
                0.08711788803339005,
                2.6143460273742676
            ],
            [
                0.09974443167448044,
                5.139063358306885
            ],
            [
                0.05225743353366852,
                7.534487724304199
            ],
            [
                -0.039363496005535126,
                9.980501174926758
            ],
            [
                -0.11204002797603607,
                12.04582691192627
            ],
            [
                -0.1299378126859665,
                13.57142448425293
            ]
        ],
        [
            [
                0.07842671126127243,
                2.535543918609619
            ],
            [
                0.0845751017332077,
                5.073574066162109
            ],
            [
                0.045402683317661285,
                7.537875175476074
            ],
            [
                -0.05295993387699127,
                10.03526496887207
            ],
            [
                -0.12880396842956543,
                12.252899169921875
            ],
            [
                -0.15075132250785828,
                14.045195579528809
            ]
        ],
        [
            [
                0.04966124892234802,
                2.7885875701904297
            ],
            [
                0.0439789816737175,
                5.485365867614746
            ],
            [
                -0.0077705830335617065,
                8.017455101013184
            ],
            [
                -0.04927733913064003,
                10.575496673583984
            ],
            [
                -0.12072169780731201,
                12.687156677246094
            ],
            [
                -0.15119239687919617,
                14.199617385864258
            ]
        ],
        [
            [
                0.04682203009724617,
                2.722456455230713
            ],
            [
                0.04709143936634064,
                5.221269607543945
            ],
            [
                0.006618596613407135,
                7.480925559997559
            ],
            [
                -0.042407017201185226,
                9.724113464355469
            ],
            [
                -0.09845045208930969,
                11.603233337402344
            ],
            [
                -0.1208893433213234,
                12.98379898071289
            ]
        ],
        [
            [
                0.04938472807407379,
                2.7023301124572754
            ],
            [
                0.03788390010595322,
                5.412933349609375
            ],
            [
                -0.01483243703842163,
                8.029853820800781
            ],
            [
                -0.08284338563680649,
                10.674260139465332
            ],
            [
                -0.17221172153949738,
                12.964494705200195
            ],
            [
                -0.22256577014923096,
                14.748529434204102
            ]
        ],
        [
            [
                0.09082668274641037,
                2.5921406745910645
            ],
            [
                0.10638602823019028,
                5.182845115661621
            ],
            [
                0.0819692313671112,
                7.671065330505371
            ],
            [
                -0.020600907504558563,
                10.148199081420898
            ],
            [
                -0.0888630598783493,
                12.380653381347656
            ],
            [
                -0.09501209110021591,
                14.23038387298584
            ]
        ]
    ],
    "tl_trigger": 6.752028980372415e-07,
    "tl_status": 0
}