{
    "speed": 3.1726444095786377,
    "steer": -0.0004653237701859325,
    "throttle": 0.75,
    "brake": 0.0,
    "wp_6": [
        0.03271453082561493,
        11.82924747467041
    ],
    "wp_5": [
        0.03500472754240036,
        10.209287643432617
    ],
    "wp_4": [
        0.0065334029495716095,
        8.35659408569336
    ],
    "wp_3": [
        -0.048106394708156586,
        6.239829063415527
    ],
    "wp_2": [
        -0.04784688353538513,
        4.211544036865234
    ],
    "wp_1": [
        -0.038647592067718506,
        2.102731227874756
    ],
    "aim": [
        0.0065334029495716095,
        8.35659408569336
    ],
    "target": [
        -0.14367595765874328,
        10.951077839997115
    ],
    "desired_speed": 3.8909846782684325,
    "angle": 0.0004977411809771818,
    "angle_last": -0.0009000190871705385,
    "angle_target": -0.008351845297240793,
    "angle_final": 0.0004977411809771818,
    "delta": 0.25,
    "agent": "only_traj",
    "steer_traj": -0.0004653237756566035,
    "throttle_traj": 0.75,
    "brake_traj": 0.0,
    "plan": [
        [
            -0.038647592067718506,
            2.102731227874756
        ],
        [
            -0.04784688353538513,
            4.211544036865234
        ],
        [
            -0.048106394708156586,
            6.239829063415527
        ],
        [
            0.0065334029495716095,
            8.35659408569336
        ],
        [
            0.03500472754240036,
            10.209287643432617
        ],
        [
            0.03271453082561493,
            11.82924747467041
        ]
    ],
    "command": 3,
    "all_plan": [
        [
            [
                -0.011191554367542267,
                2.2761387825012207
            ],
            [
                -0.019462009891867638,
                4.437736511230469
            ],
            [
                -0.027057405561208725,
                6.425131320953369
            ],
            [
                -0.008229970932006836,
                8.429254531860352
            ],
            [
                -0.013589495792984962,
                10.187029838562012
            ],
            [
                -0.036593854427337646,
                11.708563804626465
            ]
        ],
        [
            [
                -0.02881542220711708,
                2.2003555297851562
            ],
            [
                -0.03925856202840805,
                4.450248718261719
            ],
            [
                -0.038682036101818085,
                6.617648124694824
            ],
            [
                0.03205318748950958,
                8.860881805419922
            ],
            [
                0.05606427043676376,
                10.823302268981934
            ],
            [
                0.07569734752178192,
                12.496803283691406
            ]
        ],
        [
            [
                -0.0532834529876709,
                2.2994189262390137
            ],
            [
                -0.08000174909830093,
                4.787715911865234
            ],
            [
                -0.09788988530635834,
                7.274025917053223
            ],
            [
                -0.011373363435268402,
                9.88851261138916
            ],
            [
                -0.003170119598507881,
                12.191713333129883
            ],
            [
                -0.01486339420080185,
                14.195267677307129
            ]
        ],
        [
            [
                -0.038647592067718506,
                2.102731227874756
            ],
            [
                -0.04784688353538513,
                4.211544036865234
            ],
            [
                -0.048106394708156586,
                6.239829063415527
            ],
            [
                0.0065334029495716095,
                8.35659408569336
            ],
            [
                0.03500472754240036,
                10.209287643432617
            ],
            [
                0.03271453082561493,
                11.82924747467041
            ]
        ],
        [
            [
                -0.0637027695775032,
                2.314393997192383
            ],
            [
                -0.1089509129524231,
                4.80186653137207
            ],
            [
                -0.1425693929195404,
                7.27780294418335
            ],
            [
                -0.09689158201217651,
                9.888755798339844
            ],
            [
                -0.13874343037605286,
                12.206195831298828
            ],
            [
                -0.1996368169784546,
                14.165894508361816
            ]
        ],
        [
            [
                0.004178974777460098,
                2.3152852058410645
            ],
            [
                -0.0008505601435899734,
                4.676755905151367
            ],
            [
                -0.01252969354391098,
                6.920587539672852
            ],
            [
                0.021265346556901932,
                9.188738822937012
            ],
            [
                0.028405481949448586,
                11.133541107177734
            ],
            [
                0.05290086939930916,
                12.766059875488281
            ]
        ]
    ],
    "tl_trigger": 7.574849587399513e-05,
    "tl_status": 0
}