{
    "speed": 6.919863082978084,
    "steer": -0.021382635459303856,
    "throttle": 0.75,
    "brake": 0.0,
    "wp_6": [
        2.707927703857422,
        21.296194076538086
    ],
    "wp_5": [
        2.0713236331939697,
        18.22561264038086
    ],
    "wp_4": [
        1.5563215017318726,
        14.899833679199219
    ],
    "wp_3": [
        1.6194877624511719,
        11.163718223571777
    ],
    "wp_2": [
        1.0829607248306274,
        7.584504127502441
    ],
    "wp_1": [
        0.535319447517395,
        3.766280174255371
    ],
    "aim": [
        1.5563215017318726,
        14.899833679199219
    ],
    "target": [
        3.3079578534674816,
        22.40812275513639
    ],
    "desired_speed": 7.085778713226318,
    "angle": 0.06625614632518272,
    "angle_last": 0.13014254839986933,
    "angle_target": 0.0933059232247034,
    "angle_final": 0.06625614632518272,
    "delta": 0.16591563024823408,
    "agent": "only_traj",
    "steer_traj": -0.021382635482429833,
    "throttle_traj": 0.75,
    "brake_traj": 0.0,
    "plan": [
        [
            0.535319447517395,
            3.766280174255371
        ],
        [
            1.0829607248306274,
            7.584504127502441
        ],
        [
            1.6194877624511719,
            11.163718223571777
        ],
        [
            1.5563215017318726,
            14.899833679199219
        ],
        [
            2.0713236331939697,
            18.22561264038086
        ],
        [
            2.707927703857422,
            21.296194076538086
        ]
    ],
    "command": 3,
    "all_plan": [
        [
            [
                0.648595929145813,
                3.7479801177978516
            ],
            [
                1.283229947090149,
                7.615815162658691
            ],
            [
                1.8894027471542358,
                11.295570373535156
            ],
            [
                1.7154695987701416,
                15.07063102722168
            ],
            [
                2.2439937591552734,
                18.35846519470215
            ],
            [
                2.893961191177368,
                21.480947494506836
            ]
        ],
        [
            [
                0.6829692721366882,
                3.6960763931274414
            ],
            [
                1.3966639041900635,
                7.506173133850098
            ],
            [
                2.0865654945373535,
                11.107101440429688
            ],
            [
                2.0265252590179443,
                14.836891174316406
            ],
            [
                2.653398275375366,
                18.04526710510254
            ],
            [
                3.3719959259033203,
                21.103464126586914
            ]
        ],
        [
            [
                0.549149215221405,
                3.8494420051574707
            ],
            [
                1.1414728164672852,
                7.761474609375
            ],
            [
                1.750253438949585,
                11.488418579101562
            ],
            [
                1.754693865776062,
                15.382948875427246
            ],
            [
                2.344467878341675,
                19.03997230529785
            ],
            [
                3.040367364883423,
                22.503185272216797
            ]
        ],
        [
            [
                0.535319447517395,
                3.766280174255371
            ],
            [
                1.0829607248306274,
                7.584504127502441
            ],
            [
                1.6194877624511719,
                11.163718223571777
            ],
            [
                1.5563215017318726,
                14.899833679199219
            ],
            [
                2.0713236331939697,
                18.22561264038086
            ],
            [
                2.707927703857422,
                21.296194076538086
            ]
        ],
        [
            [
                0.5766210556030273,
                3.777237892150879
            ],
            [
                1.1666268110275269,
                7.663393020629883
            ],
            [
                1.7559257745742798,
                11.37209415435791
            ],
            [
                1.6722248792648315,
                15.194215774536133
            ],
            [
                2.2157535552978516,
                18.660110473632812
            ],
            [
                2.8766329288482666,
                21.93849754333496
            ]
        ],
        [
            [
                0.6945099234580994,
                3.682511806488037
            ],
            [
                1.4132916927337646,
                7.485986709594727
            ],
            [
                2.109219551086426,
                11.09432601928711
            ],
            [
                2.0259737968444824,
                14.812369346618652
            ],
            [
                2.6486353874206543,
                18.01778793334961
            ],
            [
                3.361260414123535,
                21.09686851501465
            ]
        ]
    ],
    "tl_trigger": 8.044034416343493e-07,
    "tl_status": 0
}