{
    "speed": 8.35911352686284,
    "steer": -0.024501435458660126,
    "throttle": 0.0,
    "brake": 1.0,
    "wp_6": [
        -0.4381426274776459,
        20.758485794067383
    ],
    "wp_5": [
        -0.3004739284515381,
        18.48119354248047
    ],
    "wp_4": [
        -0.18284885585308075,
        15.900907516479492
    ],
    "wp_3": [
        -0.22633010149002075,
        12.68234920501709
    ],
    "wp_2": [
        -0.13139912486076355,
        8.91335678100586
    ],
    "wp_1": [
        -0.040288180112838745,
        4.543519496917725
    ],
    "aim": [
        -0.18284885585308075,
        15.900907516479492
    ],
    "target": [
        -0.8811898967498134,
        13.993653760237613
    ],
    "desired_speed": 6.489696884155274,
    "angle": -0.007320321015991746,
    "angle_last": -0.03843866287456984,
    "angle_target": -0.040035518278317035,
    "angle_final": -0.007320321015991746,
    "delta": 0.0,
    "agent": "only_traj",
    "steer_traj": -0.02450143563822216,
    "throttle_traj": 0.0,
    "brake_traj": 1.0,
    "plan": [
        [
            -0.040288180112838745,
            4.543519496917725
        ],
        [
            -0.13139912486076355,
            8.91335678100586
        ],
        [
            -0.22633010149002075,
            12.68234920501709
        ],
        [
            -0.18284885585308075,
            15.900907516479492
        ],
        [
            -0.3004739284515381,
            18.48119354248047
        ],
        [
            -0.4381426274776459,
            20.758485794067383
        ]
    ],
    "command": 3,
    "all_plan": [
        [
            [
                0.06729400902986526,
                4.699031829833984
            ],
            [
                0.018440067768096924,
                8.995064735412598
            ],
            [
                -0.0777716264128685,
                12.691675186157227
            ],
            [
                -0.2466130554676056,
                16.025020599365234
            ],
            [
                -0.44993847608566284,
                19.086477279663086
            ],
            [
                -0.6338043808937073,
                21.874311447143555
            ]
        ],
        [
            [
                0.07290931791067123,
                4.693216323852539
            ],
            [
                0.03979010879993439,
                9.04151725769043
            ],
            [
                -0.034675486385822296,
                12.883249282836914
            ],
            [
                -0.18708837032318115,
                16.424745559692383
            ],
            [
                -0.34642428159713745,
                19.71306800842285
            ],
            [
                -0.487380713224411,
                22.7241268157959
            ]
        ],
        [
            [
                -0.011741019785404205,
                4.748404502868652
            ],
            [
                -0.09445662796497345,
                9.326774597167969
            ],
            [
                -0.19044268131256104,
                13.589691162109375
            ],
            [
                -0.2616676986217499,
                17.646385192871094
            ],
            [
                -0.40253740549087524,
                21.42262840270996
            ],
            [
                -0.5595358610153198,
                24.891740798950195
            ]
        ],
        [
            [
                -0.040288180112838745,
                4.543519496917725
            ],
            [
                -0.13139912486076355,
                8.91335678100586
            ],
            [
                -0.22633010149002075,
                12.68234920501709
            ],
            [
                -0.18284885585308075,
                15.900907516479492
            ],
            [
                -0.3004739284515381,
                18.48119354248047
            ],
            [
                -0.4381426274776459,
                20.758485794067383
            ]
        ],
        [
            [
                -0.003834567964076996,
                4.773529052734375
            ],
            [
                -0.12058986723423004,
                9.294350624084473
            ],
            [
                -0.2761683464050293,
                13.437722206115723
            ],
            [
                -0.5073897838592529,
                17.31895637512207
            ],
            [
                -0.7630398273468018,
                20.955453872680664
            ],
            [
                -1.0066521167755127,
                24.309288024902344
            ]
        ],
        [
            [
                0.10241412371397018,
                4.795787811279297
            ],
            [
                0.10148700326681137,
                9.165531158447266
            ],
            [
                0.06325709819793701,
                12.979663848876953
            ],
            [
                -0.057227157056331635,
                16.464303970336914
            ],
            [
                -0.17148242890834808,
                19.73693084716797
            ],
            [
                -0.2654789984226227,
                22.769498825073242
            ]
        ]
    ],
    "tl_trigger": 5.516429837371106e-07,
    "tl_status": 0
}