{
    "speed": 4.902165762294998,
    "steer": 0.00010360936721554026,
    "throttle": 0.75,
    "brake": 0.0,
    "wp_6": [
        -0.24027448892593384,
        17.677675247192383
    ],
    "wp_5": [
        -0.18297195434570312,
        15.191303253173828
    ],
    "wp_4": [
        -0.1111961305141449,
        12.244765281677246
    ],
    "wp_3": [
        -0.07545925676822662,
        8.997379302978516
    ],
    "wp_2": [
        -0.028899064287543297,
        5.85526180267334
    ],
    "wp_1": [
        -0.0002014710335060954,
        2.809147357940674
    ],
    "aim": [
        -0.0002014710335060954,
        2.809147357940674
    ],
    "target": [
        0.11542645769575088,
        49.94299663064059
    ],
    "desired_speed": 5.9482954978942875,
    "angle": -4.563831299272143e-05,
    "angle_last": -0.014669300998962355,
    "angle_target": 0.0014713301032330296,
    "angle_final": -4.563831299272143e-05,
    "delta": 0.25,
    "log_entries": [
        "norm1:4.33",
        "norm2:7.43",
        "norm3:10.62",
        "norm4:13.72",
        "norm5:16.44",
        " ",
        " ",
        " ",
        " ",
        " ",
        " ",
        " ",
        " ",
        " "
    ],
    "agent": "only_traj",
    "steer_traj": 0.00010360936760708795,
    "throttle_traj": 0.75,
    "brake_traj": 0.0,
    "plan": [
        [
            -0.0002014710335060954,
            2.809147357940674
        ],
        [
            -0.028899064287543297,
            5.85526180267334
        ],
        [
            -0.07545925676822662,
            8.997379302978516
        ],
        [
            -0.1111961305141449,
            12.244765281677246
        ],
        [
            -0.18297195434570312,
            15.191303253173828
        ],
        [
            -0.24027448892593384,
            17.677675247192383
        ]
    ],
    "command": 3,
    "redefined_command": 3,
    "cmd_softmax_output": [
        0.9999343156814575,
        5.882751429453492e-05,
        6.7866858444176614e-06
    ],
    "all_plan": [
        [
            [
                0.02457600086927414,
                2.9675049781799316
            ],
            [
                -0.011017583310604095,
                5.966602802276611
            ],
            [
                -0.07012505829334259,
                8.958494186401367
            ],
            [
                -0.18206331133842468,
                11.941524505615234
            ],
            [
                -0.2821701169013977,
                14.747357368469238
            ],
            [
                -0.37251973152160645,
                17.213306427001953
            ]
        ],
        [
            [
                0.012694433331489563,
                2.9276251792907715
            ],
            [
                -0.031218335032463074,
                5.889345169067383
            ],
            [
                -0.09062749892473221,
                8.829272270202637
            ],
            [
                -0.18457505106925964,
                11.731993675231934
            ],
            [
                -0.27881407737731934,
                14.483210563659668
            ],
            [
                -0.36671188473701477,
                16.94981575012207
            ]
        ],
        [
            [
                -0.024932004511356354,
                3.034367084503174
            ],
            [
                -0.08238519728183746,
                6.219539642333984
            ],
            [
                -0.1430906355381012,
                9.498531341552734
            ],
            [
                -0.2023133486509323,
                12.82227611541748
            ],
            [
                -0.27890485525131226,
                16.027740478515625
            ],
            [
                -0.36991050839424133,
                18.97222900390625
            ]
        ],
        [
            [
                -0.0002014710335060954,
                2.809147357940674
            ],
            [
                -0.028899064287543297,
                5.85526180267334
            ],
            [
                -0.07545925676822662,
                8.997379302978516
            ],
            [
                -0.1111961305141449,
                12.244765281677246
            ],
            [
                -0.18297195434570312,
                15.191303253173828
            ],
            [
                -0.24027448892593384,
                17.677675247192383
            ]
        ],
        [
            [
                -0.022125951945781708,
                3.102499485015869
            ],
            [
                -0.08937442302703857,
                6.233084678649902
            ],
            [
                -0.16197338700294495,
                9.381170272827148
            ],
            [
                -0.2472737431526184,
                12.510663986206055
            ],
            [
                -0.34230396151542664,
                15.568532943725586
            ],
            [
                -0.4606074094772339,
                18.416664123535156
            ]
        ],
        [
            [
                0.027281828224658966,
                2.896307945251465
            ],
            [
                -0.002284480258822441,
                5.820041656494141
            ],
            [
                -0.04927528649568558,
                8.689018249511719
            ],
            [
                -0.1306588351726532,
                11.505841255187988
            ],
            [
                -0.20738071203231812,
                14.134830474853516
            ],
            [
                -0.2603190541267395,
                16.44890594482422
            ]
        ]
    ],
    "tl_trigger": 7.189540269791905e-07,
    "tl_status": 0
}