{
    "speed": 2.774581417223999,
    "steer": -0.0019440886098891497,
    "throttle": 0.75,
    "brake": 0.0,
    "wp_6": [
        -0.03631812334060669,
        9.49420166015625
    ],
    "wp_5": [
        -0.016803467646241188,
        8.143860816955566
    ],
    "wp_4": [
        -0.03205053508281708,
        6.720494270324707
    ],
    "wp_3": [
        -0.005478743929415941,
        5.142508506774902
    ],
    "wp_2": [
        0.0011034701019525528,
        3.648022174835205
    ],
    "wp_1": [
        -0.006506599485874176,
        1.94546639919281
    ],
    "aim": [
        0.0011034701019525528,
        3.648022174835205
    ],
    "target": [
        -0.2884145693769966,
        17.399806571514
    ],
    "desired_speed": 3.019685268402099,
    "angle": 0.00019258350705916776,
    "angle_last": -0.009199533729634588,
    "angle_target": -0.010551473866295909,
    "angle_final": 0.00019258350705916776,
    "delta": 0.2451038511781003,
    "log_entries": [
        "norm1:2.80",
        "norm2:4.40",
        "norm3:5.93",
        "norm4:7.43",
        "norm5:8.82",
        " ",
        " ",
        " ",
        " ",
        " ",
        " "
    ],
    "agent": "only_traj",
    "steer_traj": -0.0019440886026858982,
    "throttle_traj": 0.75,
    "brake_traj": 0.0,
    "plan": [
        [
            -0.006506599485874176,
            1.94546639919281
        ],
        [
            0.0011034701019525528,
            3.648022174835205
        ],
        [
            -0.005478743929415941,
            5.142508506774902
        ],
        [
            -0.03205053508281708,
            6.720494270324707
        ],
        [
            -0.016803467646241188,
            8.143860816955566
        ],
        [
            -0.03631812334060669,
            9.49420166015625
        ]
    ],
    "command": 3,
    "redefined_command": 3,
    "cmd_softmax_output": [
        0.9999111890792847,
        8.451905887341127e-05,
        4.244884621584788e-06
    ],
    "all_plan": [
        [
            [
                -0.004062585532665253,
                2.0070252418518066
            ],
            [
                0.006427794694900513,
                3.7031943798065186
            ],
            [
                0.01019851304590702,
                5.138336181640625
            ],
            [
                -0.004581214860081673,
                6.596255302429199
            ],
            [
                0.022490907460451126,
                7.975925922393799
            ],
            [
                0.022038264200091362,
                9.340787887573242
            ]
        ],
        [
            [
                -0.009283909574151039,
                1.9737895727157593
            ],
            [
                -0.0038268789649009705,
                3.7319388389587402
            ],
            [
                0.0021806037984788418,
                5.287227153778076
            ],
            [
                0.010883929207921028,
                6.8403639793396
            ],
            [
                0.042365141212940216,
                8.317155838012695
            ],
            [
                0.0522313266992569,
                9.792603492736816
            ]
        ],
        [
            [
                0.003439858555793762,
                2.1471195220947266
            ],
            [
                0.012083163484930992,
                4.053936958312988
            ],
            [
                0.0032943598926067352,
                5.718358516693115
            ],
            [
                -0.01712208241224289,
                7.423462867736816
            ],
            [
                -0.003477470949292183,
                8.98592758178711
            ],
            [
                -0.010652191936969757,
                10.464715957641602
            ]
        ],
        [
            [
                -0.006506599485874176,
                1.94546639919281
            ],
            [
                0.0011034701019525528,
                3.648022174835205
            ],
            [
                -0.005478743929415941,
                5.142508506774902
            ],
            [
                -0.03205053508281708,
                6.720494270324707
            ],
            [
                -0.016803467646241188,
                8.143860816955566
            ],
            [
                -0.03631812334060669,
                9.49420166015625
            ]
        ],
        [
            [
                -0.0136544369161129,
                2.2704248428344727
            ],
            [
                -0.01581176556646824,
                4.229957580566406
            ],
            [
                -0.025955699384212494,
                5.868144989013672
            ],
            [
                -0.026425953954458237,
                7.4795355796813965
            ],
            [
                -0.017995988950133324,
                8.984607696533203
            ],
            [
                -0.03586293384432793,
                10.450310707092285
            ]
        ],
        [
            [
                -0.013284387066960335,
                2.0584959983825684
            ],
            [
                -0.01480773463845253,
                3.8432631492614746
            ],
            [
                -0.009416257962584496,
                5.339966773986816
            ],
            [
                0.012145211920142174,
                6.741433143615723
            ],
            [
                0.039602722972631454,
                8.068881034851074
            ],
            [
                0.05130942910909653,
                9.384977340698242
            ]
        ]
    ],
    "tl_trigger": 5.160531486581021e-07,
    "tl_status": 0
}