{
    "speed": 2.6168845348181686,
    "steer": -0.01011732593178749,
    "throttle": 0.75,
    "brake": 0.0,
    "wp_6": [
        0.05068594217300415,
        10.761439323425293
    ],
    "wp_5": [
        0.03894231468439102,
        9.523365020751953
    ],
    "wp_4": [
        0.005657628178596497,
        8.279059410095215
    ],
    "wp_3": [
        -0.03570180758833885,
        6.833296775817871
    ],
    "wp_2": [
        -0.04305974394083023,
        5.14351749420166
    ],
    "wp_1": [
        -0.034469522535800934,
        2.8413734436035156
    ],
    "aim": [
        -0.034469522535800934,
        2.8413734436035156
    ],
    "target": [
        0.25051016534917636,
        15.473037658163154
    ],
    "desired_speed": 3.168476057052612,
    "angle": -0.0077226191581054975,
    "angle_last": 0.006038390635691525,
    "angle_target": 0.010306043060132917,
    "angle_final": -0.0077226191581054975,
    "delta": 0.25,
    "log_entries": [
        "norm1:3.99",
        "norm2:5.99",
        "norm3:7.56",
        "norm4:8.90",
        "norm5:10.14",
        " ",
        " ",
        " ",
        " ",
        " ",
        " ",
        " ",
        " ",
        " ",
        " "
    ],
    "agent": "only_traj",
    "steer_traj": -0.0101173263283198,
    "throttle_traj": 0.75,
    "brake_traj": 0.0,
    "plan": [
        [
            -0.034469522535800934,
            2.8413734436035156
        ],
        [
            -0.04305974394083023,
            5.14351749420166
        ],
        [
            -0.03570180758833885,
            6.833296775817871
        ],
        [
            0.005657628178596497,
            8.279059410095215
        ],
        [
            0.03894231468439102,
            9.523365020751953
        ],
        [
            0.05068594217300415,
            10.761439323425293
        ]
    ],
    "command": 3,
    "redefined_command": 3,
    "cmd_softmax_output": [
        0.999925971031189,
        7.013832509983331e-05,
        3.874131834891159e-06
    ],
    "all_plan": [
        [
            [
                -0.021552734076976776,
                2.8567423820495605
            ],
            [
                -0.025703540071845055,
                5.113955974578857
            ],
            [
                -0.01979612559080124,
                6.706694602966309
            ],
            [
                0.030697274953126907,
                8.018467903137207
            ],
            [
                0.06453479826450348,
                9.222925186157227
            ],
            [
                0.09695205837488174,
                10.445344924926758
            ]
        ],
        [
            [
                -0.035514503717422485,
                2.7939605712890625
            ],
            [
                -0.04770519584417343,
                5.063885688781738
            ],
            [
                -0.04082902893424034,
                6.696775913238525
            ],
            [
                0.04255523905158043,
                8.038558959960938
            ],
            [
                0.08238455653190613,
                9.277230262756348
            ],
            [
                0.12788349390029907,
                10.4920015335083
            ]
        ],
        [
            [
                -0.03376287221908569,
                2.9973254203796387
            ],
            [
                -0.046930089592933655,
                5.539730072021484
            ],
            [
                -0.0418572723865509,
                7.454648971557617
            ],
            [
                0.027935869991779327,
                9.039421081542969
            ],
            [
                0.06185738742351532,
                10.366976737976074
            ],
            [
                0.09097559005022049,
                11.625388145446777
            ]
        ],
        [
            [
                -0.034469522535800934,
                2.8413734436035156
            ],
            [
                -0.04305974394083023,
                5.14351749420166
            ],
            [
                -0.03570180758833885,
                6.833296775817871
            ],
            [
                0.005657628178596497,
                8.279059410095215
            ],
            [
                0.03894231468439102,
                9.523365020751953
            ],
            [
                0.05068594217300415,
                10.761439323425293
            ]
        ],
        [
            [
                -0.049121446907520294,
                3.0624585151672363
            ],
            [
                -0.07710303366184235,
                5.6340436935424805
            ],
            [
                -0.0815197229385376,
                7.520953178405762
            ],
            [
                0.006167836487293243,
                9.016532897949219
            ],
            [
                0.024068517610430717,
                10.297927856445312
            ],
            [
                0.03586367517709732,
                11.531547546386719
            ]
        ],
        [
            [
                -0.040307410061359406,
                2.7514452934265137
            ],
            [
                -0.06147925555706024,
                5.079039573669434
            ],
            [
                -0.06270524114370346,
                6.821401596069336
            ],
            [
                0.03030163049697876,
                8.276671409606934
            ],
            [
                0.05959092825651169,
                9.58690357208252
            ],
            [
                0.09929715096950531,
                10.812845230102539
            ]
        ]
    ],
    "tl_trigger": 4.969066935700539e-07,
    "tl_status": 0
}