{
    "speed": 4.274502242614283,
    "steer": 0.22691895067691803,
    "throttle": 0.75,
    "brake": 0.0,
    "wp_6": [
        6.325443267822266,
        10.944295883178711
    ],
    "wp_5": [
        4.6792755126953125,
        9.865328788757324
    ],
    "wp_4": [
        2.961303472518921,
        8.55306625366211
    ],
    "wp_3": [
        1.4297685623168945,
        6.660600662231445
    ],
    "wp_2": [
        0.4315938651561737,
        4.637518882751465
    ],
    "wp_1": [
        -0.053357042372226715,
        2.301809310913086
    ],
    "aim": [
        2.961303472518921,
        8.55306625366211
    ],
    "target": [
        8.464224550850314,
        13.40780315545928
    ],
    "desired_speed": 4.482430171966553,
    "angle": 0.2121915618424815,
    "angle_last": 0.6306388135023338,
    "angle_target": 0.3584871806358694,
    "angle_final": 0.2121915618424815,
    "delta": 0.20792792935226956,
    "log_entries": [
        "norm1:3.47",
        "norm2:5.73",
        "norm3:7.92",
        "norm4:9.97",
        "norm5:11.77",
        " ",
        " ",
        " ",
        " ",
        " ",
        " ",
        " ",
        " ",
        " ",
        " "
    ],
    "agent": "only_traj",
    "steer_traj": 0.22691894743293395,
    "throttle_traj": 0.75,
    "brake_traj": 0.0,
    "plan": [
        [
            -0.053357042372226715,
            2.301809310913086
        ],
        [
            0.4315938651561737,
            4.637518882751465
        ],
        [
            1.4297685623168945,
            6.660600662231445
        ],
        [
            2.961303472518921,
            8.55306625366211
        ],
        [
            4.6792755126953125,
            9.865328788757324
        ],
        [
            6.325443267822266,
            10.944295883178711
        ]
    ],
    "command": 1,
    "redefined_command": 1,
    "cmd_softmax_output": [
        0.11894379556179047,
        0.07354892045259476,
        0.807507336139679
    ],
    "all_plan": [
        [
            [
                0.011094488203525543,
                1.8808331489562988
            ],
            [
                0.3596840798854828,
                3.947160482406616
            ],
            [
                0.9554892778396606,
                5.916689872741699
            ],
            [
                1.9177324771881104,
                7.971025466918945
            ],
            [
                2.9300284385681152,
                9.605385780334473
            ],
            [
                3.951557159423828,
                10.97573184967041
            ]
        ],
        [
            [
                -0.053357042372226715,
                2.301809310913086
            ],
            [
                0.4315938651561737,
                4.637518882751465
            ],
            [
                1.4297685623168945,
                6.660600662231445
            ],
            [
                2.961303472518921,
                8.55306625366211
            ],
            [
                4.6792755126953125,
                9.865328788757324
            ],
            [
                6.325443267822266,
                10.944295883178711
            ]
        ],
        [
            [
                -0.06803015619516373,
                2.1788971424102783
            ],
            [
                0.3473484218120575,
                4.5973944664001465
            ],
            [
                1.1375082731246948,
                6.815746784210205
            ],
            [
                2.561037540435791,
                9.06800651550293
            ],
            [
                3.972449541091919,
                10.757033348083496
            ],
            [
                5.381119251251221,
                12.132528305053711
            ]
        ],
        [
            [
                -0.05128633230924606,
                1.7153862714767456
            ],
            [
                0.15577653050422668,
                3.6337599754333496
            ],
            [
                0.5941927433013916,
                5.5161027908325195
            ],
            [
                1.3171440362930298,
                7.684824466705322
            ],
            [
                2.2367148399353027,
                9.47642993927002
            ],
            [
                3.2824113368988037,
                11.047961235046387
            ]
        ],
        [
            [
                -0.13925132155418396,
                2.4664549827575684
            ],
            [
                0.3268052339553833,
                5.025202751159668
            ],
            [
                1.3083726167678833,
                7.223191261291504
            ],
            [
                3.028409481048584,
                9.18897819519043
            ],
            [
                4.697651386260986,
                10.540657997131348
            ],
            [
                6.26234245300293,
                11.630890846252441
            ]
        ],
        [
            [
                -0.013283886015415192,
                2.266761302947998
            ],
            [
                0.41507041454315186,
                4.669633865356445
            ],
            [
                1.2584662437438965,
                6.843527793884277
            ],
            [
                2.466946840286255,
                9.084994316101074
            ],
            [
                3.9396684169769287,
                10.78092098236084
            ],
            [
                5.383826732635498,
                12.162277221679688
            ]
        ]
    ],
    "tl_trigger": 4.95104472975072e-07,
    "tl_status": 0
}