{
    "speed": 0.007446516287942691,
    "steer": 0.11509235948324203,
    "throttle": 0.75,
    "brake": 0.0,
    "wp_6": [
        1.04442298412323,
        5.853756427764893
    ],
    "wp_5": [
        0.5878108143806458,
        4.629405975341797
    ],
    "wp_4": [
        0.33797043561935425,
        3.327014207839966
    ],
    "wp_3": [
        0.23021984100341797,
        2.063793420791626
    ],
    "wp_2": [
        0.09618056565523148,
        1.1398953199386597
    ],
    "wp_1": [
        0.030227981507778168,
        0.47252076864242554
    ],
    "aim": [
        0.33797043561935425,
        3.327014207839966
    ],
    "target": [
        2.3014791506243166,
        11.459265140088167
    ],
    "desired_speed": 2.201947021484375,
    "angle": 0.06444910594376968,
    "angle_last": 0.22725129416146106,
    "angle_target": 0.12618004426120982,
    "angle_final": 0.06444910594376968,
    "delta": 0.25,
    "log_entries": [
        "norm1:0.81",
        "norm2:1.61",
        "norm3:2.71",
        "norm4:4.01",
        "norm5:5.30",
        " ",
        " ",
        " ",
        " ",
        " ",
        " ",
        " ",
        " ",
        " ",
        " ",
        " ",
        " ",
        " ",
        " ",
        " "
    ],
    "agent": "only_traj",
    "steer_traj": 0.11509236124668606,
    "throttle_traj": 0.75,
    "brake_traj": 0.0,
    "plan": [
        [
            0.030227981507778168,
            0.47252076864242554
        ],
        [
            0.09618056565523148,
            1.1398953199386597
        ],
        [
            0.23021984100341797,
            2.063793420791626
        ],
        [
            0.33797043561935425,
            3.327014207839966
        ],
        [
            0.5878108143806458,
            4.629405975341797
        ],
        [
            1.04442298412323,
            5.853756427764893
        ]
    ],
    "command": 1,
    "redefined_command": 1,
    "cmd_softmax_output": [
        0.9999356269836426,
        6.06562098255381e-05,
        3.723820100276498e-06
    ],
    "all_plan": [
        [
            [
                0.024733565747737885,
                0.42290472984313965
            ],
            [
                0.08308201283216476,
                1.1176910400390625
            ],
            [
                0.18298092484474182,
                2.121570348739624
            ],
            [
                0.24074424803256989,
                3.533456325531006
            ],
            [
                0.4211632013320923,
                5.045028209686279
            ],
            [
                0.7714365720748901,
                6.510594367980957
            ]
        ],
        [
            [
                0.030227981507778168,
                0.47252076864242554
            ],
            [
                0.09618056565523148,
                1.1398953199386597
            ],
            [
                0.23021984100341797,
                2.063793420791626
            ],
            [
                0.33797043561935425,
                3.327014207839966
            ],
            [
                0.5878108143806458,
                4.629405975341797
            ],
            [
                1.04442298412323,
                5.853756427764893
            ]
        ],
        [
            [
                0.002691742032766342,
                0.5228747725486755
            ],
            [
                0.06652405858039856,
                1.4106943607330322
            ],
            [
                0.21897104382514954,
                2.6045188903808594
            ],
            [
                0.4012868404388428,
                4.261177062988281
            ],
            [
                0.7524278163909912,
                5.964592456817627
            ],
            [
                1.2978482246398926,
                7.618093490600586
            ]
        ],
        [
            [
                -0.0035954080522060394,
                0.5229285955429077
            ],
            [
                0.054566461592912674,
                1.3863091468811035
            ],
            [
                0.20476368069648743,
                2.5212912559509277
            ],
            [
                0.39782845973968506,
                4.096390724182129
            ],
            [
                0.7580602169036865,
                5.714770793914795
            ],
            [
                1.305245280265808,
                7.2930216789245605
            ]
        ],
        [
            [
                0.012048140168190002,
                0.5281162261962891
            ],
            [
                0.07666727155447006,
                1.3306348323822021
            ],
            [
                0.2273809313774109,
                2.396960973739624
            ],
            [
                0.39681413769721985,
                3.8631930351257324
            ],
            [
                0.7277196645736694,
                5.359464168548584
            ],
            [
                1.2576972246170044,
                6.785151958465576
            ]
        ],
        [
            [
                0.04025869071483612,
                0.5132780075073242
            ],
            [
                0.10836317390203476,
                1.219853401184082
            ],
            [
                0.20116782188415527,
                2.158907413482666
            ],
            [
                0.2484898418188095,
                3.423295736312866
            ],
            [
                0.396986722946167,
                4.724048614501953
            ],
            [
                0.7055965662002563,
                5.92531156539917
            ]
        ]
    ],
    "tl_trigger": 4.1721651200532506e-07,
    "tl_status": 0
}