{
    "speed": 0.009596967811303658,
    "steer": 0.018541978672146797,
    "throttle": 0.75,
    "brake": 0.0,
    "wp_6": [
        0.3169102668762207,
        10.253488540649414
    ],
    "wp_5": [
        0.1976836621761322,
        7.566712379455566
    ],
    "wp_4": [
        0.10782967507839203,
        4.932381629943848
    ],
    "wp_3": [
        0.14057335257530212,
        2.5268168449401855
    ],
    "wp_2": [
        0.09511186182498932,
        0.8045570254325867
    ],
    "wp_1": [
        0.0352155864238739,
        -0.03940021991729736
    ],
    "aim": [
        0.10782967507839203,
        4.932381629943848
    ],
    "target": [
        -1.884167803520476,
        10.971066231768713
    ],
    "desired_speed": 4.120004105567933,
    "angle": 0.013915268350513342,
    "angle_last": 0.028231724305813957,
    "angle_target": -0.10827662223643522,
    "angle_final": 0.013915268350513342,
    "delta": 0.25,
    "log_entries": [
        "norm1:0.39",
        "norm2:1.67",
        "norm3:3.73",
        "norm4:6.25",
        "norm5:8.91",
        " ",
        " ",
        " ",
        " ",
        " ",
        " ",
        " ",
        " ",
        " ",
        " ",
        " ",
        " "
    ],
    "agent": "only_traj",
    "steer_traj": 0.018541977813105147,
    "throttle_traj": 0.75,
    "brake_traj": 0.0,
    "plan": [
        [
            0.0352155864238739,
            -0.03940021991729736
        ],
        [
            0.09511186182498932,
            0.8045570254325867
        ],
        [
            0.14057335257530212,
            2.5268168449401855
        ],
        [
            0.10782967507839203,
            4.932381629943848
        ],
        [
            0.1976836621761322,
            7.566712379455566
        ],
        [
            0.3169102668762207,
            10.253488540649414
        ]
    ],
    "command": 1,
    "redefined_command": 1,
    "cmd_softmax_output": [
        0.9999486207962036,
        4.260205241735093e-05,
        8.823408279567957e-06
    ],
    "all_plan": [
        [
            [
                0.03209449350833893,
                -0.12017077207565308
            ],
            [
                0.0783749595284462,
                0.6604949235916138
            ],
            [
                0.10240772366523743,
                2.405117988586426
            ],
            [
                0.0456232912838459,
                4.849215507507324
            ],
            [
                0.07659991830587387,
                7.5708465576171875
            ],
            [
                0.10906095802783966,
                10.40206527709961
            ]
        ],
        [
            [
                0.0352155864238739,
                -0.03940021991729736
            ],
            [
                0.09511186182498932,
                0.8045570254325867
            ],
            [
                0.14057335257530212,
                2.5268168449401855
            ],
            [
                0.10782967507839203,
                4.932381629943848
            ],
            [
                0.1976836621761322,
                7.566712379455566
            ],
            [
                0.3169102668762207,
                10.253488540649414
            ]
        ],
        [
            [
                0.05593980848789215,
                0.14851611852645874
            ],
            [
                0.09668634086847305,
                1.4433083534240723
            ],
            [
                0.12229282408952713,
                3.836444616317749
            ],
            [
                0.07863044738769531,
                6.978442192077637
            ],
            [
                0.11684354394674301,
                10.452022552490234
            ],
            [
                0.2023988515138626,
                14.108217239379883
            ]
        ],
        [
            [
                0.026309385895729065,
                0.09464162588119507
            ],
            [
                0.05957458168268204,
                1.1212501525878906
            ],
            [
                0.09816661477088928,
                3.047245502471924
            ],
            [
                0.1437985897064209,
                5.671095848083496
            ],
            [
                0.24992170929908752,
                8.571256637573242
            ],
            [
                0.40650540590286255,
                11.616063117980957
            ]
        ],
        [
            [
                0.05760025233030319,
                0.15858304500579834
            ],
            [
                0.10372137278318405,
                1.4161423444747925
            ],
            [
                0.13139352202415466,
                3.790760040283203
            ],
            [
                0.047473035752773285,
                6.889557361602783
            ],
            [
                0.025515882298350334,
                10.343379974365234
            ],
            [
                0.03077896684408188,
                13.997429847717285
            ]
        ],
        [
            [
                0.1174250915646553,
                0.4569475054740906
            ],
            [
                0.2139599323272705,
                1.6613023281097412
            ],
            [
                0.29957595467567444,
                3.5634684562683105
            ],
            [
                0.21121516823768616,
                5.946621894836426
            ],
            [
                0.3151765465736389,
                8.536651611328125
            ],
            [
                0.48074430227279663,
                11.205378532409668
            ]
        ]
    ],
    "tl_trigger": 4.140763678606163e-07,
    "tl_status": 0
}