{
    "speed": 0.006013200290759167,
    "steer": 0.018747620284557343,
    "throttle": 0.75,
    "brake": 0.0,
    "wp_6": [
        -0.01647716760635376,
        11.01902961730957
    ],
    "wp_5": [
        0.04900292307138443,
        7.846547603607178
    ],
    "wp_4": [
        0.0818731039762497,
        4.878798007965088
    ],
    "wp_3": [
        0.09490486234426498,
        2.2942991256713867
    ],
    "wp_2": [
        0.054096490144729614,
        0.5027320384979248
    ],
    "wp_1": [
        0.014336712658405304,
        -0.19199636578559875
    ],
    "aim": [
        0.0818731039762497,
        4.878798007965088
    ],
    "target": [
        -1.9003267563998392,
        11.161407532655897
    ],
    "desired_speed": 4.485407304763794,
    "angle": 0.010682388034364752,
    "angle_last": -0.013137972587045497,
    "angle_target": -0.10736056534230624,
    "angle_final": 0.010682388034364752,
    "delta": 0.25,
    "log_entries": [
        "norm1:0.16",
        "norm2:1.40",
        "norm3:3.59",
        "norm4:6.36",
        "norm5:9.43",
        " ",
        " ",
        " ",
        " ",
        " ",
        " ",
        " ",
        " ",
        " ",
        " ",
        " ",
        " "
    ],
    "agent": "only_traj",
    "steer_traj": 0.01874761944067277,
    "throttle_traj": 0.75,
    "brake_traj": 0.0,
    "plan": [
        [
            0.014336712658405304,
            -0.19199636578559875
        ],
        [
            0.054096490144729614,
            0.5027320384979248
        ],
        [
            0.09490486234426498,
            2.2942991256713867
        ],
        [
            0.0818731039762497,
            4.878798007965088
        ],
        [
            0.04900292307138443,
            7.846547603607178
        ],
        [
            -0.01647716760635376,
            11.01902961730957
        ]
    ],
    "command": 1,
    "redefined_command": 1,
    "cmd_softmax_output": [
        0.9999154806137085,
        6.860249413875863e-05,
        1.5875655662966892e-05
    ],
    "all_plan": [
        [
            [
                0.03333771973848343,
                0.007887661457061768
            ],
            [
                0.08378738909959793,
                0.8973228931427002
            ],
            [
                0.11309961974620819,
                2.8485779762268066
            ],
            [
                0.019395537674427032,
                5.502138137817383
            ],
            [
                -0.12169929593801498,
                8.533482551574707
            ],
            [
                -0.2807858884334564,
                11.759906768798828
            ]
        ],
        [
            [
                0.014336712658405304,
                -0.19199636578559875
            ],
            [
                0.054096490144729614,
                0.5027320384979248
            ],
            [
                0.09490486234426498,
                2.2942991256713867
            ],
            [
                0.0818731039762497,
                4.878798007965088
            ],
            [
                0.04900292307138443,
                7.846547603607178
            ],
            [
                -0.01647716760635376,
                11.01902961730957
            ]
        ],
        [
            [
                0.02815207839012146,
                0.21911773085594177
            ],
            [
                0.043117038905620575,
                1.5326529741287231
            ],
            [
                0.036162152886390686,
                3.9196391105651855
            ],
            [
                0.015437375754117966,
                7.056179046630859
            ],
            [
                -0.016197513788938522,
                10.476140975952148
            ],
            [
                -0.04263819754123688,
                14.048686981201172
            ]
        ],
        [
            [
                0.008529461920261383,
                0.12336879968643188
            ],
            [
                0.018009115010499954,
                1.0330097675323486
            ],
            [
                0.0057602692395448685,
                2.6454968452453613
            ],
            [
                0.02842162363231182,
                4.814034938812256
            ],
            [
                0.045177388936281204,
                7.18984317779541
            ],
            [
                0.07208485901355743,
                9.70193862915039
            ]
        ],
        [
            [
                0.02913663536310196,
                0.18748027086257935
            ],
            [
                0.04737222567200661,
                1.3996937274932861
            ],
            [
                0.04787752032279968,
                3.7768611907958984
            ],
            [
                -0.01815534383058548,
                6.940921306610107
            ],
            [
                -0.1111811101436615,
                10.478179931640625
            ],
            [
                -0.23710262775421143,
                14.22189712524414
            ]
        ],
        [
            [
                0.048403553664684296,
                0.11848366260528564
            ],
            [
                0.0972895473241806,
                1.1418548822402954
            ],
            [
                0.12674912810325623,
                3.0915493965148926
            ],
            [
                0.024815715849399567,
                5.6216959953308105
            ],
            [
                -0.013380840420722961,
                8.432062149047852
            ],
            [
                -0.03819795697927475,
                11.410614967346191
            ]
        ]
    ],
    "tl_trigger": 4.297885141113511e-07,
    "tl_status": 0
}