{
    "speed": -0.0009614578708088167,
    "steer": 0.029199711978435516,
    "throttle": 0.75,
    "brake": 0.0,
    "wp_6": [
        0.7185811996459961,
        9.872501373291016
    ],
    "wp_5": [
        0.4174496531486511,
        7.252261638641357
    ],
    "wp_4": [
        0.21045194566249847,
        4.809174537658691
    ],
    "wp_3": [
        0.23023390769958496,
        2.6873488426208496
    ],
    "wp_2": [
        0.10788607597351074,
        1.0953315496444702
    ],
    "wp_1": [
        0.04627162963151932,
        0.22000479698181152
    ],
    "aim": [
        0.21045194566249847,
        4.809174537658691
    ],
    "target": [
        -1.7272934611020305,
        10.307485381058843
    ],
    "desired_speed": 3.874179816246033,
    "angle": 0.027841037485289228,
    "angle_last": 0.07284409145263235,
    "angle_target": -0.10570046180598228,
    "angle_final": 0.027841037485289228,
    "delta": 0.25,
    "log_entries": [
        "norm1:0.66",
        "norm2:1.90",
        "norm3:3.75",
        "norm4:6.04",
        "norm5:8.58",
        " ",
        " ",
        " ",
        " ",
        " ",
        " ",
        " ",
        " ",
        " ",
        " ",
        " ",
        " "
    ],
    "agent": "only_traj",
    "steer_traj": 0.029199711363067343,
    "throttle_traj": 0.75,
    "brake_traj": 0.0,
    "plan": [
        [
            0.04627162963151932,
            0.22000479698181152
        ],
        [
            0.10788607597351074,
            1.0953315496444702
        ],
        [
            0.23023390769958496,
            2.6873488426208496
        ],
        [
            0.21045194566249847,
            4.809174537658691
        ],
        [
            0.4174496531486511,
            7.252261638641357
        ],
        [
            0.7185811996459961,
            9.872501373291016
        ]
    ],
    "command": 1,
    "redefined_command": 1,
    "cmd_softmax_output": [
        0.9994376301765442,
        0.000557035964448005,
        5.347698333935114e-06
    ],
    "all_plan": [
        [
            [
                0.039170585572719574,
                0.12815138697624207
            ],
            [
                0.07895149290561676,
                0.9431018829345703
            ],
            [
                0.11298646032810211,
                2.5096707344055176
            ],
            [
                0.051720354706048965,
                4.621831893920898
            ],
            [
                0.07263923436403275,
                7.037558078765869
            ],
            [
                0.13512538373470306,
                9.603919982910156
            ]
        ],
        [
            [
                0.04627162963151932,
                0.22000479698181152
            ],
            [
                0.10788607597351074,
                1.0953315496444702
            ],
            [
                0.23023390769958496,
                2.6873488426208496
            ],
            [
                0.21045194566249847,
                4.809174537658691
            ],
            [
                0.4174496531486511,
                7.252261638641357
            ],
            [
                0.7185811996459961,
                9.872501373291016
            ]
        ],
        [
            [
                0.04557276517152786,
                0.20716524124145508
            ],
            [
                0.08561424911022186,
                1.34065580368042
            ],
            [
                0.11458689719438553,
                3.3504698276519775
            ],
            [
                0.09045727550983429,
                5.988703727722168
            ],
            [
                0.15145817399024963,
                8.904794692993164
            ],
            [
                0.27289336919784546,
                11.973287582397461
            ]
        ],
        [
            [
                0.01923159509897232,
                0.25250425934791565
            ],
            [
                0.05438833683729172,
                1.069115161895752
            ],
            [
                0.093295618891716,
                2.454362154006958
            ],
            [
                0.08877625316381454,
                4.352275371551514
            ],
            [
                0.17601415514945984,
                6.4483137130737305
            ],
            [
                0.3324856460094452,
                8.62159252166748
            ]
        ],
        [
            [
                0.032409459352493286,
                0.2763124108314514
            ],
            [
                0.06879390776157379,
                1.4526093006134033
            ],
            [
                0.1242184191942215,
                3.5215561389923096
            ],
            [
                0.10454332828521729,
                6.206340312957764
            ],
            [
                0.2091137170791626,
                9.235746383666992
            ],
            [
                0.34326624870300293,
                12.484479904174805
            ]
        ],
        [
            [
                0.17032478749752045,
                0.8496677875518799
            ],
            [
                0.3083699941635132,
                2.071821689605713
            ],
            [
                0.4471067190170288,
                3.7231643199920654
            ],
            [
                0.2965056896209717,
                5.725520133972168
            ],
            [
                0.4277147650718689,
                8.093585968017578
            ],
            [
                0.6381778717041016,
                10.562857627868652
            ]
        ]
    ],
    "tl_trigger": 4.419655965648417e-07,
    "tl_status": 0
}