{
    "speed": 0.00026747112178292383,
    "steer": 0.04574552923440933,
    "throttle": 0.75,
    "brake": 0.0,
    "wp_6": [
        0.6179423332214355,
        8.66341495513916
    ],
    "wp_5": [
        0.3334306478500366,
        6.198389053344727
    ],
    "wp_4": [
        0.14429181814193726,
        3.8882455825805664
    ],
    "wp_3": [
        0.15958569943904877,
        1.8676353693008423
    ],
    "wp_2": [
        0.05391382426023483,
        0.47692981362342834
    ],
    "wp_1": [
        0.012718111276626587,
        -0.11589422821998596
    ],
    "aim": [
        0.14429181814193726,
        3.8882455825805664
    ],
    "target": [
        -1.2130026598453698,
        11.007951159873244
    ],
    "desired_speed": 3.5235601425170895,
    "angle": 0.023613985189949893,
    "angle_last": 0.07315456149590482,
    "angle_target": -0.0698693569934593,
    "angle_final": 0.023613985189949893,
    "delta": 0.25,
    "log_entries": [
        "norm1:0.18",
        "norm2:1.18",
        "norm3:2.88",
        "norm4:5.05",
        "norm5:7.45",
        " ",
        " ",
        " ",
        " ",
        " ",
        " ",
        " ",
        " ",
        " ",
        " ",
        " ",
        " ",
        " ",
        " ",
        " "
    ],
    "agent": "only_traj",
    "steer_traj": 0.045745531061162754,
    "throttle_traj": 0.75,
    "brake_traj": 0.0,
    "plan": [
        [
            0.012718111276626587,
            -0.11589422821998596
        ],
        [
            0.05391382426023483,
            0.47692981362342834
        ],
        [
            0.15958569943904877,
            1.8676353693008423
        ],
        [
            0.14429181814193726,
            3.8882455825805664
        ],
        [
            0.3334306478500366,
            6.198389053344727
        ],
        [
            0.6179423332214355,
            8.66341495513916
        ]
    ],
    "command": 1,
    "redefined_command": 1,
    "cmd_softmax_output": [
        0.9991679191589355,
        0.0008258620509877801,
        6.163532816572115e-06
    ],
    "all_plan": [
        [
            [
                0.030194994062185287,
                -0.13230398297309875
            ],
            [
                0.07879909873008728,
                0.45240268111228943
            ],
            [
                0.1291387379169464,
                1.868324637413025
            ],
            [
                0.03772798925638199,
                3.9612088203430176
            ],
            [
                0.09765619039535522,
                6.400968551635742
            ],
            [
                0.2140880823135376,
                8.95096206665039
            ]
        ],
        [
            [
                0.012718111276626587,
                -0.11589422821998596
            ],
            [
                0.05391382426023483,
                0.47692981362342834
            ],
            [
                0.15958569943904877,
                1.8676353693008423
            ],
            [
                0.14429181814193726,
                3.8882455825805664
            ],
            [
                0.3334306478500366,
                6.198389053344727
            ],
            [
                0.6179423332214355,
                8.66341495513916
            ]
        ],
        [
            [
                0.033507853746414185,
                0.05923616886138916
            ],
            [
                0.07815376669168472,
                1.1303006410598755
            ],
            [
                0.13788220286369324,
                3.1643757820129395
            ],
            [
                0.1524621993303299,
                5.931488037109375
            ],
            [
                0.27981698513031006,
                8.992298126220703
            ],
            [
                0.4942898750305176,
                12.214951515197754
            ]
        ],
        [
            [
                0.013266004621982574,
                -0.04932728409767151
            ],
            [
                0.04490913450717926,
                0.5497424602508545
            ],
            [
                0.0923495888710022,
                1.8317019939422607
            ],
            [
                0.06305776536464691,
                3.7243099212646484
            ],
            [
                0.12927599251270294,
                5.8764142990112305
            ],
            [
                0.26023411750793457,
                8.119274139404297
            ]
        ],
        [
            [
                0.022040657699108124,
                0.11259210109710693
            ],
            [
                0.06092409789562225,
                1.189400315284729
            ],
            [
                0.13088396191596985,
                3.220038890838623
            ],
            [
                0.16176320612430573,
                5.964264869689941
            ],
            [
                0.3285823464393616,
                9.087282180786133
            ],
            [
                0.5320241451263428,
                12.449573516845703
            ]
        ],
        [
            [
                0.047609277069568634,
                0.15453091263771057
            ],
            [
                0.09547095745801926,
                0.899549126625061
            ],
            [
                0.158890962600708,
                2.2845816612243652
            ],
            [
                0.07108377665281296,
                4.15862512588501
            ],
            [
                0.1548546701669693,
                6.303834915161133
            ],
            [
                0.32907599210739136,
                8.573470115661621
            ]
        ]
    ],
    "tl_trigger": 4.191987272861297e-07,
    "tl_status": 0
}