{
    "speed": 4.99051246425276,
    "steer": -0.003397965570911765,
    "throttle": 0.75,
    "brake": 0.0,
    "wp_6": [
        -1.4907541275024414,
        17.540924072265625
    ],
    "wp_5": [
        -1.1271343231201172,
        14.644371032714844
    ],
    "wp_4": [
        -0.7249715328216553,
        11.458731651306152
    ],
    "wp_3": [
        -0.2978462874889374,
        8.081103324890137
    ],
    "wp_2": [
        -0.10288704931735992,
        4.9404191970825195
    ],
    "wp_1": [
        0.012134335935115814,
        2.197397232055664
    ],
    "aim": [
        0.012134335935115814,
        2.197397232055664
    ],
    "target": [
        -0.7287429504283955,
        14.494583305544326
    ],
    "desired_speed": 6.170760250091552,
    "angle": 0.003515470538270371,
    "angle_last": -0.07950236729261273,
    "angle_target": -0.031980350790355154,
    "angle_final": 0.003515470538270371,
    "delta": 0.25,
    "log_entries": [
        "norm1:3.57",
        "norm2:6.51",
        "norm3:9.78",
        "norm4:13.08",
        "norm5:16.15",
        " ",
        " ",
        " ",
        " ",
        " ",
        " ",
        " ",
        " ",
        " "
    ],
    "agent": "only_traj",
    "steer_traj": -0.0033979655153269657,
    "throttle_traj": 0.75,
    "brake_traj": 0.0,
    "plan": [
        [
            0.012134335935115814,
            2.197397232055664
        ],
        [
            -0.10288704931735992,
            4.9404191970825195
        ],
        [
            -0.2978462874889374,
            8.081103324890137
        ],
        [
            -0.7249715328216553,
            11.458731651306152
        ],
        [
            -1.1271343231201172,
            14.644371032714844
        ],
        [
            -1.4907541275024414,
            17.540924072265625
        ]
    ],
    "command": 3,
    "redefined_command": 3,
    "cmd_softmax_output": [
        0.9992610812187195,
        0.000675740244332701,
        6.310565368039533e-05
    ],
    "all_plan": [
        [
            [
                0.08849196881055832,
                2.160125255584717
            ],
            [
                0.003346845507621765,
                4.806147575378418
            ],
            [
                -0.1679886430501938,
                7.880708694458008
            ],
            [
                -0.6853991150856018,
                11.114221572875977
            ],
            [
                -1.0997557640075684,
                14.294891357421875
            ],
            [
                -1.459262728691101,
                17.310523986816406
            ]
        ],
        [
            [
                0.08351170271635056,
                2.091667652130127
            ],
            [
                0.0023052990436553955,
                4.6996307373046875
            ],
            [
                -0.15330684185028076,
                7.7750701904296875
            ],
            [
                -0.6343784928321838,
                11.024140357971191
            ],
            [
                -1.0254976749420166,
                14.226568222045898
            ],
            [
                -1.3585593700408936,
                17.26725196838379
            ]
        ],
        [
            [
                0.0412033349275589,
                2.250736713409424
            ],
            [
                -0.07015789300203323,
                5.150678634643555
            ],
            [
                -0.25441670417785645,
                8.579893112182617
            ],
            [
                -0.7640935778617859,
                12.214816093444824
            ],
            [
                -1.1972320079803467,
                15.786394119262695
            ],
            [
                -1.5827604532241821,
                19.170618057250977
            ]
        ],
        [
            [
                0.012134335935115814,
                2.197397232055664
            ],
            [
                -0.10288704931735992,
                4.9404191970825195
            ],
            [
                -0.2978462874889374,
                8.081103324890137
            ],
            [
                -0.7249715328216553,
                11.458731651306152
            ],
            [
                -1.1271343231201172,
                14.644371032714844
            ],
            [
                -1.4907541275024414,
                17.540924072265625
            ]
        ],
        [
            [
                0.05327711999416351,
                2.325364112854004
            ],
            [
                -0.07002440840005875,
                5.226377487182617
            ],
            [
                -0.2729760408401489,
                8.615385055541992
            ],
            [
                -0.8799606561660767,
                12.144035339355469
            ],
            [
                -1.3930814266204834,
                15.603830337524414
            ],
            [
                -1.8371928930282593,
                18.846342086791992
            ]
        ],
        [
            [
                0.11427665501832962,
                2.0225720405578613
            ],
            [
                0.07231835275888443,
                4.590863227844238
            ],
            [
                -0.03888478875160217,
                7.669477462768555
            ],
            [
                -0.49735623598098755,
                10.892741203308105
            ],
            [
                -0.853304922580719,
                14.140460968017578
            ],
            [
                -1.149052619934082,
                17.309247970581055
            ]
        ]
    ],
    "tl_trigger": 1.7005351082843845e-06,
    "tl_status": 0
}