{
    "speed": 8.877907768906946,
    "steer": -0.03079962730407715,
    "throttle": 0.75,
    "brake": 0.0,
    "wp_6": [
        -1.6893409490585327,
        28.469013214111328
    ],
    "wp_5": [
        -1.3272978067398071,
        23.90642547607422
    ],
    "wp_4": [
        -0.9112670421600342,
        19.174938201904297
    ],
    "wp_3": [
        -0.40126776695251465,
        14.457911491394043
    ],
    "wp_2": [
        -0.17296138405799866,
        9.640626907348633
    ],
    "wp_1": [
        -0.004959799349308014,
        4.822681903839111
    ],
    "aim": [
        -0.9112670421600342,
        19.174938201904297
    ],
    "target": [
        0.44562394560717755,
        6.8817233794242405
    ],
    "desired_speed": 9.485901451110841,
    "angle": -0.03023188702283641,
    "angle_last": -0.050410390778795854,
    "angle_target": 0.04116664814224923,
    "angle_final": -0.03023188702283641,
    "delta": 0.25,
    "log_entries": [
        "norm1:7.23",
        "norm2:12.05",
        "norm3:16.83",
        "norm4:21.57",
        "norm5:26.23",
        " ",
        " ",
        " ",
        " ",
        " ",
        " ",
        " ",
        " ",
        " ",
        " ",
        " ",
        " "
    ],
    "agent": "only_traj",
    "steer_traj": -0.030799627793618646,
    "throttle_traj": 0.75,
    "brake_traj": 0.0,
    "plan": [
        [
            -0.004959799349308014,
            4.822681903839111
        ],
        [
            -0.17296138405799866,
            9.640626907348633
        ],
        [
            -0.40126776695251465,
            14.457911491394043
        ],
        [
            -0.9112670421600342,
            19.174938201904297
        ],
        [
            -1.3272978067398071,
            23.90642547607422
        ],
        [
            -1.6893409490585327,
            28.469013214111328
        ]
    ],
    "command": 2,
    "redefined_command": 2,
    "cmd_softmax_output": [
        0.20697733759880066,
        0.7339410185813904,
        0.05908161401748657
    ],
    "all_plan": [
        [
            [
                0.06239718943834305,
                4.755080699920654
            ],
            [
                -0.06394848972558975,
                9.474761962890625
            ],
            [
                -0.25929534435272217,
                14.179888725280762
            ],
            [
                -0.8304455280303955,
                18.750314712524414
            ],
            [
                -1.248284935951233,
                23.374774932861328
            ],
            [
                -1.588972806930542,
                27.84130859375
            ]
        ],
        [
            [
                0.04801531881093979,
                4.754687786102295
            ],
            [
                -0.08673886209726334,
                9.54836654663086
            ],
            [
                -0.2819720506668091,
                14.371216773986816
            ],
            [
                -0.8994074463844299,
                19.09337615966797
            ],
            [
                -1.3441892862319946,
                23.86765480041504
            ],
            [
                -1.6914691925048828,
                28.431596755981445
            ]
        ],
        [
            [
                -0.004959799349308014,
                4.822681903839111
            ],
            [
                -0.17296138405799866,
                9.640626907348633
            ],
            [
                -0.40126776695251465,
                14.457911491394043
            ],
            [
                -0.9112670421600342,
                19.174938201904297
            ],
            [
                -1.3272978067398071,
                23.90642547607422
            ],
            [
                -1.6893409490585327,
                28.469013214111328
            ]
        ],
        [
            [
                -0.031052537262439728,
                4.778122425079346
            ],
            [
                -0.21913248300552368,
                9.497173309326172
            ],
            [
                -0.4662732481956482,
                14.189058303833008
            ],
            [
                -0.94645756483078,
                18.756134033203125
            ],
            [
                -1.3636367321014404,
                23.32181167602539
            ],
            [
                -1.745872974395752,
                27.74138641357422
            ]
        ],
        [
            [
                -0.0031633004546165466,
                4.809553623199463
            ],
            [
                -0.20474299788475037,
                9.637441635131836
            ],
            [
                -0.48146793246269226,
                14.501409530639648
            ],
            [
                -1.1648445129394531,
                19.248592376708984
            ],
            [
                -1.7043781280517578,
                24.03645133972168
            ],
            [
                -2.151942729949951,
                28.630146026611328
            ]
        ],
        [
            [
                0.051648251712322235,
                4.750211715698242
            ],
            [
                -0.08085199445486069,
                9.545455932617188
            ],
            [
                -0.26436299085617065,
                14.386148452758789
            ],
            [
                -0.9435059428215027,
                19.106794357299805
            ],
            [
                -1.4152895212173462,
                23.901897430419922
            ],
            [
                -1.7711217403411865,
                28.483047485351562
            ]
        ]
    ],
    "tl_trigger": 4.884998361376347e-07,
    "tl_status": 0
}