{
    "speed": 0.2663857016648059,
    "steer": -0.006912451237440109,
    "throttle": 0.75,
    "brake": 0.0,
    "wp_6": [
        -0.06031125783920288,
        8.97739315032959
    ],
    "wp_5": [
        -0.04378461092710495,
        6.863592624664307
    ],
    "wp_4": [
        -0.04060976207256317,
        4.826467514038086
    ],
    "wp_3": [
        -0.0108396727591753,
        2.920896053314209
    ],
    "wp_2": [
        0.009373083710670471,
        1.4109582901000977
    ],
    "wp_1": [
        0.008416056632995605,
        0.43326660990715027
    ],
    "aim": [
        -0.04060976207256317,
        4.826467514038086
    ],
    "target": [
        -0.8212881323606336,
        17.80608876284097
    ],
    "desired_speed": 3.4178247213363644,
    "angle": -0.0053563380656499685,
    "angle_last": -0.004977262566714261,
    "angle_target": -0.029342657452534473,
    "angle_final": -0.0053563380656499685,
    "delta": 0.25,
    "agent": "only_traj",
    "steer_traj": -0.006912451264188497,
    "throttle_traj": 0.75,
    "brake_traj": 0.0,
    "plan": [
        [
            0.008416056632995605,
            0.43326660990715027
        ],
        [
            0.009373083710670471,
            1.4109582901000977
        ],
        [
            -0.0108396727591753,
            2.920896053314209
        ],
        [
            -0.04060976207256317,
            4.826467514038086
        ],
        [
            -0.04378461092710495,
            6.863592624664307
        ],
        [
            -0.06031125783920288,
            8.97739315032959
        ]
    ],
    "command": 3,
    "all_plan": [
        [
            [
                0.025190316140651703,
                0.4290309548377991
            ],
            [
                0.0343053936958313,
                1.2768551111221313
            ],
            [
                0.03291333466768265,
                2.596101760864258
            ],
            [
                -0.045053958892822266,
                4.169424057006836
            ],
            [
                -0.03193715959787369,
                5.841193675994873
            ],
            [
                -0.042338356375694275,
                7.625375747680664
            ]
        ],
        [
            [
                0.02226700633764267,
                0.4601030647754669
            ],
            [
                0.025940243154764175,
                1.3284261226654053
            ],
            [
                0.023446617648005486,
                2.659428358078003
            ],
            [
                -0.055891185998916626,
                4.206443786621094
            ],
            [
                -0.050012968480587006,
                5.83357572555542
            ],
            [
                -0.06905461847782135,
                7.560866832733154
            ]
        ],
        [
            [
                0.015074729919433594,
                0.5532749891281128
            ],
            [
                0.011832190677523613,
                1.6732462644577026
            ],
            [
                -0.01853536069393158,
                3.3320369720458984
            ],
            [
                -0.06087450310587883,
                5.371702194213867
            ],
            [
                -0.08377262204885483,
                7.512621879577637
            ],
            [
                -0.11726358532905579,
                9.712936401367188
            ]
        ],
        [
            [
                0.008416056632995605,
                0.43326660990715027
            ],
            [
                0.009373083710670471,
                1.4109582901000977
            ],
            [
                -0.0108396727591753,
                2.920896053314209
            ],
            [
                -0.04060976207256317,
                4.826467514038086
            ],
            [
                -0.04378461092710495,
                6.863592624664307
            ],
            [
                -0.06031125783920288,
                8.97739315032959
            ]
        ],
        [
            [
                0.02143654227256775,
                0.7161703109741211
            ],
            [
                0.01387951709330082,
                1.9400551319122314
            ],
            [
                -0.022380290552973747,
                3.6315298080444336
            ],
            [
                -0.07615450769662857,
                5.631525039672852
            ],
            [
                -0.11475108563899994,
                7.684544563293457
            ],
            [
                -0.16422927379608154,
                9.777961730957031
            ]
        ],
        [
            [
                0.027116689831018448,
                0.44078025221824646
            ],
            [
                0.035023853182792664,
                1.2225279808044434
            ],
            [
                0.04379606246948242,
                2.4201507568359375
            ],
            [
                -0.04849701374769211,
                3.779524803161621
            ],
            [
                -0.030823158100247383,
                5.208225250244141
            ],
            [
                -0.03676941245794296,
                6.7275590896606445
            ]
        ]
    ],
    "tl_trigger": 9.528224040877831e-07,
    "tl_status": 0
}