{
    "speed": 2.249193110376101,
    "steer": 0.0008269106037914753,
    "throttle": 0.0,
    "brake": 0.0,
    "wp_6": [
        0.07551852613687515,
        6.2395339012146
    ],
    "wp_5": [
        0.05409675091505051,
        5.0115437507629395
    ],
    "wp_4": [
        0.00018658442422747612,
        3.7898108959198
    ],
    "wp_3": [
        0.001951076090335846,
        2.633103609085083
    ],
    "wp_2": [
        -0.00719495490193367,
        1.7207131385803223
    ],
    "wp_1": [
        -0.020319517701864243,
        0.8843493461608887
    ],
    "aim": [
        0.00018658442422747612,
        3.7898108959198
    ],
    "target": [
        -0.028299320685380547,
        10.407811387577578
    ],
    "desired_speed": 2.142684125900269,
    "angle": 3.13151516560889e-05,
    "angle_last": 0.011104417834080761,
    "angle_target": -0.0017309943487357042,
    "angle_final": 3.13151516560889e-05,
    "delta": 0.0,
    "agent": "only_traj",
    "steer_traj": 0.0008269106058518124,
    "throttle_traj": 0.0,
    "brake_traj": 0.0,
    "plan": [
        [
            -0.020319517701864243,
            0.8843493461608887
        ],
        [
            -0.00719495490193367,
            1.7207131385803223
        ],
        [
            0.001951076090335846,
            2.633103609085083
        ],
        [
            0.00018658442422747612,
            3.7898108959198
        ],
        [
            0.05409675091505051,
            5.0115437507629395
        ],
        [
            0.07551852613687515,
            6.2395339012146
        ]
    ],
    "command": 3,
    "all_plan": [
        [
            [
                0.01043698564171791,
                1.2566156387329102
            ],
            [
                0.02615714818239212,
                2.166637659072876
            ],
            [
                0.037961967289447784,
                2.9150753021240234
            ],
            [
                -0.0008657947182655334,
                3.6957201957702637
            ],
            [
                0.031474072486162186,
                4.490288257598877
            ],
            [
                0.04654967039823532,
                5.251189231872559
            ]
        ],
        [
            [
                0.014333121478557587,
                1.2384099960327148
            ],
            [
                0.03829381614923477,
                2.1952381134033203
            ],
            [
                0.06111164763569832,
                3.0104923248291016
            ],
            [
                0.035493720322847366,
                3.866445541381836
            ],
            [
                0.09019334614276886,
                4.6937079429626465
            ],
            [
                0.13400307297706604,
                5.465503692626953
            ]
        ],
        [
            [
                -0.006140962243080139,
                1.1679351329803467
            ],
            [
                0.008888103067874908,
                2.2218809127807617
            ],
            [
                0.017535410821437836,
                3.260077476501465
            ],
            [
                0.015519391745328903,
                4.467092514038086
            ],
            [
                0.06321981549263,
                5.682609558105469
            ],
            [
                0.0910438522696495,
                6.858983516693115
            ]
        ],
        [
            [
                -0.020319517701864243,
                0.8843493461608887
            ],
            [
                -0.00719495490193367,
                1.7207131385803223
            ],
            [
                0.001951076090335846,
                2.633103609085083
            ],
            [
                0.00018658442422747612,
                3.7898108959198
            ],
            [
                0.05409675091505051,
                5.0115437507629395
            ],
            [
                0.07551852613687515,
                6.2395339012146
            ]
        ],
        [
            [
                0.0021015331149101257,
                1.2921501398086548
            ],
            [
                0.015294833108782768,
                2.390470504760742
            ],
            [
                0.020985852926969528,
                3.395164966583252
            ],
            [
                0.0030851364135742188,
                4.500236511230469
            ],
            [
                0.03591243177652359,
                5.575354099273682
            ],
            [
                0.0481967031955719,
                6.585968494415283
            ]
        ],
        [
            [
                0.027043696492910385,
                1.350148320198059
            ],
            [
                0.0597442127764225,
                2.3629889488220215
            ],
            [
                0.09670159220695496,
                3.1654696464538574
            ],
            [
                0.06543596088886261,
                3.9271230697631836
            ],
            [
                0.13880357146263123,
                4.632931232452393
            ],
            [
                0.20876282453536987,
                5.296336650848389
            ]
        ]
    ],
    "tl_trigger": 4.625333076546667e-06,
    "tl_status": 2
}