{
    "speed": 8.191735799736866,
    "steer": -0.046346064656972885,
    "throttle": 0.2943893373012543,
    "brake": 0.0,
    "wp_6": [
        -5.798584938049316,
        23.787126541137695
    ],
    "wp_5": [
        -4.5006608963012695,
        19.892959594726562
    ],
    "wp_4": [
        -3.110717296600342,
        15.896013259887695
    ],
    "wp_3": [
        -1.5300613641738892,
        11.982566833496094
    ],
    "wp_2": [
        -0.784171462059021,
        7.879399299621582
    ],
    "wp_1": [
        -0.22243991494178772,
        3.9833850860595703
    ],
    "aim": [
        -3.110717296600342,
        15.896013259887695
    ],
    "target": [
        1.0457948436814495,
        7.528083845357784
    ],
    "desired_speed": 8.265528202056885,
    "angle": -0.12302645763167575,
    "angle_last": -0.20481341948313178,
    "angle_target": 0.08787624981260975,
    "angle_final": 0.08787624981260975,
    "delta": 0.07379240232001827,
    "agent": "only_traj",
    "steer_traj": -0.04634606312001126,
    "throttle_traj": 0.29438932618252833,
    "brake_traj": 0.0,
    "plan": [
        [
            -0.22243991494178772,
            3.9833850860595703
        ],
        [
            -0.784171462059021,
            7.879399299621582
        ],
        [
            -1.5300613641738892,
            11.982566833496094
        ],
        [
            -3.110717296600342,
            15.896013259887695
        ],
        [
            -4.5006608963012695,
            19.892959594726562
        ],
        [
            -5.798584938049316,
            23.787126541137695
        ]
    ],
    "command": 0,
    "all_plan": [
        [
            [
                -0.22243991494178772,
                3.9833850860595703
            ],
            [
                -0.784171462059021,
                7.879399299621582
            ],
            [
                -1.5300613641738892,
                11.982566833496094
            ],
            [
                -3.110717296600342,
                15.896013259887695
            ],
            [
                -4.5006608963012695,
                19.892959594726562
            ],
            [
                -5.798584938049316,
                23.787126541137695
            ]
        ],
        [
            [
                -0.2915172278881073,
                4.002407073974609
            ],
            [
                -0.9483619928359985,
                7.89726448059082
            ],
            [
                -1.738813877105713,
                12.009183883666992
            ],
            [
                -3.169440746307373,
                16.058040618896484
            ],
            [
                -4.391698360443115,
                20.272186279296875
            ],
            [
                -5.570278644561768,
                24.41845703125
            ]
        ],
        [
            [
                -0.34636935591697693,
                4.078616142272949
            ],
            [
                -1.0823676586151123,
                7.977049827575684
            ],
            [
                -1.9354416131973267,
                12.029756546020508
            ],
            [
                -3.4148945808410645,
                15.981008529663086
            ],
            [
                -4.684381484985352,
                20.066282272338867
            ],
            [
                -5.937346458435059,
                24.079723358154297
            ]
        ],
        [
            [
                -0.3951621353626251,
                3.97995662689209
            ],
            [
                -1.193526268005371,
                7.739747047424316
            ],
            [
                -2.0914978981018066,
                11.644990921020508
            ],
            [
                -3.628692626953125,
                15.434072494506836
            ],
            [
                -4.944176197052002,
                19.350963592529297
            ],
            [
                -6.2685041427612305,
                23.203189849853516
            ]
        ],
        [
            [
                -0.3552022874355316,
                4.081632137298584
            ],
            [
                -1.1003681421279907,
                7.995248794555664
            ],
            [
                -1.9618147611618042,
                12.08513069152832
            ],
            [
                -3.441455364227295,
                16.101516723632812
            ],
            [
                -4.717628479003906,
                20.260398864746094
            ],
            [
                -5.982055187225342,
                24.34522247314453
            ]
        ],
        [
            [
                -0.24099235236644745,
                4.128134250640869
            ],
            [
                -0.8464252948760986,
                8.1121187210083
            ],
            [
                -1.6177022457122803,
                12.264252662658691
            ],
            [
                -3.1310129165649414,
                16.280132293701172
            ],
            [
                -4.420650005340576,
                20.431617736816406
            ],
            [
                -5.625580310821533,
                24.487911224365234
            ]
        ]
    ],
    "tl_trigger": 4.214242039779492e-07,
    "tl_status": 0
}