{
    "speed": 8.450520802708347,
    "steer": 0.0030033548828214407,
    "throttle": 0.07723616808652878,
    "brake": 0.0,
    "wp_6": [
        2.7711403369903564,
        24.967039108276367
    ],
    "wp_5": [
        2.060065746307373,
        20.95508575439453
    ],
    "wp_4": [
        1.3943607807159424,
        16.77149200439453
    ],
    "wp_3": [
        1.083757758140564,
        12.445865631103516
    ],
    "wp_2": [
        0.5744093656539917,
        8.256519317626953
    ],
    "wp_1": [
        0.20557722449302673,
        4.007742404937744
    ],
    "aim": [
        1.3943607807159424,
        16.77149200439453
    ],
    "target": [
        4.033333668418056,
        33.03931914508316
    ],
    "desired_speed": 8.452969551086426,
    "angle": 0.052806289593575174,
    "angle_last": 0.11167409633910873,
    "angle_target": 0.07733384421258332,
    "angle_final": 0.052806289593575174,
    "delta": 0.0024487483780788466,
    "agent": "only_traj",
    "steer_traj": 0.003003354800731143,
    "throttle_traj": 0.07723616763224446,
    "brake_traj": 0.0,
    "plan": [
        [
            0.20557722449302673,
            4.007742404937744
        ],
        [
            0.5744093656539917,
            8.256519317626953
        ],
        [
            1.083757758140564,
            12.445865631103516
        ],
        [
            1.3943607807159424,
            16.77149200439453
        ],
        [
            2.060065746307373,
            20.95508575439453
        ],
        [
            2.7711403369903564,
            24.967039108276367
        ]
    ],
    "command": 2,
    "all_plan": [
        [
            [
                0.273686021566391,
                3.902346134185791
            ],
            [
                0.6729823350906372,
                8.022187232971191
            ],
            [
                1.185842514038086,
                12.063804626464844
            ],
            [
                1.4225213527679443,
                16.223257064819336
            ],
            [
                2.071401596069336,
                20.247905731201172
            ],
            [
                2.788562297821045,
                24.095775604248047
            ]
        ],
        [
            [
                0.2729411721229553,
                3.8807945251464844
            ],
            [
                0.7198482751846313,
                8.007169723510742
            ],
            [
                1.310746192932129,
                12.053025245666504
            ],
            [
                1.6700737476348877,
                16.20282554626465
            ],
            [
                2.4198880195617676,
                20.198951721191406
            ],
            [
                3.2241573333740234,
                24.018613815307617
            ]
        ],
        [
            [
                0.20557722449302673,
                4.007742404937744
            ],
            [
                0.5744093656539917,
                8.256519317626953
            ],
            [
                1.083757758140564,
                12.445865631103516
            ],
            [
                1.3943607807159424,
                16.77149200439453
            ],
            [
                2.060065746307373,
                20.95508575439453
            ],
            [
                2.7711403369903564,
                24.967039108276367
            ]
        ],
        [
            [
                0.18823042511940002,
                3.978912353515625
            ],
            [
                0.526674747467041,
                8.177511215209961
            ],
            [
                0.9922820329666138,
                12.322118759155273
            ],
            [
                1.287204384803772,
                16.60091209411621
            ],
            [
                1.9064455032348633,
                20.754159927368164
            ],
            [
                2.5656213760375977,
                24.746715545654297
            ]
        ],
        [
            [
                0.21637356281280518,
                3.9662256240844727
            ],
            [
                0.5871212482452393,
                8.170522689819336
            ],
            [
                1.093308448791504,
                12.310070037841797
            ],
            [
                1.3829375505447388,
                16.574682235717773
            ],
            [
                2.033540725708008,
                20.695444107055664
            ],
            [
                2.7341511249542236,
                24.63827133178711
            ]
        ],
        [
            [
                0.30102527141571045,
                3.838489532470703
            ],
            [
                0.7621566653251648,
                7.906521797180176
            ],
            [
                1.355851411819458,
                11.8883056640625
            ],
            [
                1.6878775358200073,
                15.968085289001465
            ],
            [
                2.4297471046447754,
                19.903114318847656
            ],
            [
                3.233027935028076,
                23.66146469116211
            ]
        ]
    ],
    "tl_trigger": 4.840317728849186e-07,
    "tl_status": 0
}