{
    "speed": 7.45255974150937,
    "steer": 0.0003877759154420346,
    "throttle": 0.75,
    "brake": 0.0,
    "wp_6": [
        0.13898177444934845,
        23.332233428955078
    ],
    "wp_5": [
        0.11128657311201096,
        19.518943786621094
    ],
    "wp_4": [
        0.051884725689888,
        15.613829612731934
    ],
    "wp_3": [
        0.008264783769845963,
        11.698447227478027
    ],
    "wp_2": [
        -0.008719434961676598,
        7.799748420715332
    ],
    "wp_1": [
        -0.007422313094139099,
        3.874525547027588
    ],
    "aim": [
        0.051884725689888,
        15.613829612731934
    ],
    "target": [
        -0.6035239386090582,
        18.709178823336362
    ],
    "desired_speed": 7.783416175842285,
    "angle": 0.002115509431390091,
    "angle_last": 0.004623554894618773,
    "angle_target": -0.020529072335477135,
    "angle_final": 0.002115509431390091,
    "delta": 0.25,
    "agent": "only_traj",
    "steer_traj": 0.00038777592335061497,
    "throttle_traj": 0.75,
    "brake_traj": 0.0,
    "plan": [
        [
            -0.007422313094139099,
            3.874525547027588
        ],
        [
            -0.008719434961676598,
            7.799748420715332
        ],
        [
            0.008264783769845963,
            11.698447227478027
        ],
        [
            0.051884725689888,
            15.613829612731934
        ],
        [
            0.11128657311201096,
            19.518943786621094
        ],
        [
            0.13898177444934845,
            23.332233428955078
        ]
    ],
    "command": 3,
    "all_plan": [
        [
            [
                0.06826604157686234,
                3.7923550605773926
            ],
            [
                0.11112041026353836,
                7.630444526672363
            ],
            [
                0.15721893310546875,
                11.431309700012207
            ],
            [
                0.12337218225002289,
                15.225448608398438
            ],
            [
                0.17737719416618347,
                19.045272827148438
            ],
            [
                0.23300737142562866,
                22.794286727905273
            ]
        ],
        [
            [
                0.07510266453027725,
                3.7707509994506836
            ],
            [
                0.14046350121498108,
                7.615621566772461
            ],
            [
                0.21389737725257874,
                11.422334671020508
            ],
            [
                0.2175624817609787,
                15.248656272888184
            ],
            [
                0.3136764466762543,
                19.092342376708984
            ],
            [
                0.4210755228996277,
                22.862571716308594
            ]
        ],
        [
            [
                0.013050191104412079,
                3.8880815505981445
            ],
            [
                0.03085249848663807,
                7.866320610046387
            ],
            [
                0.0644841268658638,
                11.822659492492676
            ],
            [
                0.10564129054546356,
                15.81196403503418
            ],
            [
                0.1786748468875885,
                19.802490234375
            ],
            [
                0.2325347661972046,
                23.715892791748047
            ]
        ],
        [
            [
                -0.007422313094139099,
                3.874525547027588
            ],
            [
                -0.008719434961676598,
                7.799748420715332
            ],
            [
                0.008264783769845963,
                11.698447227478027
            ],
            [
                0.051884725689888,
                15.613829612731934
            ],
            [
                0.11128657311201096,
                19.518943786621094
            ],
            [
                0.13898177444934845,
                23.332233428955078
            ]
        ],
        [
            [
                0.014510057866573334,
                3.8619489669799805
            ],
            [
                0.024614648893475533,
                7.812824249267578
            ],
            [
                0.048042189329862595,
                11.742640495300293
            ],
            [
                0.06727012246847153,
                15.69426441192627
            ],
            [
                0.12111890316009521,
                19.650367736816406
            ],
            [
                0.1569267213344574,
                23.527849197387695
            ]
        ],
        [
            [
                0.10925828665494919,
                3.794644355773926
            ],
            [
                0.19874954223632812,
                7.639092445373535
            ],
            [
                0.2913726568222046,
                11.429165840148926
            ],
            [
                0.2709619700908661,
                15.220964431762695
            ],
            [
                0.3735682964324951,
                19.037891387939453
            ],
            [
                0.49629005789756775,
                22.785924911499023
            ]
        ]
    ],
    "tl_trigger": 4.7632809696551703e-07,
    "tl_status": 0
}