{
    "speed": 7.427496667119345,
    "steer": -0.0005258962628431618,
    "throttle": 0.75,
    "brake": 0.0,
    "wp_6": [
        -0.03240025043487549,
        23.657625198364258
    ],
    "wp_5": [
        -0.01926347054541111,
        19.733224868774414
    ],
    "wp_4": [
        -0.03331434726715088,
        15.76756763458252
    ],
    "wp_3": [
        -0.009933870285749435,
        11.846022605895996
    ],
    "wp_2": [
        -0.004012217745184898,
        7.912198543548584
    ],
    "wp_1": [
        0.009032703936100006,
        3.937565326690674
    ],
    "aim": [
        -0.03331434726715088,
        15.76756763458252
    ],
    "target": [
        -0.5373348971163727,
        33.23857154180405
    ],
    "desired_speed": 7.888080978393554,
    "angle": -0.0013450438570922585,
    "angle_last": -0.00213104684857917,
    "angle_target": -0.010290701711006522,
    "angle_final": -0.0013450438570922585,
    "delta": 0.25,
    "agent": "only_traj",
    "steer_traj": -0.0005258962727912233,
    "throttle_traj": 0.75,
    "brake_traj": 0.0,
    "plan": [
        [
            0.009032703936100006,
            3.937565326690674
        ],
        [
            -0.004012217745184898,
            7.912198543548584
        ],
        [
            -0.009933870285749435,
            11.846022605895996
        ],
        [
            -0.03331434726715088,
            15.76756763458252
        ],
        [
            -0.01926347054541111,
            19.733224868774414
        ],
        [
            -0.03240025043487549,
            23.657625198364258
        ]
    ],
    "command": 3,
    "all_plan": [
        [
            [
                0.037611790001392365,
                3.805342674255371
            ],
            [
                0.03932051360607147,
                7.671648025512695
            ],
            [
                0.04364999383687973,
                11.522314071655273
            ],
            [
                -0.02015441656112671,
                15.360876083374023
            ],
            [
                -0.015182936564087868,
                19.259258270263672
            ],
            [
                -0.023334980010986328,
                23.119564056396484
            ]
        ],
        [
            [
                0.02627670019865036,
                3.7611498832702637
            ],
            [
                0.035226985812187195,
                7.619803428649902
            ],
            [
                0.05327259749174118,
                11.481077194213867
            ],
            [
                0.03893459215760231,
                15.362884521484375
            ],
            [
                0.08013533055782318,
                19.291259765625
            ],
            [
                0.11213309317827225,
                23.18065071105957
            ]
        ],
        [
            [
                0.016613833606243134,
                3.91961669921875
            ],
            [
                0.014942290261387825,
                7.9061126708984375
            ],
            [
                0.01959468051791191,
                11.865496635437012
            ],
            [
                0.004337243735790253,
                15.835803985595703
            ],
            [
                0.031911998987197876,
                19.84756851196289
            ],
            [
                0.040143661201000214,
                23.811248779296875
            ]
        ],
        [
            [
                0.009032703936100006,
                3.937565326690674
            ],
            [
                -0.004012217745184898,
                7.912198543548584
            ],
            [
                -0.009933870285749435,
                11.846022605895996
            ],
            [
                -0.03331434726715088,
                15.76756763458252
            ],
            [
                -0.01926347054541111,
                19.733224868774414
            ],
            [
                -0.03240025043487549,
                23.657625198364258
            ]
        ],
        [
            [
                -0.0021365657448768616,
                3.8164682388305664
            ],
            [
                -0.023227540776133537,
                7.725977897644043
            ],
            [
                -0.035117048770189285,
                11.636520385742188
            ],
            [
                -0.049416907131671906,
                15.559818267822266
            ],
            [
                -0.038646847009658813,
                19.523189544677734
            ],
            [
                -0.053010351955890656,
                23.445093154907227
            ]
        ],
        [
            [
                0.020468108355998993,
                3.6567702293395996
            ],
            [
                0.03224080801010132,
                7.426783561706543
            ],
            [
                0.05463167279958725,
                11.206932067871094
            ],
            [
                0.06814059615135193,
                15.023660659790039
            ],
            [
                0.1246059313416481,
                18.875701904296875
            ],
            [
                0.17472326755523682,
                22.688241958618164
            ]
        ]
    ],
    "tl_trigger": 5.630190571537241e-07,
    "tl_status": 0
}