{
    "speed": 2.785322355477798,
    "steer": 0.002560544293373823,
    "throttle": 0.07089448720216751,
    "brake": 0.0,
    "wp_6": [
        0.05327366292476654,
        8.003137588500977
    ],
    "wp_5": [
        0.037932343780994415,
        6.80604362487793
    ],
    "wp_4": [
        0.010547265410423279,
        5.476486682891846
    ],
    "wp_3": [
        0.038880620151758194,
        4.0584917068481445
    ],
    "wp_2": [
        0.03565005958080292,
        2.7762269973754883
    ],
    "wp_1": [
        0.016264021396636963,
        1.4294769763946533
    ],
    "aim": [
        0.010547265410423279,
        5.476486682891846
    ],
    "target": [
        -0.023806779108720644,
        7.551717495104519
    ],
    "desired_speed": 2.6297869682312007,
    "angle": 0.0012260670194728749,
    "angle_last": 0.008158101899109593,
    "angle_target": -0.0020069363160816938,
    "angle_final": 0.0012260670194728749,
    "delta": 0.0,
    "agent": "only_traj",
    "steer_traj": 0.0025605442152419854,
    "throttle_traj": 0.070894488517712,
    "brake_traj": 0.0,
    "plan": [
        [
            0.016264021396636963,
            1.4294769763946533
        ],
        [
            0.03565005958080292,
            2.7762269973754883
        ],
        [
            0.038880620151758194,
            4.0584917068481445
        ],
        [
            0.010547265410423279,
            5.476486682891846
        ],
        [
            0.037932343780994415,
            6.80604362487793
        ],
        [
            0.05327366292476654,
            8.003137588500977
        ]
    ],
    "command": 3,
    "all_plan": [
        [
            [
                0.023396283388137817,
                1.5397073030471802
            ],
            [
                0.05355561524629593,
                2.862044334411621
            ],
            [
                0.08447551727294922,
                4.053345203399658
            ],
            [
                0.044998180121183395,
                5.314313888549805
            ],
            [
                0.08858972787857056,
                6.460631847381592
            ],
            [
                0.10815495997667313,
                7.463600158691406
            ]
        ],
        [
            [
                0.029856916517019272,
                1.5078130960464478
            ],
            [
                0.06330722570419312,
                2.8354239463806152
            ],
            [
                0.09410399943590164,
                4.038224697113037
            ],
            [
                0.07195857167243958,
                5.303373336791992
            ],
            [
                0.12549066543579102,
                6.444584369659424
            ],
            [
                0.17621901631355286,
                7.443734169006348
            ]
        ],
        [
            [
                0.02143748477101326,
                1.4958624839782715
            ],
            [
                0.04074098914861679,
                2.937422752380371
            ],
            [
                0.04429774731397629,
                4.341991424560547
            ],
            [
                0.014332827180624008,
                5.8823981285095215
            ],
            [
                0.033719614148139954,
                7.318052768707275
            ],
            [
                0.04357249289751053,
                8.613799095153809
            ]
        ],
        [
            [
                0.016264021396636963,
                1.4294769763946533
            ],
            [
                0.03565005958080292,
                2.7762269973754883
            ],
            [
                0.038880620151758194,
                4.0584917068481445
            ],
            [
                0.010547265410423279,
                5.476486682891846
            ],
            [
                0.037932343780994415,
                6.80604362487793
            ],
            [
                0.05327366292476654,
                8.003137588500977
            ]
        ],
        [
            [
                0.02412649244070053,
                1.6200103759765625
            ],
            [
                0.04355965182185173,
                3.106691598892212
            ],
            [
                0.0498373918235302,
                4.490467071533203
            ],
            [
                0.022787049412727356,
                5.9719696044921875
            ],
            [
                0.03557191044092178,
                7.323315143585205
            ],
            [
                0.03954772651195526,
                8.509157180786133
            ]
        ],
        [
            [
                0.042668089270591736,
                1.7043921947479248
            ],
            [
                0.07947973906993866,
                3.1751811504364014
            ],
            [
                0.1124267727136612,
                4.4480462074279785
            ],
            [
                0.08408711850643158,
                5.711149215698242
            ],
            [
                0.14159399271011353,
                6.796962738037109
            ],
            [
                0.20623242855072021,
                7.726621150970459
            ]
        ]
    ],
    "tl_trigger": 5.445453439278936e-07,
    "tl_status": 0
}