{
    "speed": 7.5169545602333665,
    "steer": 0.00245877867564559,
    "throttle": 0.75,
    "brake": 0.0,
    "wp_6": [
        0.05597253888845444,
        23.773008346557617
    ],
    "wp_5": [
        0.05171686410903931,
        19.995676040649414
    ],
    "wp_4": [
        0.021502934396266937,
        16.05009651184082
    ],
    "wp_3": [
        0.04054976627230644,
        12.06899642944336
    ],
    "wp_2": [
        0.03045913763344288,
        8.077101707458496
    ],
    "wp_1": [
        0.025006704032421112,
        4.05404806137085
    ],
    "aim": [
        0.021502934396266937,
        16.05009651184082
    ],
    "target": [
        -0.3451675316599019,
        20.658725017907027
    ],
    "desired_speed": 7.887656211853027,
    "angle": 0.0008529110178178449,
    "angle_last": 0.000717217926306925,
    "angle_target": -0.01063570143367151,
    "angle_final": 0.0008529110178178449,
    "delta": 0.25,
    "agent": "only_traj",
    "steer_traj": 0.0024587785797953775,
    "throttle_traj": 0.75,
    "brake_traj": 0.0,
    "plan": [
        [
            0.025006704032421112,
            4.05404806137085
        ],
        [
            0.03045913763344288,
            8.077101707458496
        ],
        [
            0.04054976627230644,
            12.06899642944336
        ],
        [
            0.021502934396266937,
            16.05009651184082
        ],
        [
            0.05171686410903931,
            19.995676040649414
        ],
        [
            0.05597253888845444,
            23.773008346557617
        ]
    ],
    "command": 3,
    "all_plan": [
        [
            [
                0.07958628982305527,
                4.0065999031066895
            ],
            [
                0.11087940633296967,
                7.990941047668457
            ],
            [
                0.13624747097492218,
                11.928071975708008
            ],
            [
                0.0502050444483757,
                15.822139739990234
            ],
            [
                0.06456455588340759,
                19.733327865600586
            ],
            [
                0.0743439719080925,
                23.534997940063477
            ]
        ],
        [
            [
                0.08022221177816391,
                4.005943298339844
            ],
            [
                0.12444424629211426,
                8.018331527709961
            ],
            [
                0.1682204306125641,
                11.971537590026855
            ],
            [
                0.1143144816160202,
                15.894182205200195
            ],
            [
                0.15873363614082336,
                19.827011108398438
            ],
            [
                0.20472651720046997,
                23.658531188964844
            ]
        ],
        [
            [
                0.03402043133974075,
                4.077168941497803
            ],
            [
                0.047754883766174316,
                8.177301406860352
            ],
            [
                0.06970638781785965,
                12.226999282836914
            ],
            [
                0.054057735949754715,
                16.25828742980957
            ],
            [
                0.09446042776107788,
                20.301925659179688
            ],
            [
                0.11519821733236313,
                24.262989044189453
            ]
        ],
        [
            [
                0.025006704032421112,
                4.05404806137085
            ],
            [
                0.03045913763344288,
                8.077101707458496
            ],
            [
                0.04054976627230644,
                12.06899642944336
            ],
            [
                0.021502934396266937,
                16.05009651184082
            ],
            [
                0.05171686410903931,
                19.995676040649414
            ],
            [
                0.05597253888845444,
                23.773008346557617
            ]
        ],
        [
            [
                0.0358249768614769,
                4.045562267303467
            ],
            [
                0.039998993277549744,
                8.114335060119629
            ],
            [
                0.04935193806886673,
                12.130977630615234
            ],
            [
                0.007593709975481033,
                16.113651275634766
            ],
            [
                0.02380245365202427,
                20.115428924560547
            ],
            [
                0.020340878516435623,
                24.040939331054688
            ]
        ],
        [
            [
                0.09120964258909225,
                3.934541702270508
            ],
            [
                0.14443281292915344,
                7.883291244506836
            ],
            [
                0.1968258023262024,
                11.771672248840332
            ],
            [
                0.13712383806705475,
                15.62728500366211
            ],
            [
                0.18668663501739502,
                19.505409240722656
            ],
            [
                0.24344614148139954,
                23.29889488220215
            ]
        ]
    ],
    "tl_trigger": 5.156458087185456e-07,
    "tl_status": 0
}