{
    "speed": 3.180586349397865,
    "steer": -0.0008203858742490411,
    "throttle": 0.75,
    "brake": 0.0,
    "wp_6": [
        0.036414068192243576,
        11.296296119689941
    ],
    "wp_5": [
        0.030132876709103584,
        10.071366310119629
    ],
    "wp_4": [
        0.007580261677503586,
        8.68282699584961
    ],
    "wp_3": [
        0.06090487539768219,
        6.942833423614502
    ],
    "wp_2": [
        0.0467994287610054,
        4.947854995727539
    ],
    "wp_1": [
        0.03647191822528839,
        2.5898666381835938
    ],
    "aim": [
        0.007580261677503586,
        8.68282699584961
    ],
    "target": [
        -0.12234503480436892,
        23.391939066832858
    ],
    "desired_speed": 3.4830072879791256,
    "angle": 0.0005557977889222903,
    "angle_last": 0.0032644231407770135,
    "angle_target": -0.0033296323912584136,
    "angle_final": 0.0005557977889222903,
    "delta": 0.25,
    "agent": "only_traj",
    "steer_traj": -0.0008203858741610883,
    "throttle_traj": 0.75,
    "brake_traj": 0.0,
    "plan": [
        [
            0.03647191822528839,
            2.5898666381835938
        ],
        [
            0.0467994287610054,
            4.947854995727539
        ],
        [
            0.06090487539768219,
            6.942833423614502
        ],
        [
            0.007580261677503586,
            8.68282699584961
        ],
        [
            0.030132876709103584,
            10.071366310119629
        ],
        [
            0.036414068192243576,
            11.296296119689941
        ]
    ],
    "command": 3,
    "all_plan": [
        [
            [
                0.07530029863119125,
                2.7917041778564453
            ],
            [
                0.09053666144609451,
                5.360010147094727
            ],
            [
                0.08740100264549255,
                7.595839977264404
            ],
            [
                -0.01743430644273758,
                9.617972373962402
            ],
            [
                -0.03995564579963684,
                11.25381088256836
            ],
            [
                -0.058822400867938995,
                12.639235496520996
            ]
        ],
        [
            [
                0.08054039627313614,
                2.7744412422180176
            ],
            [
                0.09957502782344818,
                5.417937278747559
            ],
            [
                0.10475308448076248,
                7.721855163574219
            ],
            [
                0.015283003449440002,
                9.708037376403809
            ],
            [
                0.011998048052191734,
                11.18068790435791
            ],
            [
                0.025989070534706116,
                12.387125968933105
            ]
        ],
        [
            [
                0.05598139017820358,
                2.890592098236084
            ],
            [
                0.0688459724187851,
                5.62407112121582
            ],
            [
                0.07443546503782272,
                7.9763593673706055
            ],
            [
                0.014471713453531265,
                10.012904167175293
            ],
            [
                0.020252207294106483,
                11.553051948547363
            ],
            [
                0.0305386520922184,
                12.853609085083008
            ]
        ],
        [
            [
                0.03647191822528839,
                2.5898666381835938
            ],
            [
                0.0467994287610054,
                4.947854995727539
            ],
            [
                0.06090487539768219,
                6.942833423614502
            ],
            [
                0.007580261677503586,
                8.68282699584961
            ],
            [
                0.030132876709103584,
                10.071366310119629
            ],
            [
                0.036414068192243576,
                11.296296119689941
            ]
        ],
        [
            [
                0.057167038321495056,
                2.9451136589050293
            ],
            [
                0.06095718592405319,
                5.805628776550293
            ],
            [
                0.054974012076854706,
                8.288700103759766
            ],
            [
                -0.010500401258468628,
                10.378966331481934
            ],
            [
                -0.027343863621354103,
                11.879698753356934
            ],
            [
                -0.03825363516807556,
                13.117659568786621
            ]
        ],
        [
            [
                0.09168810397386551,
                2.711050033569336
            ],
            [
                0.11456529796123505,
                5.367414474487305
            ],
            [
                0.12038350105285645,
                7.738164901733398
            ],
            [
                0.03393525630235672,
                9.812967300415039
            ],
            [
                0.034169211983680725,
                11.344527244567871
            ],
            [
                0.06861818581819534,
                12.572614669799805
            ]
        ]
    ],
    "tl_trigger": 0.9999959468841553,
    "tl_status": 0
}