{
    "speed": 3.439529393902057e-05,
    "steer": 0.0096083739772439,
    "throttle": 0.0,
    "brake": 1.0,
    "wp_6": [
        0.0005653591360896826,
        -0.015400193631649017
    ],
    "wp_5": [
        0.00031466991640627384,
        -0.012332253158092499
    ],
    "wp_4": [
        0.00024898629635572433,
        -0.010098811239004135
    ],
    "wp_3": [
        0.0020122560672461987,
        -0.016041431576013565
    ],
    "wp_2": [
        0.0010433495044708252,
        -0.012591466307640076
    ],
    "wp_1": [
        0.0020865891128778458,
        -0.012786448001861572
    ],
    "aim": [
        0.00024898629635572433,
        -0.010098811239004135
    ],
    "target": [
        0.2827566123267196,
        18.897772725189533
    ],
    "desired_speed": 0.006462406087666751,
    "angle": 1.984307288754477,
    "angle_last": 1.9480955230498387,
    "angle_target": 0.009524668409666155,
    "angle_final": 0.009524668409666155,
    "delta": 0.006428010793727731,
    "agent": "only_traj",
    "steer_traj": 0.009608374371356355,
    "throttle_traj": 0.0,
    "brake_traj": 1.0,
    "plan": [
        [
            0.0020865891128778458,
            -0.012786448001861572
        ],
        [
            0.0010433495044708252,
            -0.012591466307640076
        ],
        [
            0.0020122560672461987,
            -0.016041431576013565
        ],
        [
            0.00024898629635572433,
            -0.010098811239004135
        ],
        [
            0.00031466991640627384,
            -0.012332253158092499
        ],
        [
            0.0005653591360896826,
            -0.015400193631649017
        ]
    ],
    "command": 3,
    "all_plan": [
        [
            [
                0.0022193584591150284,
                -0.021526873111724854
            ],
            [
                0.0014970898628234863,
                -0.02303539216518402
            ],
            [
                0.002653005998581648,
                -0.027514729648828506
            ],
            [
                0.00051154475659132,
                -0.019756551831960678
            ],
            [
                0.0006674549076706171,
                -0.023786477744579315
            ],
            [
                0.0011799575295299292,
                -0.032352350652217865
            ]
        ],
        [
            [
                0.0037105558440089226,
                -0.018866822123527527
            ],
            [
                0.005571069195866585,
                -0.020982999354600906
            ],
            [
                0.008244943805038929,
                -0.024108033627271652
            ],
            [
                0.0026841522194445133,
                -0.012564625591039658
            ],
            [
                0.0007346437778323889,
                -0.016713198274374008
            ],
            [
                -0.0006269311998039484,
                -0.024909283965826035
            ]
        ],
        [
            [
                0.002229316160082817,
                -0.0221824049949646
            ],
            [
                0.001531120389699936,
                -0.023818686604499817
            ],
            [
                0.0027010622434318066,
                -0.028375227004289627
            ],
            [
                0.0005312366411089897,
                -0.02048088237643242
            ],
            [
                0.0006939137820154428,
                -0.024645544588565826
            ],
            [
                0.0012260524090379477,
                -0.03362376242876053
            ]
        ],
        [
            [
                0.0020865891128778458,
                -0.012786448001861572
            ],
            [
                0.0010433495044708252,
                -0.012591466307640076
            ],
            [
                0.0020122560672461987,
                -0.016041431576013565
            ],
            [
                0.00024898629635572433,
                -0.010098811239004135
            ],
            [
                0.00031466991640627384,
                -0.012332253158092499
            ],
            [
                0.0005653591360896826,
                -0.015400193631649017
            ]
        ],
        [
            [
                0.002216039225459099,
                -0.02130836248397827
            ],
            [
                0.0014857463538646698,
                -0.022774294018745422
            ],
            [
                0.0026369872502982616,
                -0.027227897197008133
            ],
            [
                0.0005049807950854301,
                -0.019515108317136765
            ],
            [
                0.0006586352828890085,
                -0.023500122129917145
            ],
            [
                0.001164592569693923,
                -0.031928546726703644
            ]
        ],
        [
            [
                0.012988051399588585,
                0.023398637771606445
            ],
            [
                0.017068661749362946,
                0.03737715259194374
            ],
            [
                0.020479775965213776,
                0.034736040979623795
            ],
            [
                0.002284705638885498,
                0.03272959217429161
            ],
            [
                -0.00514292623847723,
                0.02051866427063942
            ],
            [
                -0.009207112714648247,
                0.0027054138481616974
            ]
        ]
    ],
    "tl_trigger": 0.9999988079071045,
    "tl_status": 0
}