{
    "speed": -4.085671454624483e-06,
    "steer": -0.0019384542247280478,
    "throttle": 0.0,
    "brake": 1.0,
    "wp_6": [
        0.0007574211340397596,
        -0.020697742700576782
    ],
    "wp_5": [
        0.0004249152261763811,
        -0.01591169834136963
    ],
    "wp_4": [
        0.000331035815179348,
        -0.013116855174303055
    ],
    "wp_3": [
        0.0022124904207885265,
        -0.019626837223768234
    ],
    "wp_2": [
        0.0011851433664560318,
        -0.01585519313812256
    ],
    "wp_1": [
        0.0021280795335769653,
        -0.015517830848693848
    ],
    "aim": [
        0.000331035815179348,
        -0.013116855174303055
    ],
    "target": [
        -0.12953889350549874,
        18.880371539895588
    ],
    "desired_speed": 0.007712375512346625,
    "angle": 1.9839367889374993,
    "angle_last": 1.955842399497458,
    "angle_target": -0.004367802124359077,
    "angle_final": -0.004367802124359077,
    "delta": 0.007716461183801249,
    "agent": "only_traj",
    "steer_traj": -0.0019384542781230724,
    "throttle_traj": 0.0,
    "brake_traj": 1.0,
    "plan": [
        [
            0.0021280795335769653,
            -0.015517830848693848
        ],
        [
            0.0011851433664560318,
            -0.01585519313812256
        ],
        [
            0.0022124904207885265,
            -0.019626837223768234
        ],
        [
            0.000331035815179348,
            -0.013116855174303055
        ],
        [
            0.0004249152261763811,
            -0.01591169834136963
        ],
        [
            0.0007574211340397596,
            -0.020697742700576782
        ]
    ],
    "command": 3,
    "all_plan": [
        [
            [
                0.009722771123051643,
                0.004658952355384827
            ],
            [
                0.013933642767369747,
                0.011290092021226883
            ],
            [
                0.017657112330198288,
                0.008705135434865952
            ],
            [
                0.0033358819782733917,
                0.014214228838682175
            ],
            [
                -0.002584555186331272,
                0.004870954900979996
            ],
            [
                -0.0061669861897826195,
                -0.010155599564313889
            ]
        ],
        [
            [
                0.011534914374351501,
                0.016473010182380676
            ],
            [
                0.01512666791677475,
                0.028035268187522888
            ],
            [
                0.01833323761820793,
                0.025159958750009537
            ],
            [
                0.0022040195763111115,
                0.024977341294288635
            ],
            [
                -0.004266791976988316,
                0.013836394995450974
            ],
            [
                -0.007784974295645952,
                -0.0029534436762332916
            ]
        ],
        [
            [
                0.0021811872720718384,
                -0.01901400089263916
            ],
            [
                0.0013666395097970963,
                -0.020032763481140137
            ],
            [
                0.0024687903933227062,
                -0.02421615645289421
            ],
            [
                0.0004360591992735863,
                -0.016979951411485672
            ],
            [
                0.0005660292226821184,
                -0.020493388175964355
            ],
            [
                0.0010032604914158583,
                -0.02747860550880432
            ]
        ],
        [
            [
                0.0021280795335769653,
                -0.015517830848693848
            ],
            [
                0.0011851433664560318,
                -0.01585519313812256
            ],
            [
                0.0022124904207885265,
                -0.019626837223768234
            ],
            [
                0.000331035815179348,
                -0.013116855174303055
            ],
            [
                0.0004249152261763811,
                -0.01591169834136963
            ],
            [
                0.0007574211340397596,
                -0.020697742700576782
            ]
        ],
        [
            [
                0.002352241426706314,
                -0.00918528437614441
            ],
            [
                0.0012789038009941578,
                -0.008012749254703522
            ],
            [
                0.002211380284279585,
                -0.01120000146329403
            ],
            [
                0.0001490442082285881,
                -0.0062070731073617935
            ],
            [
                2.6914523914456367e-05,
                -0.00825929082930088
            ],
            [
                0.00013808882795274258,
                -0.010271424427628517
            ]
        ],
        [
            [
                0.017170164734125137,
                0.044396206736564636
            ],
            [
                0.021172739565372467,
                0.06716814637184143
            ],
            [
                0.024237897247076035,
                0.06411856412887573
            ],
            [
                0.0010204128921031952,
                0.053122200071811676
            ],
            [
                -0.008280830457806587,
                0.03669425845146179
            ],
            [
                -0.01286233402788639,
                0.013580352067947388
            ]
        ]
    ],
    "tl_trigger": 0.9999986886978149,
    "tl_status": 0
}