{
    "speed": 0.9447377418169429,
    "steer": -0.009286725893616676,
    "throttle": 0.75,
    "brake": 0.0,
    "wp_6": [
        -0.8282582759857178,
        20.42200469970703
    ],
    "wp_5": [
        -0.5766822099685669,
        16.02788734436035
    ],
    "wp_4": [
        -0.3434253931045532,
        11.694026947021484
    ],
    "wp_3": [
        -0.07452026754617691,
        7.5243730545043945
    ],
    "wp_2": [
        -0.008151814341545105,
        3.9003584384918213
    ],
    "wp_1": [
        0.02407308667898178,
        1.3413362503051758
    ],
    "aim": [
        -0.07452026754617691,
        7.5243730545043945
    ],
    "target": [
        -9.992631797483856,
        49.94522954742298
    ],
    "desired_speed": 7.641443824768066,
    "angle": -0.006304747777401629,
    "angle_last": -0.03640857887126049,
    "angle_target": -0.12570986482105087,
    "angle_final": -0.006304747777401629,
    "delta": 0.25,
    "log_entries": [
        "norm1:2.62",
        "norm2:5.71",
        "norm3:9.61",
        "norm4:13.87",
        "norm5:18.24",
        " ",
        " ",
        " ",
        " ",
        " ",
        " ",
        " ",
        " ",
        " ",
        " ",
        " ",
        " ",
        " ",
        " ",
        " "
    ],
    "agent": "only_traj",
    "steer_traj": -0.009286725805997407,
    "throttle_traj": 0.75,
    "brake_traj": 0.0,
    "plan": [
        [
            0.02407308667898178,
            1.3413362503051758
        ],
        [
            -0.008151814341545105,
            3.9003584384918213
        ],
        [
            -0.07452026754617691,
            7.5243730545043945
        ],
        [
            -0.3434253931045532,
            11.694026947021484
        ],
        [
            -0.5766822099685669,
            16.02788734436035
        ],
        [
            -0.8282582759857178,
            20.42200469970703
        ]
    ],
    "command": 3,
    "redefined_command": 3,
    "cmd_softmax_output": [
        0.9999328851699829,
        6.209007551660761e-05,
        4.951307801093208e-06
    ],
    "all_plan": [
        [
            [
                0.0701838955283165,
                1.519478678703308
            ],
            [
                0.061697542667388916,
                4.094945430755615
            ],
            [
                -0.0039748623967170715,
                7.614994525909424
            ],
            [
                -0.4037979543209076,
                11.56332778930664
            ],
            [
                -0.7317057251930237,
                15.682483673095703
            ],
            [
                -1.0685229301452637,
                19.86187744140625
            ]
        ],
        [
            [
                0.06774135679006577,
                1.5053017139434814
            ],
            [
                0.054671257734298706,
                4.048144340515137
            ],
            [
                -0.012869946658611298,
                7.520718097686768
            ],
            [
                -0.4015022814273834,
                11.416004180908203
            ],
            [
                -0.7163547873497009,
                15.475006103515625
            ],
            [
                -1.0363774299621582,
                19.591102600097656
            ]
        ],
        [
            [
                0.04049936681985855,
                1.4610334634780884
            ],
            [
                0.009174451231956482,
                4.08621883392334
            ],
            [
                -0.06562115997076035,
                7.736691474914551
            ],
            [
                -0.40436261892318726,
                11.884109497070312
            ],
            [
                -0.6870238780975342,
                16.191606521606445
            ],
            [
                -0.9810347557067871,
                20.55203628540039
            ]
        ],
        [
            [
                0.02407308667898178,
                1.3413362503051758
            ],
            [
                -0.008151814341545105,
                3.9003584384918213
            ],
            [
                -0.07452026754617691,
                7.5243730545043945
            ],
            [
                -0.3434253931045532,
                11.694026947021484
            ],
            [
                -0.5766822099685669,
                16.02788734436035
            ],
            [
                -0.8282582759857178,
                20.42200469970703
            ]
        ],
        [
            [
                0.05118691921234131,
                1.5241894721984863
            ],
            [
                0.0201320368796587,
                4.126328468322754
            ],
            [
                -0.06272981315851212,
                7.686829566955566
            ],
            [
                -0.46224701404571533,
                11.678251266479492
            ],
            [
                -0.7957591414451599,
                15.821989059448242
            ],
            [
                -1.1324241161346436,
                20.00931167602539
            ]
        ],
        [
            [
                0.07559861987829208,
                1.608506679534912
            ],
            [
                0.06673028320074081,
                4.169866561889648
            ],
            [
                0.004900142550468445,
                7.5808868408203125
            ],
            [
                -0.3759986162185669,
                11.36335277557373
            ],
            [
                -0.6778726577758789,
                15.302162170410156
            ],
            [
                -0.9819415807723999,
                19.290237426757812
            ]
        ]
    ],
    "tl_trigger": 6.081490369069797e-07,
    "tl_status": 0
}