{
    "speed": 1.3171235043057036e-12,
    "steer": -0.0297195203602314,
    "throttle": 0.0,
    "brake": 1.0,
    "wp_6": [
        -0.01217937096953392,
        0.33643949031829834
    ],
    "wp_5": [
        -0.007019327022135258,
        0.22722722589969635
    ],
    "wp_4": [
        -0.0051423367112874985,
        0.19024628400802612
    ],
    "wp_3": [
        -0.004179657902568579,
        0.13972291350364685
    ],
    "wp_2": [
        -0.004609107039868832,
        0.10989292711019516
    ],
    "wp_1": [
        -0.0011193150421604514,
        0.08902052044868469
    ],
    "aim": [
        -0.007019327022135258,
        0.22722722589969635
    ],
    "target": [
        -0.1983566103818071,
        4.352722248182165
    ],
    "desired_speed": 0.09915615767240524,
    "angle": -0.019659664879546006,
    "angle_last": -0.030056502943148638,
    "angle_target": -0.028991152781143267,
    "angle_final": -0.019659664879546006,
    "delta": 0.09915615767108811,
    "log_entries": [
        "norm1:0.10",
        "norm2:0.12",
        "norm3:0.17",
        "norm4:0.21",
        "norm5:0.28",
        " ",
        " ",
        " ",
        " ",
        " ",
        " "
    ],
    "agent": "only_traj",
    "steer_traj": -0.029719519592136038,
    "throttle_traj": 0.0,
    "brake_traj": 1.0,
    "plan": [
        [
            -0.0011193150421604514,
            0.08902052044868469
        ],
        [
            -0.004609107039868832,
            0.10989292711019516
        ],
        [
            -0.004179657902568579,
            0.13972291350364685
        ],
        [
            -0.0051423367112874985,
            0.19024628400802612
        ],
        [
            -0.007019327022135258,
            0.22722722589969635
        ],
        [
            -0.01217937096953392,
            0.33643949031829834
        ]
    ],
    "command": 3,
    "redefined_command": 3,
    "cmd_softmax_output": [
        0.9999599456787109,
        3.859533171635121e-05,
        1.414850430592196e-06
    ],
    "all_plan": [
        [
            [
                0.03912297636270523,
                0.2796210050582886
            ],
            [
                0.03858201950788498,
                0.6938362121582031
            ],
            [
                0.044085025787353516,
                1.3299680948257446
            ],
            [
                -0.06167835742235184,
                1.950078010559082
            ],
            [
                -0.04777425527572632,
                2.6648027896881104
            ],
            [
                -0.06768527626991272,
                3.5699920654296875
            ]
        ],
        [
            [
                0.03620102256536484,
                0.2284170687198639
            ],
            [
                0.029871713370084763,
                0.5483796000480652
            ],
            [
                0.032239921391010284,
                1.0684000253677368
            ],
            [
                -0.05573434382677078,
                1.5548981428146362
            ],
            [
                -0.05317474156618118,
                2.141653537750244
            ],
            [
                -0.07806413620710373,
                2.9316036701202393
            ]
        ],
        [
            [
                -0.0043341186828911304,
                0.176636204123497
            ],
            [
                -0.006582268979400396,
                0.3033849000930786
            ],
            [
                -0.004945103079080582,
                0.396314799785614
            ],
            [
                -0.0018712342716753483,
                0.4711345136165619
            ],
            [
                0.018267488107085228,
                0.5584813356399536
            ],
            [
                0.026201732456684113,
                0.7049591541290283
            ]
        ],
        [
            [
                -0.0011193150421604514,
                0.08902052044868469
            ],
            [
                -0.004609107039868832,
                0.10989292711019516
            ],
            [
                -0.004179657902568579,
                0.13972291350364685
            ],
            [
                -0.0051423367112874985,
                0.19024628400802612
            ],
            [
                -0.007019327022135258,
                0.22722722589969635
            ],
            [
                -0.01217937096953392,
                0.33643949031829834
            ]
        ],
        [
            [
                0.02238481491804123,
                0.2894463837146759
            ],
            [
                0.01957557536661625,
                0.6522989273071289
            ],
            [
                0.020151548087596893,
                1.1006003618240356
            ],
            [
                -0.03862803801894188,
                1.4974350929260254
            ],
            [
                -0.01882968656718731,
                1.952834129333496
            ],
            [
                -0.027133774012327194,
                2.590244770050049
            ]
        ],
        [
            [
                0.030124343931674957,
                0.5477113723754883
            ],
            [
                0.0036563891917467117,
                1.18693208694458
            ],
            [
                -0.01008111983537674,
                2.0012333393096924
            ],
            [
                -0.12323503941297531,
                2.717292070388794
            ],
            [
                -0.1615152806043625,
                3.4740540981292725
            ],
            [
                -0.24029508233070374,
                4.337432861328125
            ]
        ]
    ],
    "tl_trigger": 0.9999979734420776,
    "tl_status": 0
}