{
    "speed": 5.215367004122277,
    "steer": -0.006282527931034565,
    "throttle": 0.75,
    "brake": 0.0,
    "wp_6": [
        -1.758307695388794,
        15.726522445678711
    ],
    "wp_5": [
        -1.5742331743240356,
        13.433960914611816
    ],
    "wp_4": [
        -1.2478145360946655,
        10.727240562438965
    ],
    "wp_3": [
        -0.5741428136825562,
        7.760951519012451
    ],
    "wp_2": [
        -0.23756225407123566,
        5.035405158996582
    ],
    "wp_1": [
        -0.006558671593666077,
        2.388197898864746
    ],
    "aim": [
        -0.006558671593666077,
        2.388197898864746
    ],
    "target": [
        0.7706597602235767,
        8.705142317282055
    ],
    "desired_speed": 5.38864574432373,
    "angle": -0.0017483285820861225,
    "angle_last": -0.051006059165411746,
    "angle_target": 0.05621292462526375,
    "angle_final": -0.0017483285820861225,
    "delta": 0.17327874020145284,
    "log_entries": [
        "norm1:3.71",
        "norm2:6.41",
        "norm3:9.29",
        "norm4:12.16",
        "norm5:14.68",
        " ",
        " ",
        " ",
        " ",
        " ",
        " ",
        " ",
        " ",
        " ",
        " ",
        " ",
        " ",
        " ",
        " ",
        " ",
        " ",
        " ",
        " ",
        " ",
        " ",
        " "
    ],
    "agent": "only_traj",
    "steer_traj": -0.006282528002464756,
    "throttle_traj": 0.75,
    "brake_traj": 0.0,
    "plan": [
        [
            -0.006558671593666077,
            2.388197898864746
        ],
        [
            -0.23756225407123566,
            5.035405158996582
        ],
        [
            -0.5741428136825562,
            7.760951519012451
        ],
        [
            -1.2478145360946655,
            10.727240562438965
        ],
        [
            -1.5742331743240356,
            13.433960914611816
        ],
        [
            -1.758307695388794,
            15.726522445678711
        ]
    ],
    "command": 3,
    "redefined_command": 4,
    "cmd_softmax_output": [
        0.07821156829595566,
        0.9217091798782349,
        7.928098784759641e-05
    ],
    "all_plan": [
        [
            [
                0.021537385880947113,
                2.361609935760498
            ],
            [
                -0.1569635272026062,
                4.860567569732666
            ],
            [
                -0.4671691358089447,
                7.352237224578857
            ],
            [
                -1.1056463718414307,
                10.104209899902344
            ],
            [
                -1.4650754928588867,
                12.53368854522705
            ],
            [
                -1.7115278244018555,
                14.521124839782715
            ]
        ],
        [
            [
                0.006773509085178375,
                2.3387813568115234
            ],
            [
                -0.20660114288330078,
                4.898953437805176
            ],
            [
                -0.5362143516540527,
                7.516590118408203
            ],
            [
                -1.189504861831665,
                10.41571044921875
            ],
            [
                -1.490808129310608,
                13.046784400939941
            ],
            [
                -1.6520581245422363,
                15.27017593383789
            ]
        ],
        [
            [
                -0.018887866288423538,
                2.485682487487793
            ],
            [
                -0.192647784948349,
                5.162203788757324
            ],
            [
                -0.46287450194358826,
                7.861598491668701
            ],
            [
                -0.9491574764251709,
                10.791923522949219
            ],
            [
                -1.2257373332977295,
                13.3007173538208
            ],
            [
                -1.395527958869934,
                15.228948593139648
            ]
        ],
        [
            [
                -0.015255503356456757,
                2.4262728691101074
            ],
            [
                -0.13774417340755463,
                4.935110092163086
            ],
            [
                -0.3421185612678528,
                7.4338483810424805
            ],
            [
                -0.7547496557235718,
                10.148564338684082
            ],
            [
                -0.9935629367828369,
                12.414073944091797
            ],
            [
                -1.1644495725631714,
                14.105053901672363
            ]
        ],
        [
            [
                -0.006558671593666077,
                2.388197898864746
            ],
            [
                -0.23756225407123566,
                5.035405158996582
            ],
            [
                -0.5741428136825562,
                7.760951519012451
            ],
            [
                -1.2478145360946655,
                10.727240562438965
            ],
            [
                -1.5742331743240356,
                13.433960914611816
            ],
            [
                -1.758307695388794,
                15.726522445678711
            ]
        ],
        [
            [
                0.024943821132183075,
                2.3137636184692383
            ],
            [
                -0.19910922646522522,
                4.801877975463867
            ],
            [
                -0.5599073767662048,
                7.345287322998047
            ],
            [
                -1.317667007446289,
                10.168150901794434
            ],
            [
                -1.6826257705688477,
                12.73095703125
            ],
            [
                -1.9027655124664307,
                14.899489402770996
            ]
        ]
    ],
    "tl_trigger": 4.904337629341171e-07,
    "tl_status": 0
}