{
    "speed": 6.244221979574555,
    "steer": -0.6954084634780884,
    "throttle": 0.75,
    "brake": 0.0,
    "wp_6": [
        -6.900382995605469,
        25.05784034729004
    ],
    "wp_5": [
        -5.546482563018799,
        20.950536727905273
    ],
    "wp_4": [
        -3.6887636184692383,
        16.810379028320312
    ],
    "wp_3": [
        -0.9843631982803345,
        13.033988952636719
    ],
    "wp_2": [
        -0.2788064181804657,
        8.622105598449707
    ],
    "wp_1": [
        0.11115393787622452,
        4.391049385070801
    ],
    "aim": [
        -3.6887636184692383,
        16.810379028320312
    ],
    "target": [
        -3.7243078782606407,
        2.2220873577093814
    ],
    "desired_speed": 8.889740371704102,
    "angle": -0.13751624860991316,
    "angle_last": -0.20270994889174018,
    "angle_target": -0.6575313623514266,
    "angle_final": -0.6575313623514266,
    "delta": 0.25,
    "log_entries": [
        "norm1:6.51",
        "norm2:10.85",
        "norm3:15.10",
        "norm4:19.44",
        "norm5:23.83",
        " ",
        " ",
        " "
    ],
    "agent": "only_traj",
    "steer_traj": -0.6954084815908509,
    "throttle_traj": 0.75,
    "brake_traj": 0.0,
    "plan": [
        [
            0.11115393787622452,
            4.391049385070801
        ],
        [
            -0.2788064181804657,
            8.622105598449707
        ],
        [
            -0.9843631982803345,
            13.033988952636719
        ],
        [
            -3.6887636184692383,
            16.810379028320312
        ],
        [
            -5.546482563018799,
            20.950536727905273
        ],
        [
            -6.900382995605469,
            25.05784034729004
        ]
    ],
    "command": 4,
    "redefined_command": 4,
    "cmd_softmax_output": [
        0.005029314197599888,
        0.9938963055610657,
        0.0010743981692939997
    ],
    "all_plan": [
        [
            [
                0.23291973769664764,
                4.082309246063232
            ],
            [
                -0.5043221712112427,
                7.88979434967041
            ],
            [
                -1.5203742980957031,
                11.623503684997559
            ],
            [
                -4.430093765258789,
                14.5257568359375
            ],
            [
                -6.773237228393555,
                17.52699851989746
            ],
            [
                -8.746535301208496,
                20.43720245361328
            ]
        ],
        [
            [
                0.2927948236465454,
                4.3005805015563965
            ],
            [
                -0.014257490634918213,
                8.352710723876953
            ],
            [
                -0.6363107562065125,
                12.50992488861084
            ],
            [
                -3.463977336883545,
                15.925548553466797
            ],
            [
                -5.373660087585449,
                19.806438446044922
            ],
            [
                -6.729126930236816,
                23.707609176635742
            ]
        ],
        [
            [
                0.22279289364814758,
                4.597358226776123
            ],
            [
                0.031087294220924377,
                8.948280334472656
            ],
            [
                -0.45682334899902344,
                13.431747436523438
            ],
            [
                -2.6015262603759766,
                17.409461975097656
            ],
            [
                -4.021660327911377,
                21.841350555419922
            ],
            [
                -4.955660820007324,
                26.314289093017578
            ]
        ],
        [
            [
                -0.02457331120967865,
                4.13175630569458
            ],
            [
                -0.3916088938713074,
                8.015634536743164
            ],
            [
                -1.0073802471160889,
                11.933528900146484
            ],
            [
                -2.846050262451172,
                15.343485832214355
            ],
            [
                -4.196438312530518,
                18.963096618652344
            ],
            [
                -5.183394908905029,
                22.59147834777832
            ]
        ],
        [
            [
                0.11115393787622452,
                4.391049385070801
            ],
            [
                -0.2788064181804657,
                8.622105598449707
            ],
            [
                -0.9843631982803345,
                13.033988952636719
            ],
            [
                -3.6887636184692383,
                16.810379028320312
            ],
            [
                -5.546482563018799,
                20.950536727905273
            ],
            [
                -6.900382995605469,
                25.05784034729004
            ]
        ],
        [
            [
                0.2627323567867279,
                4.133938789367676
            ],
            [
                -0.347730427980423,
                8.01784896850586
            ],
            [
                -1.2187836170196533,
                11.880609512329102
            ],
            [
                -4.512957572937012,
                14.79853343963623
            ],
            [
                -6.960412979125977,
                18.02069091796875
            ],
            [
                -8.919921875,
                21.167118072509766
            ]
        ]
    ],
    "tl_trigger": 1.0677572390704881e-05,
    "tl_status": 0
}