{
    "speed": 7.117007831392037,
    "steer": -0.09132017940282822,
    "throttle": 0.6333667039871216,
    "brake": 0.0,
    "wp_6": [
        0.3556654155254364,
        20.61635398864746
    ],
    "wp_5": [
        0.24439039826393127,
        16.856882095336914
    ],
    "wp_4": [
        0.162887305021286,
        13.034984588623047
    ],
    "wp_3": [
        0.2293245494365692,
        9.317486763000488
    ],
    "wp_2": [
        0.09382359683513641,
        5.766238212585449
    ],
    "wp_1": [
        0.03895037621259689,
        2.5861573219299316
    ],
    "aim": [
        0.162887305021286,
        13.034984588623047
    ],
    "target": [
        -2.9786640335457233,
        15.767772450983374
    ],
    "desired_speed": 7.214545154571534,
    "angle": 0.007954865825806326,
    "angle_last": 0.018837558012369197,
    "angle_target": -0.11886208786825525,
    "angle_final": 0.007954865825806326,
    "delta": 0.09753732317949648,
    "log_entries": [
        "norm1:4.18",
        "norm2:7.54",
        "norm3:11.18",
        "norm4:14.95",
        "norm5:18.74",
        " ",
        " ",
        " ",
        " ",
        " ",
        " ",
        " ",
        " ",
        " ",
        " ",
        " ",
        " ",
        " ",
        " ",
        " ",
        " ",
        " ",
        " ",
        " ",
        " ",
        " "
    ],
    "agent": "only_traj",
    "steer_traj": -0.09132017609378064,
    "throttle_traj": 0.633366698148915,
    "brake_traj": 0.0,
    "plan": [
        [
            0.03895037621259689,
            2.5861573219299316
        ],
        [
            0.09382359683513641,
            5.766238212585449
        ],
        [
            0.2293245494365692,
            9.317486763000488
        ],
        [
            0.162887305021286,
            13.034984588623047
        ],
        [
            0.24439039826393127,
            16.856882095336914
        ],
        [
            0.3556654155254364,
            20.61635398864746
        ]
    ],
    "command": 2,
    "redefined_command": 2,
    "cmd_softmax_output": [
        0.3180471360683441,
        0.6819068789482117,
        4.599040767061524e-05
    ],
    "all_plan": [
        [
            [
                0.10028261691331863,
                2.488048553466797
            ],
            [
                0.13866129517555237,
                5.484553337097168
            ],
            [
                0.18898697197437286,
                8.81301212310791
            ],
            [
                -0.12021742761135101,
                12.247809410095215
            ],
            [
                -0.23327267169952393,
                15.807374954223633
            ],
            [
                -0.3127521574497223,
                19.280431747436523
            ]
        ],
        [
            [
                0.07447423785924911,
                2.645084857940674
            ],
            [
                0.11167903989553452,
                5.66480827331543
            ],
            [
                0.24647971987724304,
                8.933320999145508
            ],
            [
                0.06946824491024017,
                12.35180377960205
            ],
            [
                0.25162672996520996,
                16.025014877319336
            ],
            [
                0.4844205379486084,
                19.725522994995117
            ]
        ],
        [
            [
                0.03895037621259689,
                2.5861573219299316
            ],
            [
                0.09382359683513641,
                5.766238212585449
            ],
            [
                0.2293245494365692,
                9.317486763000488
            ],
            [
                0.162887305021286,
                13.034984588623047
            ],
            [
                0.24439039826393127,
                16.856882095336914
            ],
            [
                0.3556654155254364,
                20.61635398864746
            ]
        ],
        [
            [
                0.11375632137060165,
                2.580900192260742
            ],
            [
                0.2093934714794159,
                5.61334228515625
            ],
            [
                0.315717875957489,
                8.874185562133789
            ],
            [
                0.23413696885108948,
                12.277007102966309
            ],
            [
                0.2926173806190491,
                15.69198226928711
            ],
            [
                0.39510995149612427,
                18.98444175720215
            ]
        ],
        [
            [
                0.0016613454790785909,
                2.7888145446777344
            ],
            [
                -0.018180442973971367,
                6.062071323394775
            ],
            [
                0.05370784550905228,
                9.646492958068848
            ],
            [
                -0.1112411692738533,
                13.357381820678711
            ],
            [
                -0.05748361349105835,
                17.24439811706543
            ],
            [
                0.030675195157527924,
                21.111831665039062
            ]
        ],
        [
            [
                0.16403675079345703,
                2.7679762840270996
            ],
            [
                0.19436466693878174,
                5.773247718811035
            ],
            [
                0.26351362466812134,
                8.993613243103027
            ],
            [
                -0.23284170031547546,
                12.267169952392578
            ],
            [
                -0.2554332911968231,
                15.861847877502441
            ],
            [
                -0.18897956609725952,
                19.477174758911133
            ]
        ]
    ],
    "tl_trigger": 7.021768624326796e-07,
    "tl_status": 0
}