{
    "speed": 6.93438309043723,
    "steer": -0.0011719525791704655,
    "throttle": 0.75,
    "brake": 0.0,
    "wp_6": [
        0.0391005277633667,
        22.888656616210938
    ],
    "wp_5": [
        0.030853483825922012,
        19.263526916503906
    ],
    "wp_4": [
        -0.011324767023324966,
        15.419050216674805
    ],
    "wp_3": [
        -0.03779546916484833,
        11.50874137878418
    ],
    "wp_2": [
        -0.03588341921567917,
        7.647138595581055
    ],
    "wp_1": [
        -0.02090459316968918,
        3.816964626312256
    ],
    "aim": [
        -0.011324767023324966,
        15.419050216674805
    ],
    "target": [
        -0.3025240033614961,
        51.75314464736722
    ],
    "desired_speed": 7.62882080078125,
    "angle": -0.0004675922217179536,
    "angle_last": 0.0014482758404706232,
    "angle_target": -0.0037213307495666944,
    "angle_final": -0.0004675922217179536,
    "delta": 0.25,
    "agent": "only_traj",
    "steer_traj": -0.001171952574318055,
    "throttle_traj": 0.75,
    "brake_traj": 0.0,
    "plan": [
        [
            -0.02090459316968918,
            3.816964626312256
        ],
        [
            -0.03588341921567917,
            7.647138595581055
        ],
        [
            -0.03779546916484833,
            11.50874137878418
        ],
        [
            -0.011324767023324966,
            15.419050216674805
        ],
        [
            0.030853483825922012,
            19.263526916503906
        ],
        [
            0.0391005277633667,
            22.888656616210938
        ]
    ],
    "command": 3,
    "all_plan": [
        [
            [
                -0.009206101298332214,
                3.825611114501953
            ],
            [
                -0.024774154648184776,
                7.672469139099121
            ],
            [
                -0.03017745539546013,
                11.5460786819458
            ],
            [
                -0.03315851092338562,
                15.451874732971191
            ],
            [
                -0.008453363552689552,
                19.309755325317383
            ],
            [
                -0.012519031763076782,
                22.967317581176758
            ]
        ],
        [
            [
                -0.013370409607887268,
                3.772439479827881
            ],
            [
                -0.028429051861166954,
                7.565891742706299
            ],
            [
                -0.03204123303294182,
                11.380521774291992
            ],
            [
                -0.021057456731796265,
                15.232640266418457
            ],
            [
                0.013786323368549347,
                19.0373592376709
            ],
            [
                0.023323627188801765,
                22.646528244018555
            ]
        ],
        [
            [
                -0.029875732958316803,
                3.84857177734375
            ],
            [
                -0.048839181661605835,
                7.740394592285156
            ],
            [
                -0.051093898713588715,
                11.662641525268555
            ],
            [
                -0.012791585177183151,
                15.640188217163086
            ],
            [
                0.03471359238028526,
                19.553974151611328
            ],
            [
                0.04792272299528122,
                23.260705947875977
            ]
        ],
        [
            [
                -0.02090459316968918,
                3.816964626312256
            ],
            [
                -0.03588341921567917,
                7.647138595581055
            ],
            [
                -0.03779546916484833,
                11.50874137878418
            ],
            [
                -0.011324767023324966,
                15.419050216674805
            ],
            [
                0.030853483825922012,
                19.263526916503906
            ],
            [
                0.0391005277633667,
                22.888656616210938
            ]
        ],
        [
            [
                -0.038838788866996765,
                3.8064651489257812
            ],
            [
                -0.06909432262182236,
                7.643757343292236
            ],
            [
                -0.08244167268276215,
                11.508004188537598
            ],
            [
                -0.047988031059503555,
                15.418537139892578
            ],
            [
                -0.012523289769887924,
                19.27103042602539
            ],
            [
                -0.013889940455555916,
                22.922697067260742
            ]
        ],
        [
            [
                -0.011449500918388367,
                3.7519078254699707
            ],
            [
                -0.020719846710562706,
                7.536851406097412
            ],
            [
                -0.01519782468676567,
                11.331084251403809
            ],
            [
                0.005436629056930542,
                15.15870475769043
            ],
            [
                0.05148256570100784,
                18.94520378112793
            ],
            [
                0.0735609233379364,
                22.556716918945312
            ]
        ]
    ],
    "tl_trigger": 4.911250357508834e-07,
    "tl_status": 0
}