{
    "speed": 11.334158602462027,
    "steer": -0.00015969452215358615,
    "throttle": 0.043493203818798065,
    "brake": 0.0,
    "wp_6": [
        0.04995909333229065,
        34.096126556396484
    ],
    "wp_5": [
        0.06219650059938431,
        28.467363357543945
    ],
    "wp_4": [
        0.06645134091377258,
        22.877267837524414
    ],
    "wp_3": [
        -0.0027790702879428864,
        17.440013885498047
    ],
    "wp_2": [
        -0.01775304786860943,
        11.808280944824219
    ],
    "wp_1": [
        -0.02526087313890457,
        6.0083699226379395
    ],
    "aim": [
        0.06645134091377258,
        22.877267837524414
    ],
    "target": [
        0.4615972593898851,
        14.535765397664441
    ],
    "desired_speed": 11.235294914245605,
    "angle": 0.0018492079447503713,
    "angle_last": -0.001384051826352109,
    "angle_target": 0.020209683703989716,
    "angle_final": 0.0018492079447503713,
    "delta": 0.0,
    "agent": "only_traj",
    "steer_traj": -0.00015969451836863593,
    "throttle_traj": 0.04349320510003367,
    "brake_traj": 0.0,
    "plan": [
        [
            -0.02526087313890457,
            6.0083699226379395
        ],
        [
            -0.01775304786860943,
            11.808280944824219
        ],
        [
            -0.0027790702879428864,
            17.440013885498047
        ],
        [
            0.06645134091377258,
            22.877267837524414
        ],
        [
            0.06219650059938431,
            28.467363357543945
        ],
        [
            0.04995909333229065,
            34.096126556396484
        ]
    ],
    "command": 3,
    "all_plan": [
        [
            [
                0.09243366867303848,
                5.837179660797119
            ],
            [
                0.14343512058258057,
                11.458017349243164
            ],
            [
                0.15447477996349335,
                16.946760177612305
            ],
            [
                -0.02354326844215393,
                22.253381729125977
            ],
            [
                -0.12974482774734497,
                27.8076229095459
            ],
            [
                -0.18823149800300598,
                33.43120574951172
            ]
        ],
        [
            [
                0.08190950006246567,
                5.8906941413879395
            ],
            [
                0.17414718866348267,
                11.616601943969727
            ],
            [
                0.2501802444458008,
                17.256420135498047
            ],
            [
                0.12200556695461273,
                22.67892837524414
            ],
            [
                0.08109154552221298,
                28.442564010620117
            ],
            [
                0.08601902425289154,
                34.346858978271484
            ]
        ],
        [
            [
                0.02453657239675522,
                5.860790252685547
            ],
            [
                0.06136202812194824,
                11.627455711364746
            ],
            [
                0.09155073016881943,
                17.296859741210938
            ],
            [
                0.1393408179283142,
                22.85512351989746
            ],
            [
                0.13508400321006775,
                28.573856353759766
            ],
            [
                0.13474631309509277,
                34.29766845703125
            ]
        ],
        [
            [
                -0.02526087313890457,
                6.0083699226379395
            ],
            [
                -0.01775304786860943,
                11.808280944824219
            ],
            [
                -0.0027790702879428864,
                17.440013885498047
            ],
            [
                0.06645134091377258,
                22.877267837524414
            ],
            [
                0.06219650059938431,
                28.467363357543945
            ],
            [
                0.04995909333229065,
                34.096126556396484
            ]
        ],
        [
            [
                0.023211143910884857,
                5.894455909729004
            ],
            [
                0.025844739750027657,
                11.6493558883667
            ],
            [
                0.005041208118200302,
                17.32868194580078
            ],
            [
                -0.18623052537441254,
                22.84618377685547
            ],
            [
                -0.3152274489402771,
                28.618911743164062
            ],
            [
                -0.3982597291469574,
                34.4611930847168
            ]
        ],
        [
            [
                0.08195728808641434,
                5.775766849517822
            ],
            [
                0.16665318608283997,
                11.37047004699707
            ],
            [
                0.24381116032600403,
                16.880502700805664
            ],
            [
                0.0704047828912735,
                22.1718692779541
            ],
            [
                0.03613840788602829,
                27.812801361083984
            ],
            [
                0.05481161177158356,
                33.60591506958008
            ]
        ]
    ],
    "tl_trigger": 4.583988584272447e-07,
    "tl_status": 0
}