{
    "speed": 7.128637395778538,
    "steer": -0.0027092790696769953,
    "throttle": 0.06979868561029434,
    "brake": 0.0,
    "wp_6": [
        0.17907121777534485,
        20.717666625976562
    ],
    "wp_5": [
        0.14288198947906494,
        17.638853073120117
    ],
    "wp_4": [
        0.09417474269866943,
        14.241101264953613
    ],
    "wp_3": [
        0.06606598198413849,
        10.659676551818848
    ],
    "wp_2": [
        0.0416184738278389,
        7.113461494445801
    ],
    "wp_1": [
        0.021113649010658264,
        3.551572322845459
    ],
    "aim": [
        0.0416184738278389,
        7.113461494445801
    ],
    "target": [
        0.5917483660974444,
        26.79651996966179
    ],
    "desired_speed": 6.866763973236085,
    "angle": 0.003724626108854317,
    "angle_last": 0.007482672081186111,
    "angle_target": 0.01405620922233082,
    "angle_final": 0.003724626108854317,
    "delta": 0.0,
    "log_entries": [
        "norm1:5.33",
        "norm2:8.89",
        "norm3:12.45",
        "norm4:15.94",
        "norm5:19.18",
        " ",
        " ",
        " ",
        " ",
        " ",
        " ",
        " ",
        " ",
        " ",
        " ",
        " ",
        " ",
        " ",
        " ",
        " ",
        " ",
        " ",
        " ",
        " ",
        " ",
        " "
    ],
    "agent": "only_traj",
    "steer_traj": -0.002709278964270659,
    "throttle_traj": 0.0697986832345259,
    "brake_traj": 0.0,
    "plan": [
        [
            0.021113649010658264,
            3.551572322845459
        ],
        [
            0.0416184738278389,
            7.113461494445801
        ],
        [
            0.06606598198413849,
            10.659676551818848
        ],
        [
            0.09417474269866943,
            14.241101264953613
        ],
        [
            0.14288198947906494,
            17.638853073120117
        ],
        [
            0.17907121777534485,
            20.717666625976562
        ]
    ],
    "command": 3,
    "redefined_command": 3,
    "cmd_softmax_output": [
        0.999232292175293,
        0.000744880991987884,
        2.2904945581103675e-05
    ],
    "all_plan": [
        [
            [
                0.05899980664253235,
                3.460334300994873
            ],
            [
                0.10279900580644608,
                6.953275680541992
            ],
            [
                0.14554950594902039,
                10.428434371948242
            ],
            [
                0.13643361628055573,
                13.92764949798584
            ],
            [
                0.18505918979644775,
                17.282182693481445
            ],
            [
                0.23930880427360535,
                20.36039161682129
            ]
        ],
        [
            [
                0.05420491099357605,
                3.4230051040649414
            ],
            [
                0.10534823685884476,
                6.929678916931152
            ],
            [
                0.16467788815498352,
                10.41887092590332
            ],
            [
                0.1791277378797531,
                13.9479341506958
            ],
            [
                0.2486264407634735,
                17.326976776123047
            ],
            [
                0.3277743458747864,
                20.421382904052734
            ]
        ],
        [
            [
                0.030463971197605133,
                3.5557656288146973
            ],
            [
                0.06037311255931854,
                7.158970355987549
            ],
            [
                0.09952206164598465,
                10.77613639831543
            ],
            [
                0.11775277554988861,
                14.43379020690918
            ],
            [
                0.1820598840713501,
                18.007610321044922
            ],
            [
                0.23626777529716492,
                21.36813735961914
            ]
        ],
        [
            [
                0.021113649010658264,
                3.551572322845459
            ],
            [
                0.0416184738278389,
                7.113461494445801
            ],
            [
                0.06606598198413849,
                10.659676551818848
            ],
            [
                0.09417474269866943,
                14.241101264953613
            ],
            [
                0.14288198947906494,
                17.638853073120117
            ],
            [
                0.17907121777534485,
                20.717666625976562
            ]
        ],
        [
            [
                0.023737795650959015,
                3.4818010330200195
            ],
            [
                0.04532933980226517,
                7.039115905761719
            ],
            [
                0.0797494575381279,
                10.606512069702148
            ],
            [
                0.0914568305015564,
                14.207822799682617
            ],
            [
                0.14059317111968994,
                17.712688446044922
            ],
            [
                0.17916342616081238,
                20.988788604736328
            ]
        ],
        [
            [
                0.0613149031996727,
                3.3511757850646973
            ],
            [
                0.11355923116207123,
                6.798337936401367
            ],
            [
                0.17566373944282532,
                10.243160247802734
            ],
            [
                0.1681050807237625,
                13.721335411071777
            ],
            [
                0.22927984595298767,
                17.092327117919922
            ],
            [
                0.30092501640319824,
                20.212249755859375
            ]
        ]
    ],
    "tl_trigger": 5.348227318791032e-07,
    "tl_status": 0
}