{
    "speed": 3.0261004849026274,
    "steer": -0.013826733455061913,
    "throttle": 0.0,
    "brake": 1.0,
    "wp_6": [
        -0.307864785194397,
        8.471510887145996
    ],
    "wp_5": [
        -0.1867181956768036,
        7.204413890838623
    ],
    "wp_4": [
        -0.13395707309246063,
        5.849038600921631
    ],
    "wp_3": [
        -0.08914930373430252,
        4.4537353515625
    ],
    "wp_2": [
        -0.04798227548599243,
        3.169093608856201
    ],
    "wp_1": [
        -0.0263731237500906,
        1.7171813249588013
    ],
    "aim": [
        -0.04798227548599243,
        3.169093608856201
    ],
    "target": [
        0.6950357921950584,
        7.4447287982190495
    ],
    "desired_speed": 2.705069589614868,
    "angle": -0.009638107765340185,
    "angle_last": -0.06068246405355959,
    "angle_target": 0.059262693084347944,
    "angle_final": -0.009638107765340185,
    "delta": 0.0,
    "log_entries": [
        "norm1:2.44",
        "norm2:3.81",
        "norm3:5.15",
        "norm4:6.53",
        "norm5:7.84",
        " ",
        " ",
        " ",
        " ",
        " ",
        " ",
        " ",
        " ",
        " ",
        " ",
        " ",
        " ",
        " ",
        " ",
        " "
    ],
    "agent": "only_traj",
    "steer_traj": -0.013826733764662022,
    "throttle_traj": 0.0,
    "brake_traj": 1.0,
    "plan": [
        [
            -0.0263731237500906,
            1.7171813249588013
        ],
        [
            -0.04798227548599243,
            3.169093608856201
        ],
        [
            -0.08914930373430252,
            4.4537353515625
        ],
        [
            -0.13395707309246063,
            5.849038600921631
        ],
        [
            -0.1867181956768036,
            7.204413890838623
        ],
        [
            -0.307864785194397,
            8.471510887145996
        ]
    ],
    "command": 3,
    "redefined_command": 3,
    "cmd_softmax_output": [
        0.9992353916168213,
        0.0007029261905699968,
        6.172787834657356e-05
    ],
    "all_plan": [
        [
            [
                -0.017945507541298866,
                1.8027538061141968
            ],
            [
                -0.039860982447862625,
                3.1728034019470215
            ],
            [
                -0.07182146608829498,
                4.3286590576171875
            ],
            [
                -0.1367414891719818,
                5.5463643074035645
            ],
            [
                -0.21032704412937164,
                6.725711822509766
            ],
            [
                -0.36086660623550415,
                7.79811954498291
            ]
        ],
        [
            [
                -0.011772971600294113,
                1.7578409910202026
            ],
            [
                -0.024131840094923973,
                3.1457386016845703
            ],
            [
                -0.04471367970108986,
                4.350534915924072
            ],
            [
                -0.08539756387472153,
                5.640850067138672
            ],
            [
                -0.13809263706207275,
                6.880920886993408
            ],
            [
                -0.24916300177574158,
                7.999226093292236
            ]
        ],
        [
            [
                -0.013040747493505478,
                2.035167694091797
            ],
            [
                -0.04338382929563522,
                3.8145647048950195
            ],
            [
                -0.10645462572574615,
                5.367509841918945
            ],
            [
                -0.13596206903457642,
                6.978038311004639
            ],
            [
                -0.22104817628860474,
                8.493386268615723
            ],
            [
                -0.3439479470252991,
                9.885428428649902
            ]
        ],
        [
            [
                -0.0263731237500906,
                1.7171813249588013
            ],
            [
                -0.04798227548599243,
                3.169093608856201
            ],
            [
                -0.08914930373430252,
                4.4537353515625
            ],
            [
                -0.13395707309246063,
                5.849038600921631
            ],
            [
                -0.1867181956768036,
                7.204413890838623
            ],
            [
                -0.307864785194397,
                8.471510887145996
            ]
        ],
        [
            [
                -0.0037495382130146027,
                2.1957247257232666
            ],
            [
                -0.053454626351594925,
                4.135836601257324
            ],
            [
                -0.13791273534297943,
                5.853771209716797
            ],
            [
                -0.2716042995452881,
                7.5884623527526855
            ],
            [
                -0.4394279718399048,
                9.173897743225098
            ],
            [
                -0.6210687160491943,
                10.544143676757812
            ]
        ],
        [
            [
                -9.82506899163127e-05,
                1.987043023109436
            ],
            [
                -0.008748555555939674,
                3.524421215057373
            ],
            [
                -0.02195705473423004,
                4.795966148376465
            ],
            [
                -0.06508170068264008,
                6.0797882080078125
            ],
            [
                -0.1212010309100151,
                7.287498474121094
            ],
            [
                -0.22868379950523376,
                8.366981506347656
            ]
        ]
    ],
    "tl_trigger": 5.685610062755586e-07,
    "tl_status": 0
}