{
    "speed": 1.6640514794774344,
    "steer": -0.00284697487950325,
    "throttle": 0.75,
    "brake": 0.0,
    "wp_6": [
        -0.06245049089193344,
        13.345565795898438
    ],
    "wp_5": [
        -0.057963982224464417,
        10.980743408203125
    ],
    "wp_4": [
        -0.034621141850948334,
        8.416872024536133
    ],
    "wp_3": [
        -0.006515223532915115,
        5.763799667358398
    ],
    "wp_2": [
        0.024461837485432625,
        3.4400320053100586
    ],
    "wp_1": [
        0.021285124123096466,
        1.4947816133499146
    ],
    "aim": [
        -0.034621141850948334,
        8.416872024536133
    ],
    "target": [
        0.6989522268498853,
        51.68898068388652
    ],
    "desired_speed": 4.740501165390015,
    "angle": -0.0026185705733365247,
    "angle_last": -0.001207757054775002,
    "angle_target": 0.008608018259581133,
    "angle_final": -0.0026185705733365247,
    "delta": 0.25,
    "agent": "only_traj",
    "steer_traj": -0.00284697480723452,
    "throttle_traj": 0.75,
    "brake_traj": 0.0,
    "plan": [
        [
            0.021285124123096466,
            1.4947816133499146
        ],
        [
            0.024461837485432625,
            3.4400320053100586
        ],
        [
            -0.006515223532915115,
            5.763799667358398
        ],
        [
            -0.034621141850948334,
            8.416872024536133
        ],
        [
            -0.057963982224464417,
            10.980743408203125
        ],
        [
            -0.06245049089193344,
            13.345565795898438
        ]
    ],
    "command": 3,
    "all_plan": [
        [
            [
                0.07905920594930649,
                1.5950959920883179
            ],
            [
                0.0914989560842514,
                3.5280160903930664
            ],
            [
                0.05379699915647507,
                5.73513126373291
            ],
            [
                -0.08643718808889389,
                8.165534019470215
            ],
            [
                -0.15889312326908112,
                10.608785629272461
            ],
            [
                -0.19991779327392578,
                12.968405723571777
            ]
        ],
        [
            [
                0.06818210333585739,
                1.6229112148284912
            ],
            [
                0.06760457903146744,
                3.6407265663146973
            ],
            [
                0.0326848104596138,
                5.955010890960693
            ],
            [
                -0.10910283774137497,
                8.430841445922852
            ],
            [
                -0.19446657598018646,
                10.950011253356934
            ],
            [
                -0.2502954304218292,
                13.42766284942627
            ]
        ],
        [
            [
                0.04204051196575165,
                1.6368483304977417
            ],
            [
                0.04042463004589081,
                3.8560471534729004
            ],
            [
                0.020715782418847084,
                6.544910907745361
            ],
            [
                -0.09345586597919464,
                9.490438461303711
            ],
            [
                -0.15800029039382935,
                12.51703929901123
            ],
            [
                -0.19875594973564148,
                15.512414932250977
            ]
        ],
        [
            [
                0.021285124123096466,
                1.4947816133499146
            ],
            [
                0.024461837485432625,
                3.4400320053100586
            ],
            [
                -0.006515223532915115,
                5.763799667358398
            ],
            [
                -0.034621141850948334,
                8.416872024536133
            ],
            [
                -0.057963982224464417,
                10.980743408203125
            ],
            [
                -0.06245049089193344,
                13.345565795898438
            ]
        ],
        [
            [
                0.0549173578619957,
                1.7749500274658203
            ],
            [
                0.04932808876037598,
                4.038422584533691
            ],
            [
                0.025242717936635017,
                6.68709659576416
            ],
            [
                -0.12837018072605133,
                9.510345458984375
            ],
            [
                -0.21995407342910767,
                12.43162727355957
            ],
            [
                -0.2889147996902466,
                15.336127281188965
            ]
        ],
        [
            [
                0.08225604146718979,
                1.6833581924438477
            ],
            [
                0.08384454995393753,
                3.7346103191375732
            ],
            [
                0.04993991553783417,
                6.039505958557129
            ],
            [
                -0.11417105793952942,
                8.456924438476562
            ],
            [
                -0.20882466435432434,
                10.91142463684082
            ],
            [
                -0.2668860852718353,
                13.325820922851562
            ]
        ]
    ],
    "tl_trigger": 6.179634510772303e-07,
    "tl_status": 0
}