{
    "speed": 0.23464824030255876,
    "steer": -0.003086620708927512,
    "throttle": 0.75,
    "brake": 0.0,
    "wp_6": [
        -0.006869568955153227,
        1.510545253753662
    ],
    "wp_5": [
        -0.004256708547472954,
        1.1738444566726685
    ],
    "wp_4": [
        -0.009057223796844482,
        1.0081353187561035
    ],
    "wp_3": [
        -0.020712967962026596,
        0.748170793056488
    ],
    "wp_2": [
        -0.023825956508517265,
        0.578846275806427
    ],
    "wp_1": [
        -0.01936492696404457,
        0.41733866930007935
    ],
    "aim": [
        -0.009057223796844482,
        1.0081353187561035
    ],
    "target": [
        -0.9778036702211131,
        2.6999052857660817
    ],
    "desired_speed": 0.43745504021644593,
    "angle": -0.005719324674540758,
    "angle_last": -0.0049401518722238585,
    "angle_target": -0.22120525344219374,
    "angle_final": -0.005719324674540758,
    "delta": 0.20280679991388717,
    "agent": "only_traj",
    "steer_traj": -0.003086620751475904,
    "throttle_traj": 0.75,
    "brake_traj": 0.0,
    "plan": [
        [
            -0.01936492696404457,
            0.41733866930007935
        ],
        [
            -0.023825956508517265,
            0.578846275806427
        ],
        [
            -0.020712967962026596,
            0.748170793056488
        ],
        [
            -0.009057223796844482,
            1.0081353187561035
        ],
        [
            -0.004256708547472954,
            1.1738444566726685
        ],
        [
            -0.006869568955153227,
            1.510545253753662
        ]
    ],
    "command": 3,
    "all_plan": [
        [
            [
                -0.017012976109981537,
                0.7103652358055115
            ],
            [
                -0.012196550145745277,
                1.0311172008514404
            ],
            [
                -0.0008265506476163864,
                1.3318811655044556
            ],
            [
                -0.017924414947628975,
                1.7291041612625122
            ],
            [
                -0.01402362436056137,
                2.079204797744751
            ],
            [
                -0.022835178300738335,
                2.5301642417907715
            ]
        ],
        [
            [
                -0.0066371639259159565,
                0.6085768938064575
            ],
            [
                0.0013172696344554424,
                0.8966553211212158
            ],
            [
                0.012202305719256401,
                1.2271637916564941
            ],
            [
                -0.015324389562010765,
                1.7020385265350342
            ],
            [
                -0.01696302928030491,
                2.1522269248962402
            ],
            [
                -0.025326240807771683,
                2.6892616748809814
            ]
        ],
        [
            [
                -0.02359452098608017,
                0.5428141355514526
            ],
            [
                -0.02805107645690441,
                0.7855368852615356
            ],
            [
                -0.027735576033592224,
                1.0380946397781372
            ],
            [
                -0.0052242763340473175,
                1.410170078277588
            ],
            [
                -0.0017806149553507566,
                1.7296415567398071
            ],
            [
                0.0005515681114047766,
                2.191047191619873
            ]
        ],
        [
            [
                -0.01936492696404457,
                0.41733866930007935
            ],
            [
                -0.023825956508517265,
                0.578846275806427
            ],
            [
                -0.020712967962026596,
                0.748170793056488
            ],
            [
                -0.009057223796844482,
                1.0081353187561035
            ],
            [
                -0.004256708547472954,
                1.1738444566726685
            ],
            [
                -0.006869568955153227,
                1.510545253753662
            ]
        ],
        [
            [
                -0.0278477743268013,
                0.6942880749702454
            ],
            [
                -0.027725761756300926,
                1.1206843852996826
            ],
            [
                -0.03248054161667824,
                1.6172021627426147
            ],
            [
                0.0009352751076221466,
                2.377946615219116
            ],
            [
                0.00555962510406971,
                3.154149293899536
            ],
            [
                0.017672419548034668,
                4.023716926574707
            ]
        ],
        [
            [
                0.01469903253018856,
                1.204918384552002
            ],
            [
                0.03007553145289421,
                1.7624881267547607
            ],
            [
                0.04409044235944748,
                2.131122589111328
            ],
            [
                -0.052211686968803406,
                2.5931544303894043
            ],
            [
                -0.09890994429588318,
                3.011953592300415
            ],
            [
                -0.15858504176139832,
                3.5120089054107666
            ]
        ]
    ],
    "tl_trigger": 5.606343052022567e-07,
    "tl_status": 0
}