{
    "speed": 3.990201596569773,
    "steer": -0.0030547783244401217,
    "throttle": 0.75,
    "brake": 0.0,
    "wp_6": [
        0.04141995310783386,
        16.72692108154297
    ],
    "wp_5": [
        0.02354920469224453,
        15.241904258728027
    ],
    "wp_4": [
        0.02597758173942566,
        12.633792877197266
    ],
    "wp_3": [
        -0.05141014605760574,
        9.214874267578125
    ],
    "wp_2": [
        -0.010787410661578178,
        6.055462837219238
    ],
    "wp_1": [
        -0.015164189040660858,
        3.0039162635803223
    ],
    "aim": [
        -0.015164189040660858,
        3.0039162635803223
    ],
    "target": [
        -0.5307020354783464,
        20.24078453191559
    ],
    "desired_speed": 5.489701414108276,
    "angle": -0.0032137077230169693,
    "angle_last": 0.0076607123455511095,
    "angle_target": -0.016687990518485813,
    "angle_final": -0.0032137077230169693,
    "delta": 0.25,
    "log_entries": [
        "norm1:4.53",
        "norm2:7.64",
        "norm3:10.92",
        "norm4:13.94",
        "norm5:15.98",
        " ",
        " ",
        " "
    ],
    "agent": "only_traj",
    "steer_traj": -0.0030547783916114453,
    "throttle_traj": 0.75,
    "brake_traj": 0.0,
    "plan": [
        [
            -0.015164189040660858,
            3.0039162635803223
        ],
        [
            -0.010787410661578178,
            6.055462837219238
        ],
        [
            -0.05141014605760574,
            9.214874267578125
        ],
        [
            0.02597758173942566,
            12.633792877197266
        ],
        [
            0.02354920469224453,
            15.241904258728027
        ],
        [
            0.04141995310783386,
            16.72692108154297
        ]
    ],
    "command": 3,
    "redefined_command": 3,
    "cmd_softmax_output": [
        0.9998151659965515,
        0.0001816203584894538,
        3.2129989904206013e-06
    ],
    "all_plan": [
        [
            [
                0.022143132984638214,
                2.731494903564453
            ],
            [
                0.023672478273510933,
                5.700921058654785
            ],
            [
                -0.011063521727919579,
                8.739051818847656
            ],
            [
                -0.0021495167165994644,
                11.973432540893555
            ],
            [
                -0.03224881365895271,
                14.71530532836914
            ],
            [
                -0.03288650140166283,
                16.819408416748047
            ]
        ],
        [
            [
                0.044966526329517365,
                2.819498062133789
            ],
            [
                0.07157746702432632,
                5.8362016677856445
            ],
            [
                0.07137395441532135,
                8.86902904510498
            ],
            [
                0.079226553440094,
                12.059953689575195
            ],
            [
                0.07923851162195206,
                14.809038162231445
            ],
            [
                0.11958292126655579,
                16.957881927490234
            ]
        ],
        [
            [
                -0.013835400342941284,
                2.975766658782959
            ],
            [
                -0.017084544524550438,
                6.180051803588867
            ],
            [
                -0.05309726297855377,
                9.500720977783203
            ],
            [
                0.03067215532064438,
                13.066985130310059
            ],
            [
                0.02546435408294201,
                15.951987266540527
            ],
            [
                0.051511250436306,
                17.92999267578125
            ]
        ],
        [
            [
                -0.015164189040660858,
                3.0039162635803223
            ],
            [
                -0.010787410661578178,
                6.055462837219238
            ],
            [
                -0.05141014605760574,
                9.214874267578125
            ],
            [
                0.02597758173942566,
                12.633792877197266
            ],
            [
                0.02354920469224453,
                15.241904258728027
            ],
            [
                0.04141995310783386,
                16.72692108154297
            ]
        ],
        [
            [
                -0.015629984438419342,
                2.9607062339782715
            ],
            [
                -0.03757628798484802,
                6.162683486938477
            ],
            [
                -0.0778362974524498,
                9.424970626831055
            ],
            [
                -0.05544246360659599,
                12.84475326538086
            ],
            [
                -0.10476461052894592,
                15.726628303527832
            ],
            [
                -0.13105839490890503,
                17.879009246826172
            ]
        ],
        [
            [
                0.10040276497602463,
                2.8966188430786133
            ],
            [
                0.16516534984111786,
                5.907952785491943
            ],
            [
                0.203730508685112,
                8.860132217407227
            ],
            [
                0.1688121259212494,
                11.880428314208984
            ],
            [
                0.18154138326644897,
                14.558084487915039
            ],
            [
                0.24948853254318237,
                16.74517250061035
            ]
        ]
    ],
    "tl_trigger": 4.998344138584798e-07,
    "tl_status": 0
}