{
    "speed": 2.298052453516592,
    "steer": 0.0005874185590073466,
    "throttle": 0.0,
    "brake": 1.0,
    "wp_6": [
        0.01703481189906597,
        6.770967483520508
    ],
    "wp_5": [
        0.01945812627673149,
        5.79646110534668
    ],
    "wp_4": [
        -0.018045011907815933,
        4.86946964263916
    ],
    "wp_3": [
        0.011922724545001984,
        3.890115976333618
    ],
    "wp_2": [
        -0.0018114931881427765,
        2.935072422027588
    ],
    "wp_1": [
        -0.013699205592274666,
        1.6958717107772827
    ],
    "aim": [
        0.011922724545001984,
        3.890115976333618
    ],
    "target": [
        0.4179841012476869,
        12.163452692021407
    ],
    "desired_speed": 2.0305885314941405,
    "angle": 0.0019511295453651174,
    "angle_last": -0.0015830380041718137,
    "angle_target": 0.021868155483318434,
    "angle_final": 0.0019511295453651174,
    "delta": 0.0,
    "log_entries": [
        "norm1:2.32",
        "norm2:3.41",
        "norm3:4.38",
        "norm4:5.33",
        "norm5:6.28",
        " ",
        " ",
        " ",
        " ",
        " ",
        " "
    ],
    "agent": "only_traj",
    "steer_traj": 0.0005874185603417777,
    "throttle_traj": 0.0,
    "brake_traj": 1.0,
    "plan": [
        [
            -0.013699205592274666,
            1.6958717107772827
        ],
        [
            -0.0018114931881427765,
            2.935072422027588
        ],
        [
            0.011922724545001984,
            3.890115976333618
        ],
        [
            -0.018045011907815933,
            4.86946964263916
        ],
        [
            0.01945812627673149,
            5.79646110534668
        ],
        [
            0.01703481189906597,
            6.770967483520508
        ]
    ],
    "command": 3,
    "redefined_command": 3,
    "cmd_softmax_output": [
        0.9999208450317383,
        7.627066224813461e-05,
        2.896439355026814e-06
    ],
    "all_plan": [
        [
            [
                -0.011378258466720581,
                2.16394305229187
            ],
            [
                -0.005291204899549484,
                3.549705982208252
            ],
            [
                0.011748561635613441,
                4.355897426605225
            ],
            [
                0.0003547016531229019,
                4.939987659454346
            ],
            [
                0.030763760209083557,
                5.546195983886719
            ],
            [
                0.03804423660039902,
                6.3163743019104
            ]
        ],
        [
            [
                -0.0035936646163463593,
                2.1266350746154785
            ],
            [
                0.009129172191023827,
                3.5081048011779785
            ],
            [
                0.03672979772090912,
                4.320452690124512
            ],
            [
                0.02588043361902237,
                4.8854146003723145
            ],
            [
                0.06780614703893661,
                5.443390369415283
            ],
            [
                0.09114238619804382,
                6.149183750152588
            ]
        ],
        [
            [
                -0.01344393938779831,
                2.0669689178466797
            ],
            [
                0.000758536159992218,
                3.565089702606201
            ],
            [
                0.023037733510136604,
                4.615392684936523
            ],
            [
                0.017922034487128258,
                5.571964740753174
            ],
            [
                0.06973564624786377,
                6.478240013122559
            ],
            [
                0.0893871858716011,
                7.457879066467285
            ]
        ],
        [
            [
                -0.013699205592274666,
                1.6958717107772827
            ],
            [
                -0.0018114931881427765,
                2.935072422027588
            ],
            [
                0.011922724545001984,
                3.890115976333618
            ],
            [
                -0.018045011907815933,
                4.86946964263916
            ],
            [
                0.01945812627673149,
                5.79646110534668
            ],
            [
                0.01703481189906597,
                6.770967483520508
            ]
        ],
        [
            [
                -0.021559007465839386,
                2.2809224128723145
            ],
            [
                -0.014644879847764969,
                3.860849380493164
            ],
            [
                0.006429750472307205,
                4.854318141937256
            ],
            [
                0.014885149896144867,
                5.6370649337768555
            ],
            [
                0.05947388708591461,
                6.393158912658691
            ],
            [
                0.06990077346563339,
                7.291048526763916
            ]
        ],
        [
            [
                0.0120658278465271,
                2.0585551261901855
            ],
            [
                0.033120110630989075,
                3.4096062183380127
            ],
            [
                0.06990209221839905,
                4.211004257202148
            ],
            [
                0.05020996555685997,
                4.745797157287598
            ],
            [
                0.10170507431030273,
                5.263730525970459
            ],
            [
                0.14346736669540405,
                5.895284652709961
            ]
        ]
    ],
    "tl_trigger": 5.117823320688331e-07,
    "tl_status": 0
}