{
    "speed": 9.98502224896363e-10,
    "steer": -0.010393003933131695,
    "throttle": 0.0,
    "brake": 1.0,
    "wp_6": [
        -0.007405349984765053,
        0.31973204016685486
    ],
    "wp_5": [
        -0.00441458635032177,
        0.23923629522323608
    ],
    "wp_4": [
        -0.0036751297302544117,
        0.18431776762008667
    ],
    "wp_3": [
        0.005899291019886732,
        0.16004380583763123
    ],
    "wp_2": [
        0.003915559500455856,
        0.1265271157026291
    ],
    "wp_1": [
        0.004916967824101448,
        0.09557609260082245
    ],
    "aim": [
        -0.00441458635032177,
        0.23923629522323608
    ],
    "target": [
        -0.17980914609675708,
        5.113196390507182
    ],
    "desired_speed": 0.0904445268213749,
    "angle": -0.011746055925187675,
    "angle_last": -0.023642272293589662,
    "angle_target": -0.022377960540354423,
    "angle_final": -0.011746055925187675,
    "delta": 0.09044452582287267,
    "log_entries": [
        "norm1:0.11",
        "norm2:0.14",
        "norm3:0.17",
        "norm4:0.21",
        "norm5:0.28",
        " ",
        " ",
        " ",
        " ",
        " ",
        " ",
        " ",
        " ",
        " "
    ],
    "agent": "only_traj",
    "steer_traj": -0.010393004146870128,
    "throttle_traj": 0.0,
    "brake_traj": 1.0,
    "plan": [
        [
            0.004916967824101448,
            0.09557609260082245
        ],
        [
            0.003915559500455856,
            0.1265271157026291
        ],
        [
            0.005899291019886732,
            0.16004380583763123
        ],
        [
            -0.0036751297302544117,
            0.18431776762008667
        ],
        [
            -0.00441458635032177,
            0.23923629522323608
        ],
        [
            -0.007405349984765053,
            0.31973204016685486
        ]
    ],
    "command": 3,
    "redefined_command": 3,
    "cmd_softmax_output": [
        0.9999557733535767,
        3.897462738677859e-05,
        5.280520781525411e-06
    ],
    "all_plan": [
        [
            [
                0.00036971562076359987,
                0.10023817420005798
            ],
            [
                -0.004824080504477024,
                0.12246154993772507
            ],
            [
                -0.006273441482335329,
                0.13232265412807465
            ],
            [
                -0.0031462227925658226,
                0.11478784680366516
            ],
            [
                -0.004247280769050121,
                0.13578519225120544
            ],
            [
                -0.007382166106253862,
                0.2038123905658722
            ]
        ],
        [
            [
                0.0028624972328543663,
                -0.00933876633644104
            ],
            [
                0.006283840164542198,
                -0.03420030325651169
            ],
            [
                0.009585115127265453,
                0.04910097271203995
            ],
            [
                -0.004588105715811253,
                0.14348948001861572
            ],
            [
                -0.0009467301424592733,
                0.3152908682823181
            ],
            [
                -0.017853593453764915,
                0.5567684769630432
            ]
        ],
        [
            [
                0.0020032613538205624,
                0.05890478193759918
            ],
            [
                0.004040613304823637,
                0.06583984941244125
            ],
            [
                0.0015835044905543327,
                0.06738311052322388
            ],
            [
                -7.287925109267235e-05,
                0.0695614218711853
            ],
            [
                0.002887815935537219,
                0.09943737089633942
            ],
            [
                0.0006907295901328325,
                0.13920237123966217
            ]
        ],
        [
            [
                0.004916967824101448,
                0.09557609260082245
            ],
            [
                0.003915559500455856,
                0.1265271157026291
            ],
            [
                0.005899291019886732,
                0.16004380583763123
            ],
            [
                -0.0036751297302544117,
                0.18431776762008667
            ],
            [
                -0.00441458635032177,
                0.23923629522323608
            ],
            [
                -0.007405349984765053,
                0.31973204016685486
            ]
        ],
        [
            [
                0.004403471015393734,
                -0.026392757892608643
            ],
            [
                0.006170870736241341,
                -0.052053503692150116
            ],
            [
                0.014030098915100098,
                0.07339329272508621
            ],
            [
                -0.007831644266843796,
                0.2094082236289978
            ],
            [
                -0.006224074400961399,
                0.43615710735321045
            ],
            [
                -0.028239596635103226,
                0.7601234316825867
            ]
        ],
        [
            [
                0.005240966100245714,
                0.004218116402626038
            ],
            [
                0.00678987568244338,
                -0.00740186870098114
            ],
            [
                0.014181476086378098,
                0.10802507400512695
            ],
            [
                -0.007581746205687523,
                0.23042482137680054
            ],
            [
                -0.006561855785548687,
                0.4352255165576935
            ],
            [
                -0.025478459894657135,
                0.7252004742622375
            ]
        ]
    ],
    "tl_trigger": 8.591754294684506e-07,
    "tl_status": 0
}