{
    "speed": 7.438542824796225e-09,
    "steer": -0.005217424128204584,
    "throttle": 0.0,
    "brake": 1.0,
    "wp_6": [
        0.005127081647515297,
        0.2931865453720093
    ],
    "wp_5": [
        0.0030019653495401144,
        0.23168505728244781
    ],
    "wp_4": [
        8.792988955974579e-05,
        0.22554174065589905
    ],
    "wp_3": [
        -0.02317201718688011,
        0.24924832582473755
    ],
    "wp_2": [
        -0.018917880952358246,
        0.2349189817905426
    ],
    "wp_1": [
        -0.009895735420286655,
        0.1766779124736786
    ],
    "aim": [
        8.792988955974579e-05,
        0.22554174065589905
    ],
    "target": [
        -9.7831203803712,
        18.17777043032544
    ],
    "desired_speed": 0.07017307616770269,
    "angle": 0.0002482116032993827,
    "angle_last": 0.0219889314044223,
    "angle_target": -0.31431952438619065,
    "angle_final": 0.0002482116032993827,
    "delta": 0.07017306872915986,
    "log_entries": [
        "norm1:0.21",
        "norm2:0.24",
        "norm3:0.24",
        "norm4:0.23",
        "norm5:0.26",
        " ",
        " ",
        " ",
        " ",
        " ",
        " ",
        " ",
        " ",
        " ",
        " ",
        " ",
        " "
    ],
    "agent": "only_traj",
    "steer_traj": -0.005217424034424736,
    "throttle_traj": 0.0,
    "brake_traj": 1.0,
    "plan": [
        [
            -0.009895735420286655,
            0.1766779124736786
        ],
        [
            -0.018917880952358246,
            0.2349189817905426
        ],
        [
            -0.02317201718688011,
            0.24924832582473755
        ],
        [
            8.792988955974579e-05,
            0.22554174065589905
        ],
        [
            0.0030019653495401144,
            0.23168505728244781
        ],
        [
            0.005127081647515297,
            0.2931865453720093
        ]
    ],
    "command": 0,
    "redefined_command": 0,
    "cmd_softmax_output": [
        0.9999727010726929,
        2.088083783746697e-05,
        6.419467354135122e-06
    ],
    "all_plan": [
        [
            [
                -0.009895735420286655,
                0.1766779124736786
            ],
            [
                -0.018917880952358246,
                0.2349189817905426
            ],
            [
                -0.02317201718688011,
                0.24924832582473755
            ],
            [
                8.792988955974579e-05,
                0.22554174065589905
            ],
            [
                0.0030019653495401144,
                0.23168505728244781
            ],
            [
                0.005127081647515297,
                0.2931865453720093
            ]
        ],
        [
            [
                -0.012999864295125008,
                0.1543063074350357
            ],
            [
                -0.024229904636740685,
                0.2064063549041748
            ],
            [
                -0.026071172207593918,
                0.25807541608810425
            ],
            [
                -0.0013166796416044235,
                0.27101069688796997
            ],
            [
                0.0020086534786969423,
                0.329248309135437
            ],
            [
                -0.0009947058279067278,
                0.4772290587425232
            ]
        ],
        [
            [
                -0.013664504513144493,
                0.18327122926712036
            ],
            [
                -0.02334030531346798,
                0.25130754709243774
            ],
            [
                -0.02820667438209057,
                0.26458632946014404
            ],
            [
                0.002118350937962532,
                0.24342134594917297
            ],
            [
                0.0069001829251646996,
                0.23860345780849457
            ],
            [
                0.01186998002231121,
                0.28224778175354004
            ]
        ],
        [
            [
                -0.014394626021385193,
                0.20141088962554932
            ],
            [
                -0.024787554517388344,
                0.27403712272644043
            ],
            [
                -0.030100420117378235,
                0.28922584652900696
            ],
            [
                0.0018495731055736542,
                0.2647775411605835
            ],
            [
                0.006684022024273872,
                0.26216191053390503
            ],
            [
                0.011487413197755814,
                0.3144899308681488
            ]
        ],
        [
            [
                -0.01654682867228985,
                0.14292220771312714
            ],
            [
                -0.029918059706687927,
                0.1954071968793869
            ],
            [
                -0.028469745069742203,
                0.2985715866088867
            ],
            [
                -0.0030375756323337555,
                0.3632699251174927
            ],
            [
                0.00117547158151865,
                0.49186497926712036
            ],
            [
                -0.007521732710301876,
                0.7490487694740295
            ]
        ],
        [
            [
                -0.013405782170593739,
                0.16299718618392944
            ],
            [
                -0.02452816069126129,
                0.2191176861524582
            ],
            [
                -0.027001943439245224,
                0.26445716619491577
            ],
            [
                -0.0006897486746311188,
                0.2709762752056122
            ],
            [
                0.002973768161609769,
                0.3182653486728668
            ],
            [
                0.0014353531878441572,
                0.44908809661865234
            ]
        ]
    ],
    "tl_trigger": 6.96179199621838e-07,
    "tl_status": 0
}