{
    "speed": -9.052308693048711e-10,
    "steer": -0.003810538910329342,
    "throttle": 0.0,
    "brake": 1.0,
    "wp_6": [
        0.011214347556233406,
        0.9742957353591919
    ],
    "wp_5": [
        0.006250292062759399,
        0.7959699630737305
    ],
    "wp_4": [
        -0.0013447627425193787,
        0.7031651139259338
    ],
    "wp_3": [
        -0.030869532376527786,
        0.6754464507102966
    ],
    "wp_2": [
        -0.027015766128897667,
        0.5843833684921265
    ],
    "wp_1": [
        -0.016276299953460693,
        0.42714816331863403
    ],
    "aim": [
        -0.0013447627425193787,
        0.7031651139259338
    ],
    "target": [
        -10.6872679175769,
        17.7511896154158
    ],
    "desired_speed": 0.22430138885974885,
    "angle": -0.0012174711015945758,
    "angle_last": 0.017717027533533217,
    "angle_target": -0.3450048045019338,
    "angle_final": -0.0012174711015945758,
    "delta": 0.2243013897649797,
    "log_entries": [
        "norm1:0.51",
        "norm2:0.63",
        "norm3:0.69",
        "norm4:0.75",
        "norm5:0.89",
        " ",
        " ",
        " ",
        " ",
        " ",
        " ",
        " ",
        " ",
        " "
    ],
    "agent": "only_traj",
    "steer_traj": -0.0038105388232733553,
    "throttle_traj": 0.0,
    "brake_traj": 1.0,
    "plan": [
        [
            -0.016276299953460693,
            0.42714816331863403
        ],
        [
            -0.027015766128897667,
            0.5843833684921265
        ],
        [
            -0.030869532376527786,
            0.6754464507102966
        ],
        [
            -0.0013447627425193787,
            0.7031651139259338
        ],
        [
            0.006250292062759399,
            0.7959699630737305
        ],
        [
            0.011214347556233406,
            0.9742957353591919
        ]
    ],
    "command": 0,
    "redefined_command": 0,
    "cmd_softmax_output": [
        0.9999603033065796,
        3.652551822597161e-05,
        3.1697823033027817e-06
    ],
    "all_plan": [
        [
            [
                -0.016276299953460693,
                0.42714816331863403
            ],
            [
                -0.027015766128897667,
                0.5843833684921265
            ],
            [
                -0.030869532376527786,
                0.6754464507102966
            ],
            [
                -0.0013447627425193787,
                0.7031651139259338
            ],
            [
                0.006250292062759399,
                0.7959699630737305
            ],
            [
                0.011214347556233406,
                0.9742957353591919
            ]
        ],
        [
            [
                -0.0053336950950324535,
                0.3184584677219391
            ],
            [
                -0.011893032118678093,
                0.4311606287956238
            ],
            [
                -0.010312365368008614,
                0.5425338745117188
            ],
            [
                -0.0057485648430883884,
                0.6082229018211365
            ],
            [
                -0.0023669388610869646,
                0.753388524055481
            ],
            [
                -0.006160208024084568,
                0.9872840642929077
            ]
        ],
        [
            [
                -0.01473570242524147,
                0.3248933255672455
            ],
            [
                -0.025627147406339645,
                0.4400087594985962
            ],
            [
                -0.030356161296367645,
                0.4946334958076477
            ],
            [
                -0.0005408339202404022,
                0.4929824769496918
            ],
            [
                0.005146944895386696,
                0.5426958799362183
            ],
            [
                0.009059678763151169,
                0.6693313717842102
            ]
        ],
        [
            [
                -0.017140554264187813,
                0.35224246978759766
            ],
            [
                -0.029071887955069542,
                0.4783704876899719
            ],
            [
                -0.03449450805783272,
                0.5363969206809998
            ],
            [
                -4.462897777557373e-05,
                0.5336176156997681
            ],
            [
                0.006553243845701218,
                0.5833316445350647
            ],
            [
                0.011494599282741547,
                0.7146274447441101
            ]
        ],
        [
            [
                -0.01323484443128109,
                0.41065794229507446
            ],
            [
                -0.0223159808665514,
                0.5633559226989746
            ],
            [
                -0.024082407355308533,
                0.6689029932022095
            ],
            [
                -0.0025843624025583267,
                0.7178614735603333
            ],
            [
                0.004337288439273834,
                0.8357060551643372
            ],
            [
                0.007212611380964518,
                1.0381501913070679
            ]
        ],
        [
            [
                -0.006393899209797382,
                0.3097333312034607
            ],
            [
                -0.013492757454514503,
                0.4212709367275238
            ],
            [
                -0.010842984542250633,
                0.5474826693534851
            ],
            [
                -0.006133351940661669,
                0.6294211149215698
            ],
            [
                -0.002449924359098077,
                0.7946956157684326
            ],
            [
                -0.007874816656112671,
                1.058936357498169
            ]
        ]
    ],
    "tl_trigger": 1.0349074273108272e-06,
    "tl_status": 0
}