{
    "speed": 3.422111089923787e-08,
    "steer": -0.002550627803429961,
    "throttle": 0.0,
    "brake": 1.0,
    "wp_6": [
        0.0027668040711432695,
        0.36834728717803955
    ],
    "wp_5": [
        0.0016191003378480673,
        0.2859935462474823
    ],
    "wp_4": [
        -0.0009622052311897278,
        0.26761510968208313
    ],
    "wp_3": [
        -0.022860471159219742,
        0.29011857509613037
    ],
    "wp_2": [
        -0.018628807738423347,
        0.26834481954574585
    ],
    "wp_1": [
        -0.009330572560429573,
        0.20366191864013672
    ],
    "aim": [
        -0.0009622052311897278,
        0.26761510968208313
    ],
    "target": [
        -10.906235918524422,
        17.504239050058565
    ],
    "desired_speed": 0.08793967962265015,
    "angle": -0.0022889001093972425,
    "angle_last": 0.008871553103412814,
    "angle_target": -0.35472764620604563,
    "angle_final": -0.0022889001093972425,
    "delta": 0.08793964540153924,
    "log_entries": [
        "norm1:0.24",
        "norm2:0.28",
        "norm3:0.28",
        "norm4:0.28",
        "norm5:0.33",
        " ",
        " ",
        " ",
        " ",
        " ",
        " ",
        " ",
        " ",
        " ",
        " ",
        " ",
        " "
    ],
    "agent": "only_traj",
    "steer_traj": -0.0025506278994120325,
    "throttle_traj": 0.0,
    "brake_traj": 1.0,
    "plan": [
        [
            -0.009330572560429573,
            0.20366191864013672
        ],
        [
            -0.018628807738423347,
            0.26834481954574585
        ],
        [
            -0.022860471159219742,
            0.29011857509613037
        ],
        [
            -0.0009622052311897278,
            0.26761510968208313
        ],
        [
            0.0016191003378480673,
            0.2859935462474823
        ],
        [
            0.0027668040711432695,
            0.36834728717803955
        ]
    ],
    "command": 0,
    "redefined_command": 0,
    "cmd_softmax_output": [
        0.9999614953994751,
        3.3210784749826416e-05,
        5.213827535044402e-06
    ],
    "all_plan": [
        [
            [
                -0.009330572560429573,
                0.20366191864013672
            ],
            [
                -0.018628807738423347,
                0.26834481954574585
            ],
            [
                -0.022860471159219742,
                0.29011857509613037
            ],
            [
                -0.0009622052311897278,
                0.26761510968208313
            ],
            [
                0.0016191003378480673,
                0.2859935462474823
            ],
            [
                0.0027668040711432695,
                0.36834728717803955
            ]
        ],
        [
            [
                0.00027153478004038334,
                0.08517875522375107
            ],
            [
                -0.0003913172986358404,
                0.10208624601364136
            ],
            [
                0.0018198348116129637,
                0.1785934865474701
            ],
            [
                -0.004442712292075157,
                0.24668285250663757
            ],
            [
                -0.001743591157719493,
                0.38254648447036743
            ],
            [
                -0.012673293240368366,
                0.5870047211647034
            ]
        ],
        [
            [
                -0.005264570005238056,
                0.16210897266864777
            ],
            [
                -0.011496561579406261,
                0.21729645133018494
            ],
            [
                -0.013492660596966743,
                0.24309976398944855
            ],
            [
                -0.0011275038123130798,
                0.2405366599559784
            ],
            [
                0.0009484488982707262,
                0.2684212625026703
            ],
            [
                0.0017123816069215536,
                0.34148162603378296
            ]
        ],
        [
            [
                -0.0015893959207460284,
                0.18048059940338135
            ],
            [
                -0.005867522209882736,
                0.24250644445419312
            ],
            [
                -0.006036160048097372,
                0.2860870361328125
            ],
            [
                -0.0028083883225917816,
                0.30381280183792114
            ],
            [
                -0.0013473969884216785,
                0.36107414960861206
            ],
            [
                -0.002105237450450659,
                0.46230000257492065
            ]
        ],
        [
            [
                -0.0026013138704001904,
                0.14309749007225037
            ],
            [
                -0.006023808848112822,
                0.18912962079048157
            ],
            [
                -0.0018733302131295204,
                0.300942063331604
            ],
            [
                -0.005676496308296919,
                0.3953174948692322
            ],
            [
                -0.002689183922484517,
                0.5653978586196899
            ],
            [
                -0.013822274282574654,
                0.8252265453338623
            ]
        ],
        [
            [
                -0.0001039779745042324,
                0.10043031722307205
            ],
            [
                -0.0029296143911778927,
                0.1307661086320877
            ],
            [
                0.002176700159907341,
                0.23642028868198395
            ],
            [
                -0.006200732663273811,
                0.32986772060394287
            ],
            [
                -0.004624822176992893,
                0.49473732709884644
            ],
            [
                -0.016915109008550644,
                0.7448796033859253
            ]
        ]
    ],
    "tl_trigger": 1.0891633337450912e-06,
    "tl_status": 0
}