{
    "speed": 7.389090776638858e-09,
    "steer": -0.017317723482847214,
    "throttle": 0.0,
    "brake": 1.0,
    "wp_6": [
        -0.005629915744066238,
        0.21123331785202026
    ],
    "wp_5": [
        -0.0032326404470950365,
        0.1453569233417511
    ],
    "wp_4": [
        -0.0026684333570301533,
        0.12669508159160614
    ],
    "wp_3": [
        -0.0082891546189785,
        0.14458829164505005
    ],
    "wp_2": [
        -0.006524498574435711,
        0.1343996226787567
    ],
    "wp_1": [
        -0.0009160413173958659,
        0.10796064138412476
    ],
    "aim": [
        -0.0026684333570301533,
        0.12669508159160614
    ],
    "target": [
        -10.586769603170392,
        17.275305709820504
    ],
    "desired_speed": 0.05628530606627464,
    "angle": -0.013406399021426998,
    "angle_last": -0.023156645843601754,
    "angle_target": -0.3500120195296568,
    "angle_final": -0.013406399021426998,
    "delta": 0.05628529867718386,
    "log_entries": [
        "norm1:0.12",
        "norm2:0.14",
        "norm3:0.14",
        "norm4:0.14",
        "norm5:0.18",
        " ",
        " ",
        " ",
        " ",
        " ",
        " ",
        " ",
        " ",
        " "
    ],
    "agent": "only_traj",
    "steer_traj": -0.01731772313499586,
    "throttle_traj": 0.0,
    "brake_traj": 1.0,
    "plan": [
        [
            -0.0009160413173958659,
            0.10796064138412476
        ],
        [
            -0.006524498574435711,
            0.1343996226787567
        ],
        [
            -0.0082891546189785,
            0.14458829164505005
        ],
        [
            -0.0026684333570301533,
            0.12669508159160614
        ],
        [
            -0.0032326404470950365,
            0.1453569233417511
        ],
        [
            -0.005629915744066238,
            0.21123331785202026
        ]
    ],
    "command": 0,
    "redefined_command": 0,
    "cmd_softmax_output": [
        0.999958872795105,
        3.5153847420588136e-05,
        5.909907031309558e-06
    ],
    "all_plan": [
        [
            [
                -0.0009160413173958659,
                0.10796064138412476
            ],
            [
                -0.006524498574435711,
                0.1343996226787567
            ],
            [
                -0.0082891546189785,
                0.14458829164505005
            ],
            [
                -0.0026684333570301533,
                0.12669508159160614
            ],
            [
                -0.0032326404470950365,
                0.1453569233417511
            ],
            [
                -0.005629915744066238,
                0.21123331785202026
            ]
        ],
        [
            [
                0.0017967192688956857,
                0.029241487383842468
            ],
            [
                0.002687577623873949,
                0.01962912827730179
            ],
            [
                0.0037314645014703274,
                0.07308515906333923
            ],
            [
                -0.0036550909280776978,
                0.1250676065683365
            ],
            [
                -0.0012124350760132074,
                0.2405439168214798
            ],
            [
                -0.012985801324248314,
                0.4147605001926422
            ]
        ],
        [
            [
                0.0016606521094217896,
                0.05951043963432312
            ],
            [
                0.0017816625768318772,
                0.06896129995584488
            ],
            [
                -6.111979018896818e-05,
                0.07171963900327682
            ],
            [
                -0.0006983311614021659,
                0.0700831338763237
            ],
            [
                0.0010509908897802234,
                0.09432357549667358
            ],
            [
                -0.0010646755108609796,
                0.13521963357925415
            ]
        ],
        [
            [
                0.004075564444065094,
                0.08764895796775818
            ],
            [
                0.0025012586265802383,
                0.11498451232910156
            ],
            [
                0.003938387613743544,
                0.1423669308423996
            ],
            [
                -0.0032932693138718605,
                0.15951243042945862
            ],
            [
                -0.004018248990178108,
                0.20530734956264496
            ],
            [
                -0.006772521883249283,
                0.27750760316848755
            ]
        ],
        [
            [
                0.0041627539321780205,
                -0.006398499011993408
            ],
            [
                0.004956635646522045,
                -0.023748748004436493
            ],
            [
                0.011875446885824203,
                0.08847587555646896
            ],
            [
                -0.00741724856197834,
                0.20598073303699493
            ],
            [
                -0.006360861472785473,
                0.407276451587677
            ],
            [
                -0.025845367461442947,
                0.6992185711860657
            ]
        ],
        [
            [
                0.002621827181428671,
                0.042155683040618896
            ],
            [
                0.001602684147655964,
                0.04495944827795029
            ],
            [
                0.006225006189197302,
                0.13189029693603516
            ],
            [
                -0.006077180150896311,
                0.2139168381690979
            ],
            [
                -0.005304074380546808,
                0.3656338155269623
            ],
            [
                -0.01923162303864956,
                0.5941871404647827
            ]
        ]
    ],
    "tl_trigger": 9.481416327616898e-07,
    "tl_status": 0
}