{
    "speed": -6.130278458716666e-09,
    "steer": -0.008375490084290504,
    "throttle": 0.0,
    "brake": 1.0,
    "wp_6": [
        -0.003977794665843248,
        0.5163806080818176
    ],
    "wp_5": [
        -0.0024090749211609364,
        0.3966470956802368
    ],
    "wp_4": [
        -0.003623195458203554,
        0.3358783721923828
    ],
    "wp_3": [
        -0.009652766399085522,
        0.3278880715370178
    ],
    "wp_2": [
        -0.008491329848766327,
        0.2822827100753784
    ],
    "wp_1": [
        -0.002660509664565325,
        0.21392081677913666
    ],
    "aim": [
        -0.003623195458203554,
        0.3358783721923828
    ],
    "target": [
        -11.506798558925258,
        17.195987366807245
    ],
    "desired_speed": 0.12190596759319305,
    "angle": -0.006867100019066012,
    "angle_last": -0.008340371823037762,
    "angle_target": -0.3754299753393313,
    "angle_final": -0.006867100019066012,
    "delta": 0.12190597372347152,
    "log_entries": [
        "norm1:0.25",
        "norm2:0.31",
        "norm3:0.33",
        "norm4:0.37",
        "norm5:0.46",
        " ",
        " ",
        " ",
        " ",
        " ",
        " ",
        " ",
        " ",
        " ",
        " ",
        " "
    ],
    "agent": "only_traj",
    "steer_traj": -0.008375490063227069,
    "throttle_traj": 0.0,
    "brake_traj": 1.0,
    "plan": [
        [
            -0.002660509664565325,
            0.21392081677913666
        ],
        [
            -0.008491329848766327,
            0.2822827100753784
        ],
        [
            -0.009652766399085522,
            0.3278880715370178
        ],
        [
            -0.003623195458203554,
            0.3358783721923828
        ],
        [
            -0.0024090749211609364,
            0.3966470956802368
        ],
        [
            -0.003977794665843248,
            0.5163806080818176
        ]
    ],
    "command": 0,
    "redefined_command": 0,
    "cmd_softmax_output": [
        0.999954104423523,
        4.1522722312947735e-05,
        4.4475996219262015e-06
    ],
    "all_plan": [
        [
            [
                -0.002660509664565325,
                0.21392081677913666
            ],
            [
                -0.008491329848766327,
                0.2822827100753784
            ],
            [
                -0.009652766399085522,
                0.3278880715370178
            ],
            [
                -0.003623195458203554,
                0.3358783721923828
            ],
            [
                -0.0024090749211609364,
                0.3966470956802368
            ],
            [
                -0.003977794665843248,
                0.5163806080818176
            ]
        ],
        [
            [
                0.00811498612165451,
                0.05470043420791626
            ],
            [
                0.014118836261332035,
                0.05631636828184128
            ],
            [
                0.021181469783186913,
                0.1851072609424591
            ],
            [
                -0.007927065715193748,
                0.325484961271286
            ],
            [
                -0.00497420784085989,
                0.5631463527679443
            ],
            [
                -0.024332236498594284,
                0.875532329082489
            ]
        ],
        [
            [
                0.006094334647059441,
                0.12333063781261444
            ],
            [
                0.008995449170470238,
                0.1563234031200409
            ],
            [
                0.009662259370088577,
                0.1953141987323761
            ],
            [
                -0.0033115949481725693,
                0.22982558608055115
            ],
            [
                -0.001642528921365738,
                0.30981913208961487
            ],
            [
                -0.0056814090348780155,
                0.4091275930404663
            ]
        ],
        [
            [
                0.005216735880821943,
                0.14017513394355774
            ],
            [
                0.003480252344161272,
                0.18963605165481567
            ],
            [
                0.003902943804860115,
                0.2520892322063446
            ],
            [
                -0.00453566201031208,
                0.3138623833656311
            ],
            [
                -0.008196630515158176,
                0.4325253963470459
            ],
            [
                -0.012781752273440361,
                0.5863747596740723
            ]
        ],
        [
            [
                0.006770608946681023,
                0.03576378524303436
            ],
            [
                0.007661567069590092,
                0.04340869188308716
            ],
            [
                0.017305143177509308,
                0.2104029804468155
            ],
            [
                -0.010034143924713135,
                0.39275062084198
            ],
            [
                -0.011724816635251045,
                0.6813856959342957
            ],
            [
                -0.034184977412223816,
                1.0732567310333252
            ]
        ],
        [
            [
                0.0056939516216516495,
                0.08312283456325531
            ],
            [
                0.0068092355504632,
                0.10417225956916809
            ],
            [
                0.016401249915361404,
                0.2595522403717041
            ],
            [
                -0.00980938971042633,
                0.4138830304145813
            ],
            [
                -0.00867486372590065,
                0.6678874492645264
            ],
            [
                -0.02860255166888237,
                1.022890329360962
            ]
        ]
    ],
    "tl_trigger": 9.3632178277403e-07,
    "tl_status": 0
}