{
    "speed": 0.5902268159921943,
    "steer": -0.1365286260843277,
    "throttle": 0.0,
    "brake": 1.0,
    "wp_6": [
        -0.16860365867614746,
        1.3534975051879883
    ],
    "wp_5": [
        -0.11947724968194962,
        0.994164228439331
    ],
    "wp_4": [
        -0.0686560869216919,
        0.6686980724334717
    ],
    "wp_3": [
        0.07156448066234589,
        0.4637369215488434
    ],
    "wp_2": [
        0.04691780358552933,
        0.3594851791858673
    ],
    "wp_1": [
        0.029854681342840195,
        0.2724151611328125
    ],
    "aim": [
        -0.11947724968194962,
        0.994164228439331
    ],
    "target": [
        1.3300119490858577,
        11.22353006703476
    ],
    "desired_speed": 0.4545095950365066,
    "angle": -0.07614290080384656,
    "angle_last": -0.08649944075134612,
    "angle_target": 0.07509059755673991,
    "angle_final": -0.07614290080384656,
    "delta": 0.0,
    "log_entries": [
        "norm1:0.32",
        "norm2:0.42",
        "norm3:0.57",
        "norm4:0.84",
        "norm5:1.18",
        " ",
        " ",
        " "
    ],
    "agent": "only_traj",
    "steer_traj": -0.1365286219128838,
    "throttle_traj": 0.0,
    "brake_traj": 1.0,
    "plan": [
        [
            0.029854681342840195,
            0.2724151611328125
        ],
        [
            0.04691780358552933,
            0.3594851791858673
        ],
        [
            0.07156448066234589,
            0.4637369215488434
        ],
        [
            -0.0686560869216919,
            0.6686980724334717
        ],
        [
            -0.11947724968194962,
            0.994164228439331
        ],
        [
            -0.16860365867614746,
            1.3534975051879883
        ]
    ],
    "command": 3,
    "redefined_command": 3,
    "cmd_softmax_output": [
        0.9998977184295654,
        9.947046055458486e-05,
        2.7100702482130146e-06
    ],
    "all_plan": [
        [
            [
                0.038341421633958817,
                0.24686577916145325
            ],
            [
                0.06139068305492401,
                0.30497482419013977
            ],
            [
                0.10083241015672684,
                0.36928966641426086
            ],
            [
                -0.09248370677232742,
                0.5758798122406006
            ],
            [
                -0.15836066007614136,
                0.9367642402648926
            ],
            [
                -0.19034680724143982,
                1.3302075862884521
            ]
        ],
        [
            [
                0.04029981046915054,
                0.2308356612920761
            ],
            [
                0.06235116720199585,
                0.2926041781902313
            ],
            [
                0.1049361526966095,
                0.4322628080844879
            ],
            [
                -0.06254993379116058,
                0.7447484135627747
            ],
            [
                -0.10427642613649368,
                1.2472732067108154
            ],
            [
                -0.06291291117668152,
                1.7798371315002441
            ]
        ],
        [
            [
                0.036467358469963074,
                0.2163788378238678
            ],
            [
                0.057545676827430725,
                0.2609713077545166
            ],
            [
                0.09802664816379547,
                0.32812732458114624
            ],
            [
                -0.07469137012958527,
                0.5240735411643982
            ],
            [
                -0.1232064887881279,
                0.8674336075782776
            ],
            [
                -0.11827465891838074,
                1.2447707653045654
            ]
        ],
        [
            [
                0.029854681342840195,
                0.2724151611328125
            ],
            [
                0.04691780358552933,
                0.3594851791858673
            ],
            [
                0.07156448066234589,
                0.4637369215488434
            ],
            [
                -0.0686560869216919,
                0.6686980724334717
            ],
            [
                -0.11947724968194962,
                0.994164228439331
            ],
            [
                -0.16860365867614746,
                1.3534975051879883
            ]
        ],
        [
            [
                0.040482472628355026,
                0.21556329727172852
            ],
            [
                0.06131548807024956,
                0.2928999662399292
            ],
            [
                0.09710311889648438,
                0.47986331582069397
            ],
            [
                -0.08008338510990143,
                0.9552009701728821
            ],
            [
                -0.15512984991073608,
                1.6949751377105713
            ],
            [
                -0.13537804782390594,
                2.4630088806152344
            ]
        ],
        [
            [
                0.0382181778550148,
                0.21660804748535156
            ],
            [
                0.05898437649011612,
                0.2747286558151245
            ],
            [
                0.1023038774728775,
                0.4314233362674713
            ],
            [
                -0.03122854232788086,
                0.6887487769126892
            ],
            [
                -0.03744407743215561,
                1.0878219604492188
            ],
            [
                0.037204809486866,
                1.5119602680206299
            ]
        ]
    ],
    "tl_trigger": 4.301296314679348e-07,
    "tl_status": 0
}