{
    "speed": 5.026951151485792,
    "steer": -0.0014582386938855052,
    "throttle": 0.75,
    "brake": 0.0,
    "wp_6": [
        -0.11522018909454346,
        19.728731155395508
    ],
    "wp_5": [
        -0.08727123588323593,
        17.191635131835938
    ],
    "wp_4": [
        -0.03627365827560425,
        14.057666778564453
    ],
    "wp_3": [
        -0.01694170944392681,
        10.49383544921875
    ],
    "wp_2": [
        0.01606121100485325,
        6.9862060546875
    ],
    "wp_1": [
        0.024007581174373627,
        3.4354872703552246
    ],
    "aim": [
        0.01606121100485325,
        6.9862060546875
    ],
    "target": [
        -0.5927509368167054,
        29.0822908879156
    ],
    "desired_speed": 6.517611694335938,
    "angle": 0.001463605820607763,
    "angle_last": -0.0070128107213596165,
    "angle_target": -0.01297369340951831,
    "angle_final": 0.001463605820607763,
    "delta": 0.25,
    "log_entries": [
        "norm1:5.21",
        "norm2:8.74",
        "norm3:12.28",
        "norm4:15.62",
        "norm5:18.46",
        " ",
        " ",
        " ",
        " ",
        " ",
        " ",
        " ",
        " ",
        " "
    ],
    "agent": "only_traj",
    "steer_traj": -0.0014582387485938893,
    "throttle_traj": 0.75,
    "brake_traj": 0.0,
    "plan": [
        [
            0.024007581174373627,
            3.4354872703552246
        ],
        [
            0.01606121100485325,
            6.9862060546875
        ],
        [
            -0.01694170944392681,
            10.49383544921875
        ],
        [
            -0.03627365827560425,
            14.057666778564453
        ],
        [
            -0.08727123588323593,
            17.191635131835938
        ],
        [
            -0.11522018909454346,
            19.728731155395508
        ]
    ],
    "command": 3,
    "redefined_command": 3,
    "cmd_softmax_output": [
        0.9999145269393921,
        7.7199780207593e-05,
        8.21175126475282e-06
    ],
    "all_plan": [
        [
            [
                0.05775477737188339,
                3.5214762687683105
            ],
            [
                0.06370958685874939,
                7.081563472747803
            ],
            [
                0.0452219620347023,
                10.55534553527832
            ],
            [
                -0.021831080317497253,
                13.995052337646484
            ],
            [
                -0.07303548604249954,
                17.090946197509766
            ],
            [
                -0.10544608533382416,
                19.72813606262207
            ]
        ],
        [
            [
                0.05813940614461899,
                3.515570640563965
            ],
            [
                0.07075700163841248,
                7.055668354034424
            ],
            [
                0.06371832638978958,
                10.497711181640625
            ],
            [
                0.012372452765703201,
                13.925444602966309
            ],
            [
                -0.01738799177110195,
                17.080718994140625
            ],
            [
                -0.02552775666117668,
                19.83586883544922
            ]
        ],
        [
            [
                0.02801927924156189,
                3.5528249740600586
            ],
            [
                0.02158302254974842,
                7.214878082275391
            ],
            [
                0.001951422542333603,
                10.85157585144043
            ],
            [
                -0.0338737890124321,
                14.515243530273438
            ],
            [
                -0.06936652958393097,
                17.915515899658203
            ],
            [
                -0.09535890072584152,
                20.915361404418945
            ]
        ],
        [
            [
                0.024007581174373627,
                3.4354872703552246
            ],
            [
                0.01606121100485325,
                6.9862060546875
            ],
            [
                -0.01694170944392681,
                10.49383544921875
            ],
            [
                -0.03627365827560425,
                14.057666778564453
            ],
            [
                -0.08727123588323593,
                17.191635131835938
            ],
            [
                -0.11522018909454346,
                19.728731155395508
            ]
        ],
        [
            [
                0.02589486539363861,
                3.621096611022949
            ],
            [
                0.009062537923455238,
                7.282717704772949
            ],
            [
                -0.020090695470571518,
                10.86202621459961
            ],
            [
                -0.06922958791255951,
                14.419509887695312
            ],
            [
                -0.11882001906633377,
                17.74665069580078
            ],
            [
                -0.16770009696483612,
                20.726530075073242
            ]
        ],
        [
            [
                0.06336777657270432,
                3.4686660766601562
            ],
            [
                0.07586752623319626,
                6.936142921447754
            ],
            [
                0.07160739600658417,
                10.307891845703125
            ],
            [
                0.0047726258635520935,
                13.624374389648438
            ],
            [
                -0.022168966010212898,
                16.74224090576172
            ],
            [
                -0.034216590225696564,
                19.56841278076172
            ]
        ]
    ],
    "tl_trigger": 5.309527750796406e-07,
    "tl_status": 0
}