{
    "speed": 7.8785596057242815,
    "steer": 0.001136726699769497,
    "throttle": 0.08907800167798996,
    "brake": 0.0,
    "wp_6": [
        0.1157739907503128,
        23.32974624633789
    ],
    "wp_5": [
        0.0879824087023735,
        19.763975143432617
    ],
    "wp_4": [
        0.01626656949520111,
        15.880012512207031
    ],
    "wp_3": [
        -0.04911991208791733,
        11.864381790161133
    ],
    "wp_2": [
        -0.05288103222846985,
        7.907382011413574
    ],
    "wp_1": [
        -0.0385318323969841,
        3.9763851165771484
    ],
    "aim": [
        0.01626656949520111,
        15.880012512207031
    ],
    "target": [
        -0.15903354709293446,
        39.48717327536181
    ],
    "desired_speed": 7.741876888275147,
    "angle": 0.00065210345621947,
    "angle_last": 0.004961725149525182,
    "angle_target": -0.002563955450496864,
    "angle_final": 0.00065210345621947,
    "delta": 0.0,
    "agent": "only_traj",
    "steer_traj": 0.0011367266630041535,
    "throttle_traj": 0.08907799795425195,
    "brake_traj": 0.0,
    "plan": [
        [
            -0.0385318323969841,
            3.9763851165771484
        ],
        [
            -0.05288103222846985,
            7.907382011413574
        ],
        [
            -0.04911991208791733,
            11.864381790161133
        ],
        [
            0.01626656949520111,
            15.880012512207031
        ],
        [
            0.0879824087023735,
            19.763975143432617
        ],
        [
            0.1157739907503128,
            23.32974624633789
        ]
    ],
    "command": 3,
    "all_plan": [
        [
            [
                -0.0022613778710365295,
                3.9773755073547363
            ],
            [
                0.006486089900135994,
                7.88362979888916
            ],
            [
                0.025509487837553024,
                11.810420989990234
            ],
            [
                0.05789279192686081,
                15.78447151184082
            ],
            [
                0.13144424557685852,
                19.622455596923828
            ],
            [
                0.17660218477249146,
                23.115753173828125
            ]
        ],
        [
            [
                0.0004463122459128499,
                3.9536900520324707
            ],
            [
                0.010987015441060066,
                7.86577033996582
            ],
            [
                0.0337381474673748,
                11.788042068481445
            ],
            [
                0.06881996244192123,
                15.757357597351074
            ],
            [
                0.14703118801116943,
                19.626117706298828
            ],
            [
                0.2050698697566986,
                23.205617904663086
            ]
        ],
        [
            [
                -0.027693554759025574,
                4.009130954742432
            ],
            [
                -0.03259345144033432,
                7.99597692489624
            ],
            [
                -0.019322527572512627,
                12.003157615661621
            ],
            [
                0.043470196425914764,
                16.07059097290039
            ],
            [
                0.12369489669799805,
                20.016563415527344
            ],
            [
                0.16758957505226135,
                23.66170883178711
            ]
        ],
        [
            [
                -0.0385318323969841,
                3.9763851165771484
            ],
            [
                -0.05288103222846985,
                7.907382011413574
            ],
            [
                -0.04911991208791733,
                11.864381790161133
            ],
            [
                0.01626656949520111,
                15.880012512207031
            ],
            [
                0.0879824087023735,
                19.763975143432617
            ],
            [
                0.1157739907503128,
                23.32974624633789
            ]
        ],
        [
            [
                -0.03650841861963272,
                4.010160446166992
            ],
            [
                -0.05118189752101898,
                7.992122650146484
            ],
            [
                -0.04682493954896927,
                11.991467475891113
            ],
            [
                0.014937076717615128,
                16.04462432861328
            ],
            [
                0.0861683040857315,
                19.976337432861328
            ],
            [
                0.11836335808038712,
                23.606069564819336
            ]
        ],
        [
            [
                0.003125905990600586,
                3.919404983520508
            ],
            [
                0.013638520613312721,
                7.7959136962890625
            ],
            [
                0.035455647855997086,
                11.67794418334961
            ],
            [
                0.06582818925380707,
                15.602235794067383
            ],
            [
                0.14125818014144897,
                19.433507919311523
            ],
            [
                0.19861289858818054,
                22.987361907958984
            ]
        ]
    ],
    "tl_trigger": 1.956495225385879e-06,
    "tl_status": 0
}