{
    "speed": 8.301829295538913e-06,
    "steer": 1.0,
    "throttle": 0.0,
    "brake": 1.0,
    "wp_6": [
        -8.765154052525759e-05,
        0.0026114732027053833
    ],
    "wp_5": [
        -6.016402039676905e-05,
        -0.00016213953495025635
    ],
    "wp_4": [
        -2.9981951229274273e-05,
        0.00016253814101219177
    ],
    "wp_3": [
        0.0013314593816176057,
        -0.00385105237364769
    ],
    "wp_2": [
        0.0005612504901364446,
        -0.0014947950839996338
    ],
    "wp_1": [
        0.001945521798916161,
        -0.003499746322631836
    ],
    "aim": [
        0.0005612504901364446,
        -0.0014947950839996338
    ],
    "target": [
        0.06436265982671327,
        10.601715266786515
    ],
    "desired_speed": 0.004901352454908192,
    "angle": 1.7713372851920512,
    "angle_last": -0.006308921781894414,
    "angle_target": 0.0038648499260075593,
    "angle_final": 1.7713372851920512,
    "delta": 0.004893050625612653,
    "log_entries": [
        "norm1:0.00",
        "norm2:0.00",
        "norm3:0.00",
        "norm4:0.00",
        "norm5:0.00",
        " ",
        " ",
        " ",
        " ",
        " ",
        " ",
        " ",
        " ",
        " ",
        " ",
        " ",
        " ",
        " ",
        " ",
        " "
    ],
    "agent": "only_traj",
    "steer_traj": 1.0,
    "throttle_traj": 0.0,
    "brake_traj": 1.0,
    "plan": [
        [
            0.001945521798916161,
            -0.003499746322631836
        ],
        [
            0.0005612504901364446,
            -0.0014947950839996338
        ],
        [
            0.0013314593816176057,
            -0.00385105237364769
        ],
        [
            -2.9981951229274273e-05,
            0.00016253814101219177
        ],
        [
            -6.016402039676905e-05,
            -0.00016213953495025635
        ],
        [
            -8.765154052525759e-05,
            0.0026114732027053833
        ]
    ],
    "command": 3,
    "redefined_command": 3,
    "cmd_softmax_output": [
        0.9999815225601196,
        1.5148948477872182e-05,
        3.3148280635941774e-06
    ],
    "all_plan": [
        [
            [
                0.0019322448642924428,
                -0.002625703811645508
            ],
            [
                0.0005158764543011785,
                -0.00045040249824523926
            ],
            [
                0.0012673843884840608,
                -0.0027037225663661957
            ],
            [
                -5.623779725283384e-05,
                0.001128312200307846
            ],
            [
                -9.544251952320337e-05,
                0.0009832829236984253
            ],
            [
                -0.00014911137986928225,
                0.004306688904762268
            ]
        ],
        [
            [
                0.0017845389666035771,
                0.007098019123077393
            ],
            [
                1.1090305633842945e-05,
                0.0111684650182724
            ],
            [
                0.0005545500898733735,
                0.010060321539640427
            ],
            [
                -0.00034833408426493406,
                0.011872548609972
            ],
            [
                -0.00048791582230478525,
                0.013726107776165009
            ],
            [
                -0.0008328520925715566,
                0.02316596359014511
            ]
        ],
        [
            [
                0.0020334813743829727,
                -0.00929027795791626
            ],
            [
                0.0008618533611297607,
                -0.008413895964622498
            ],
            [
                0.001755956094712019,
                -0.011452112346887589
            ],
            [
                0.00014396291226148605,
                -0.006235715001821518
            ],
            [
                0.00017355591990053654,
                -0.007750563323497772
            ],
            [
                0.00031951977871358395,
                -0.008619330823421478
            ]
        ],
        [
            [
                0.001945521798916161,
                -0.003499746322631836
            ],
            [
                0.0005612504901364446,
                -0.0014947950839996338
            ],
            [
                0.0013314593816176057,
                -0.00385105237364769
            ],
            [
                -2.9981951229274273e-05,
                0.00016253814101219177
            ],
            [
                -6.016402039676905e-05,
                -0.00016213953495025635
            ],
            [
                -8.765154052525759e-05,
                0.0026114732027053833
            ]
        ],
        [
            [
                0.00205339677631855,
                -0.010601341724395752
            ],
            [
                0.0009299144148826599,
                -0.00998048484325409
            ],
            [
                0.0018520685844123363,
                -0.01317310705780983
            ],
            [
                0.0001833466812968254,
                -0.007684376090764999
            ],
            [
                0.00022647366859018803,
                -0.009468697011470795
            ],
            [
                0.00041170953772962093,
                -0.011162154376506805
            ]
        ],
        [
            [
                0.01462012529373169,
                0.07622987031936646
            ],
            [
                0.014735464006662369,
                0.10572389513254166
            ],
            [
                0.0155604537576437,
                0.10576166957616806
            ],
            [
                -0.0020680557936429977,
                0.08447292447090149
            ],
            [
                -0.009450692683458328,
                0.07630819082260132
            ],
            [
                -0.013238053768873215,
                0.07681240141391754
            ]
        ]
    ],
    "tl_trigger": 0.9999992847442627,
    "tl_status": 0
}