{
    "speed": 6.177085691227824e-06,
    "steer": 0.7126665115356445,
    "throttle": 0.0,
    "brake": 1.0,
    "wp_6": [
        -0.0001721588196232915,
        0.0049423947930336
    ],
    "wp_5": [
        -0.00010867195669561625,
        0.001412816345691681
    ],
    "wp_4": [
        -6.608373951166868e-05,
        0.0014904774725437164
    ],
    "wp_3": [
        0.0012433562660589814,
        -0.0022734738886356354
    ],
    "wp_2": [
        0.0004988611908629537,
        -5.875527858734131e-05
    ],
    "wp_1": [
        0.0019272660138085485,
        -0.0022979378700256348
    ],
    "aim": [
        -0.00010867195669561625,
        0.001412816345691681
    ],
    "target": [
        -0.3643886852934348,
        10.814687712785203
    ],
    "desired_speed": 0.005038573223282583,
    "angle": -0.04887170094077354,
    "angle_last": -0.0114497016061999,
    "angle_target": -0.021442072275502055,
    "angle_final": -0.04887170094077354,
    "delta": 0.005032396137591355,
    "log_entries": [
        "norm1:0.00",
        "norm2:0.00",
        "norm3:0.00",
        "norm4:0.00",
        "norm5:0.00",
        " ",
        " ",
        " ",
        " ",
        " ",
        " ",
        " ",
        " ",
        " ",
        " ",
        " ",
        " ",
        " ",
        " ",
        " ",
        " "
    ],
    "agent": "only_traj",
    "steer_traj": 0.7126665407864632,
    "throttle_traj": 0.0,
    "brake_traj": 1.0,
    "plan": [
        [
            0.0019272660138085485,
            -0.0022979378700256348
        ],
        [
            0.0004988611908629537,
            -5.875527858734131e-05
        ],
        [
            0.0012433562660589814,
            -0.0022734738886356354
        ],
        [
            -6.608373951166868e-05,
            0.0014904774725437164
        ],
        [
            -0.00010867195669561625,
            0.001412816345691681
        ],
        [
            -0.0001721588196232915,
            0.0049423947930336
        ]
    ],
    "command": 3,
    "redefined_command": 3,
    "cmd_softmax_output": [
        0.9999817609786987,
        1.4761719285161234e-05,
        3.472006028459873e-06
    ],
    "all_plan": [
        [
            [
                0.0019654370844364166,
                -0.004810810089111328
            ],
            [
                0.0006293114274740219,
                -0.0030613839626312256
            ],
            [
                0.0014275717549026012,
                -0.005572047084569931
            ],
            [
                9.401701390743256e-06,
                -0.0012861229479312897
            ],
            [
                -7.2463881224393845e-06,
                -0.0018802732229232788
            ],
            [
                4.538102075457573e-06,
                6.864964962005615e-05
            ]
        ],
        [
            [
                0.001987012103199959,
                -0.006231129169464111
            ],
            [
                0.0007030442357063293,
                -0.004758521914482117
            ],
            [
                0.0015316936187446117,
                -0.007436458021402359
            ],
            [
                5.206745117902756e-05,
                -0.002855505794286728
            ],
            [
                5.0081172958016396e-05,
                -0.0037415847182273865
            ],
            [
                0.00010441034100949764,
                -0.0026860758662223816
            ]
        ],
        [
            [
                0.0020135659724473953,
                -0.007979214191436768
            ],
            [
                0.0007937923073768616,
                -0.006847307085990906
            ],
            [
                0.0016598436050117016,
                -0.009731117635965347
            ],
            [
                0.0001045791432261467,
                -0.0047870539128780365
            ],
            [
                0.00012063817121088505,
                -0.00603242963552475
            ],
            [
                0.00022733001969754696,
                -0.006076507270336151
            ]
        ],
        [
            [
                0.0019272660138085485,
                -0.0022979378700256348
            ],
            [
                0.0004988611908629537,
                -5.875527858734131e-05
            ],
            [
                0.0012433562660589814,
                -0.0022734738886356354
            ],
            [
                -6.608373951166868e-05,
                0.0014904774725437164
            ],
            [
                -0.00010867195669561625,
                0.001412816345691681
            ],
            [
                -0.0001721588196232915,
                0.0049423947930336
            ]
        ],
        [
            [
                0.0020434390753507614,
                -0.009945809841156006
            ],
            [
                0.0008958838880062103,
                -0.009197190403938293
            ],
            [
                0.0018040123395621777,
                -0.012312609702348709
            ],
            [
                0.00016365479677915573,
                -0.006960045546293259
            ],
            [
                0.00020001479424536228,
                -0.008609630167484283
            ],
            [
                0.00036561465822160244,
                -0.009890742599964142
            ]
        ],
        [
            [
                0.010397106409072876,
                0.0518871545791626
            ],
            [
                0.009941952303051949,
                0.07268431782722473
            ],
            [
                0.010705424472689629,
                0.07216913998126984
            ],
            [
                -0.0014548804610967636,
                0.058827973902225494
            ],
            [
                -0.006426583975553513,
                0.05367329344153404
            ],
            [
                -0.009031100198626518,
                0.056204017251729965
            ]
        ]
    ],
    "tl_trigger": 0.9999992847442627,
    "tl_status": 0
}