{
    "speed": 2.3978605662508574,
    "steer": 0.011378700844943523,
    "throttle": 0.0,
    "brake": 1.0,
    "wp_6": [
        0.19027504324913025,
        6.5585432052612305
    ],
    "wp_5": [
        0.12766370177268982,
        5.7560133934021
    ],
    "wp_4": [
        0.06593398749828339,
        5.033897876739502
    ],
    "wp_3": [
        0.07682698220014572,
        4.3330559730529785
    ],
    "wp_2": [
        0.04241103678941727,
        3.4416065216064453
    ],
    "wp_1": [
        0.016604363918304443,
        2.0387823581695557
    ],
    "aim": [
        0.04241103678941727,
        3.4416065216064453
    ],
    "target": [
        1.1279886322084867,
        31.187644988442123
    ],
    "desired_speed": 1.8103277444839478,
    "angle": 0.007844672107196787,
    "angle_last": 0.049567034434201226,
    "angle_target": 0.023015107238085156,
    "angle_final": 0.007844672107196787,
    "delta": 0.0,
    "log_entries": [
        "norm1:2.74",
        "norm2:3.89",
        "norm3:4.68",
        "norm4:5.40",
        "norm5:6.16",
        " ",
        " ",
        " ",
        " ",
        " ",
        " ",
        " ",
        " ",
        " "
    ],
    "agent": "only_traj",
    "steer_traj": 0.011378701092202449,
    "throttle_traj": 0.0,
    "brake_traj": 1.0,
    "plan": [
        [
            0.016604363918304443,
            2.0387823581695557
        ],
        [
            0.04241103678941727,
            3.4416065216064453
        ],
        [
            0.07682698220014572,
            4.3330559730529785
        ],
        [
            0.06593398749828339,
            5.033897876739502
        ],
        [
            0.12766370177268982,
            5.7560133934021
        ],
        [
            0.19027504324913025,
            6.5585432052612305
        ]
    ],
    "command": 3,
    "redefined_command": 3,
    "cmd_softmax_output": [
        0.9999539852142334,
        4.417297168402001e-05,
        1.7626608723730897e-06
    ],
    "all_plan": [
        [
            [
                0.029615141451358795,
                2.169865131378174
            ],
            [
                0.05747748166322708,
                3.6126372814178467
            ],
            [
                0.09731829166412354,
                4.453439712524414
            ],
            [
                0.07720059156417847,
                5.001865863800049
            ],
            [
                0.1353377401828766,
                5.5770440101623535
            ],
            [
                0.20126500725746155,
                6.244143486022949
            ]
        ],
        [
            [
                0.04587206989526749,
                2.065654754638672
            ],
            [
                0.07595711201429367,
                3.5384318828582764
            ],
            [
                0.10868921130895615,
                4.509724140167236
            ],
            [
                0.06880658864974976,
                5.2294440269470215
            ],
            [
                0.1153014674782753,
                5.90281867980957
            ],
            [
                0.1779961884021759,
                6.594419002532959
            ]
        ],
        [
            [
                0.02536868304014206,
                2.1684818267822266
            ],
            [
                0.05645247548818588,
                3.727651357650757
            ],
            [
                0.09616297483444214,
                4.743066787719727
            ],
            [
                0.08692741394042969,
                5.5375189781188965
            ],
            [
                0.15843993425369263,
                6.319085597991943
            ],
            [
                0.2353224754333496,
                7.152682781219482
            ]
        ],
        [
            [
                0.016604363918304443,
                2.0387823581695557
            ],
            [
                0.04241103678941727,
                3.4416065216064453
            ],
            [
                0.07682698220014572,
                4.3330559730529785
            ],
            [
                0.06593398749828339,
                5.033897876739502
            ],
            [
                0.12766370177268982,
                5.7560133934021
            ],
            [
                0.19027504324913025,
                6.5585432052612305
            ]
        ],
        [
            [
                0.030920416116714478,
                2.2358527183532715
            ],
            [
                0.0556282177567482,
                3.891986846923828
            ],
            [
                0.08147212862968445,
                4.996161460876465
            ],
            [
                0.06476975977420807,
                5.852183818817139
            ],
            [
                0.11572537571191788,
                6.666950225830078
            ],
            [
                0.17726284265518188,
                7.521419525146484
            ]
        ],
        [
            [
                0.0586114376783371,
                2.072559356689453
            ],
            [
                0.09070876985788345,
                3.568678855895996
            ],
            [
                0.12181995809078217,
                4.5801591873168945
            ],
            [
                0.06702852249145508,
                5.32766056060791
            ],
            [
                0.10584224760532379,
                5.9963579177856445
            ],
            [
                0.16795526444911957,
                6.650970935821533
            ]
        ]
    ],
    "tl_trigger": 5.715216957469238e-07,
    "tl_status": 0
}