{
    "speed": 0.004618346231143822,
    "steer": 0.023728197440505028,
    "throttle": 0.75,
    "brake": 0.0,
    "wp_6": [
        -0.003045983612537384,
        13.155194282531738
    ],
    "wp_5": [
        0.007815910503268242,
        9.719368934631348
    ],
    "wp_4": [
        0.02921924740076065,
        6.47426176071167
    ],
    "wp_3": [
        0.05847446247935295,
        3.5631415843963623
    ],
    "wp_2": [
        0.05813745781779289,
        1.369452953338623
    ],
    "wp_1": [
        0.035693757236003876,
        0.19593840837478638
    ],
    "aim": [
        0.05847446247935295,
        3.5631415843963623
    ],
    "target": [
        1.1535379064457811,
        23.005493412339916
    ],
    "desired_speed": 5.183882045745849,
    "angle": 0.010446594726017755,
    "angle_last": -0.0020125810119748376,
    "angle_target": 0.03189457861242602,
    "angle_final": 0.010446594726017755,
    "delta": 0.25,
    "log_entries": [
        "norm1:0.78",
        "norm2:2.47",
        "norm3:5.02",
        "norm4:8.10",
        "norm5:11.44",
        " ",
        " ",
        " ",
        " ",
        " ",
        " ",
        " ",
        " ",
        " "
    ],
    "agent": "only_traj",
    "steer_traj": 0.0237281976523143,
    "throttle_traj": 0.75,
    "brake_traj": 0.0,
    "plan": [
        [
            0.035693757236003876,
            0.19593840837478638
        ],
        [
            0.05813745781779289,
            1.369452953338623
        ],
        [
            0.05847446247935295,
            3.5631415843963623
        ],
        [
            0.02921924740076065,
            6.47426176071167
        ],
        [
            0.007815910503268242,
            9.719368934631348
        ],
        [
            -0.003045983612537384,
            13.155194282531738
        ]
    ],
    "command": 3,
    "redefined_command": 3,
    "cmd_softmax_output": [
        0.9963894486427307,
        4.3512842239579186e-05,
        0.003567066276445985
    ],
    "all_plan": [
        [
            [
                0.04265929013490677,
                0.08996638655662537
            ],
            [
                0.07123339921236038,
                1.108897089958191
            ],
            [
                0.08530554175376892,
                3.041959762573242
            ],
            [
                -0.005809389054775238,
                5.566555023193359
            ],
            [
                0.03633113205432892,
                8.356952667236328
            ],
            [
                0.0718325600028038,
                11.348761558532715
            ]
        ],
        [
            [
                0.036708489060401917,
                0.04655176401138306
            ],
            [
                0.06756561249494553,
                0.999102771282196
            ],
            [
                0.09354797005653381,
                2.8336994647979736
            ],
            [
                0.017659448087215424,
                5.213947296142578
            ],
            [
                0.07782578468322754,
                7.798619747161865
            ],
            [
                0.12207779288291931,
                10.572341918945312
            ]
        ],
        [
            [
                0.054618045687675476,
                0.251556932926178
            ],
            [
                0.09007153660058975,
                1.5667264461517334
            ],
            [
                0.10303175449371338,
                3.8812360763549805
            ],
            [
                0.035161860287189484,
                6.866361141204834
            ],
            [
                0.06796936690807343,
                10.154767990112305
            ],
            [
                0.13457483053207397,
                13.629033088684082
            ]
        ],
        [
            [
                0.035693757236003876,
                0.19593840837478638
            ],
            [
                0.05813745781779289,
                1.369452953338623
            ],
            [
                0.05847446247935295,
                3.5631415843963623
            ],
            [
                0.02921924740076065,
                6.47426176071167
            ],
            [
                0.007815910503268242,
                9.719368934631348
            ],
            [
                -0.003045983612537384,
                13.155194282531738
            ]
        ],
        [
            [
                0.07065941393375397,
                0.24666842818260193
            ],
            [
                0.11228005588054657,
                1.4280692338943481
            ],
            [
                0.1331462562084198,
                3.521117687225342
            ],
            [
                0.019442297518253326,
                6.208601951599121
            ],
            [
                0.06056235730648041,
                9.207347869873047
            ],
            [
                0.12636390328407288,
                12.4055757522583
            ]
        ],
        [
            [
                0.07050967216491699,
                0.27630865573883057
            ],
            [
                0.11501441150903702,
                1.4180718660354614
            ],
            [
                0.1446651816368103,
                3.376796245574951
            ],
            [
                0.03839366137981415,
                5.841575622558594
            ],
            [
                0.10089198499917984,
                8.496574401855469
            ],
            [
                0.1762235462665558,
                11.302592277526855
            ]
        ]
    ],
    "tl_trigger": 6.166565071907826e-07,
    "tl_status": 0
}