{
    "speed": 0.004434467950339274,
    "steer": 0.04274894297122955,
    "throttle": 0.75,
    "brake": 0.0,
    "wp_6": [
        0.17019248008728027,
        14.123991966247559
    ],
    "wp_5": [
        0.0934603288769722,
        10.53853702545166
    ],
    "wp_4": [
        0.0644635260105133,
        7.124829292297363
    ],
    "wp_3": [
        0.09510289132595062,
        4.015098571777344
    ],
    "wp_2": [
        0.08387622982263565,
        1.6178410053253174
    ],
    "wp_1": [
        0.049493737518787384,
        0.25217050313949585
    ],
    "aim": [
        0.08387622982263565,
        1.6178410053253174
    ],
    "target": [
        1.8560970656542832,
        23.351470475703003
    ],
    "desired_speed": 5.549350166320801,
    "angle": 0.03297574603033248,
    "angle_last": 0.013622177344129018,
    "angle_target": 0.05049570703447569,
    "angle_final": 0.03297574603033248,
    "delta": 0.25,
    "log_entries": [
        "norm1:0.94",
        "norm2:2.82",
        "norm3:5.57",
        "norm4:8.83",
        "norm5:12.33",
        " ",
        " ",
        " ",
        " ",
        " ",
        " ",
        " ",
        " ",
        " "
    ],
    "agent": "only_traj",
    "steer_traj": 0.042748944026867734,
    "throttle_traj": 0.75,
    "brake_traj": 0.0,
    "plan": [
        [
            0.049493737518787384,
            0.25217050313949585
        ],
        [
            0.08387622982263565,
            1.6178410053253174
        ],
        [
            0.09510289132595062,
            4.015098571777344
        ],
        [
            0.0644635260105133,
            7.124829292297363
        ],
        [
            0.0934603288769722,
            10.53853702545166
        ],
        [
            0.17019248008728027,
            14.123991966247559
        ]
    ],
    "command": 3,
    "redefined_command": 3,
    "cmd_softmax_output": [
        0.9965372085571289,
        3.893250323017128e-05,
        0.003423814894631505
    ],
    "all_plan": [
        [
            [
                0.07432622462511063,
                0.22390305995941162
            ],
            [
                0.1276155710220337,
                1.4416409730911255
            ],
            [
                0.1679210513830185,
                3.6099138259887695
            ],
            [
                0.06398019939661026,
                6.393826484680176
            ],
            [
                0.13147282600402832,
                9.452300071716309
            ],
            [
                0.22565683722496033,
                12.690522193908691
            ]
        ],
        [
            [
                0.07547704130411148,
                0.2526959180831909
            ],
            [
                0.14478547871112823,
                1.472830891609192
            ],
            [
                0.21280822157859802,
                3.5903987884521484
            ],
            [
                0.14713871479034424,
                6.289727210998535
            ],
            [
                0.25620368123054504,
                9.188117980957031
            ],
            [
                0.39538562297821045,
                12.228364944458008
            ]
        ],
        [
            [
                0.08094500750303268,
                0.41095760464668274
            ],
            [
                0.1369892656803131,
                1.9376506805419922
            ],
            [
                0.17132627964019775,
                4.476032257080078
            ],
            [
                0.08953983336687088,
                7.684073448181152
            ],
            [
                0.1451103240251541,
                11.1710844039917
            ],
            [
                0.2593456506729126,
                14.813580513000488
            ]
        ],
        [
            [
                0.049493737518787384,
                0.25217050313949585
            ],
            [
                0.08387622982263565,
                1.6178410053253174
            ],
            [
                0.09510289132595062,
                4.015098571777344
            ],
            [
                0.0644635260105133,
                7.124829292297363
            ],
            [
                0.0934603288769722,
                10.53853702545166
            ],
            [
                0.17019248008728027,
                14.123991966247559
            ]
        ],
        [
            [
                0.09277068823575974,
                0.4259212613105774
            ],
            [
                0.15418866276741028,
                1.8647868633270264
            ],
            [
                0.19620122015476227,
                4.238421440124512
            ],
            [
                0.09170808643102646,
                7.224920272827148
            ],
            [
                0.15617108345031738,
                10.479870796203613
            ],
            [
                0.27435606718063354,
                13.88473129272461
            ]
        ],
        [
            [
                0.12035547941923141,
                0.5046513080596924
            ],
            [
                0.2148362696170807,
                1.8957929611206055
            ],
            [
                0.2978605329990387,
                4.0952277183532715
            ],
            [
                0.19000712037086487,
                6.817615509033203
            ],
            [
                0.30571648478507996,
                9.746267318725586
            ],
            [
                0.4730020761489868,
                12.794110298156738
            ]
        ]
    ],
    "tl_trigger": 6.101137159930659e-07,
    "tl_status": 0
}