{
    "speed": 0.0004718232865931048,
    "steer": 0.032207224518060684,
    "throttle": 0.75,
    "brake": 0.0,
    "wp_6": [
        0.25780782103538513,
        13.37597370147705
    ],
    "wp_5": [
        0.1478748619556427,
        9.97204303741455
    ],
    "wp_4": [
        0.0937260240316391,
        6.730809688568115
    ],
    "wp_3": [
        0.10068700462579727,
        3.7764532566070557
    ],
    "wp_2": [
        0.08422151207923889,
        1.5156140327453613
    ],
    "wp_1": [
        0.0460498109459877,
        0.22560030221939087
    ],
    "aim": [
        0.10068700462579727,
        3.7764532566070557
    ],
    "target": [
        2.383844368212336,
        23.002773236331194
    ],
    "desired_speed": 5.261293411254883,
    "angle": 0.016969425383379932,
    "angle_last": 0.020553073858904067,
    "angle_target": 0.06574008622320959,
    "angle_final": 0.016969425383379932,
    "delta": 0.25,
    "log_entries": [
        "norm1:0.87",
        "norm2:2.65",
        "norm3:5.25",
        "norm4:8.35",
        "norm5:11.68",
        " ",
        " ",
        " ",
        " ",
        " ",
        " ",
        " ",
        " ",
        " "
    ],
    "agent": "only_traj",
    "steer_traj": 0.03220722294708967,
    "throttle_traj": 0.75,
    "brake_traj": 0.0,
    "plan": [
        [
            0.0460498109459877,
            0.22560030221939087
        ],
        [
            0.08422151207923889,
            1.5156140327453613
        ],
        [
            0.10068700462579727,
            3.7764532566070557
        ],
        [
            0.0937260240316391,
            6.730809688568115
        ],
        [
            0.1478748619556427,
            9.97204303741455
        ],
        [
            0.25780782103538513,
            13.37597370147705
        ]
    ],
    "command": 3,
    "redefined_command": 3,
    "cmd_softmax_output": [
        0.9983150959014893,
        4.14846399507951e-05,
        0.0016434021526947618
    ],
    "all_plan": [
        [
            [
                0.06076223403215408,
                0.21537241339683533
            ],
            [
                0.11171209812164307,
                1.3867121934890747
            ],
            [
                0.15288183093070984,
                3.456943988800049
            ],
            [
                0.07945439964532852,
                6.125426292419434
            ],
            [
                0.15958689153194427,
                9.022150993347168
            ],
            [
                0.2610083222389221,
                12.07479476928711
            ]
        ],
        [
            [
                0.057804085314273834,
                0.2117578387260437
            ],
            [
                0.11793707311153412,
                1.3651795387268066
            ],
            [
                0.1798781156539917,
                3.3834149837493896
            ],
            [
                0.1316985934972763,
                5.964669704437256
            ],
            [
                0.24335569143295288,
                8.711299896240234
            ],
            [
                0.375762403011322,
                11.591879844665527
            ]
        ],
        [
            [
                0.08017144352197647,
                0.4032392203807831
            ],
            [
                0.14361774921417236,
                1.8746092319488525
            ],
            [
                0.18698669970035553,
                4.301479816436768
            ],
            [
                0.12676839530467987,
                7.3831987380981445
            ],
            [
                0.20970523357391357,
                10.733820915222168
            ],
            [
                0.3633161783218384,
                14.2311372756958
            ]
        ],
        [
            [
                0.0460498109459877,
                0.22560030221939087
            ],
            [
                0.08422151207923889,
                1.5156140327453613
            ],
            [
                0.10068700462579727,
                3.7764532566070557
            ],
            [
                0.0937260240316391,
                6.730809688568115
            ],
            [
                0.1478748619556427,
                9.97204303741455
            ],
            [
                0.25780782103538513,
                13.37597370147705
            ]
        ],
        [
            [
                0.08852415531873703,
                0.3967171311378479
            ],
            [
                0.15560147166252136,
                1.7754700183868408
            ],
            [
                0.20624789595603943,
                4.052318572998047
            ],
            [
                0.12337670475244522,
                6.934814453125
            ],
            [
                0.2135888636112213,
                10.0780668258667
            ],
            [
                0.3643674850463867,
                13.369810104370117
            ]
        ],
        [
            [
                0.08777032047510147,
                0.4273695647716522
            ],
            [
                0.15962785482406616,
                1.7420742511749268
            ],
            [
                0.22338248789310455,
                3.8397457599639893
            ],
            [
                0.1497727334499359,
                6.446768760681152
            ],
            [
                0.26423364877700806,
                9.187414169311523
            ],
            [
                0.4228364825248718,
                12.021240234375
            ]
        ]
    ],
    "tl_trigger": 6.005241175444098e-07,
    "tl_status": 0
}