{
    "speed": 0.0059125951311599124,
    "steer": 0.048866745084524155,
    "throttle": 0.75,
    "brake": 0.0,
    "wp_6": [
        0.45622268319129944,
        12.129608154296875
    ],
    "wp_5": [
        0.24467459321022034,
        9.00997543334961
    ],
    "wp_4": [
        0.13481906056404114,
        6.044685363769531
    ],
    "wp_3": [
        0.17391809821128845,
        3.3513715267181396
    ],
    "wp_2": [
        0.11327388882637024,
        1.3038759231567383
    ],
    "wp_1": [
        0.05821964889764786,
        0.17064377665519714
    ],
    "aim": [
        0.17391809821128845,
        3.3513715267181396
    ],
    "target": [
        2.068173261610749,
        23.33663584659402
    ],
    "desired_speed": 4.788272476196289,
    "angle": 0.033007544355468425,
    "angle_last": 0.043104385332525946,
    "angle_target": 0.05627242668574388,
    "angle_final": 0.033007544355468425,
    "delta": 0.25,
    "log_entries": [
        "norm1:0.74",
        "norm2:2.33",
        "norm3:4.70",
        "norm4:7.53",
        "norm5:10.58",
        " ",
        " ",
        " ",
        " ",
        " ",
        " ",
        " ",
        " ",
        " "
    ],
    "agent": "only_traj",
    "steer_traj": 0.048866745889404234,
    "throttle_traj": 0.75,
    "brake_traj": 0.0,
    "plan": [
        [
            0.05821964889764786,
            0.17064377665519714
        ],
        [
            0.11327388882637024,
            1.3038759231567383
        ],
        [
            0.17391809821128845,
            3.3513715267181396
        ],
        [
            0.13481906056404114,
            6.044685363769531
        ],
        [
            0.24467459321022034,
            9.00997543334961
        ],
        [
            0.45622268319129944,
            12.129608154296875
        ]
    ],
    "command": 3,
    "redefined_command": 3,
    "cmd_softmax_output": [
        0.999367892742157,
        3.505609493004158e-05,
        0.000597097328864038
    ],
    "all_plan": [
        [
            [
                0.05398210138082504,
                0.09116721153259277
            ],
            [
                0.11877629160881042,
                1.0794472694396973
            ],
            [
                0.18596318364143372,
                2.9299569129943848
            ],
            [
                0.10111402720212936,
                5.336884498596191
            ],
            [
                0.2216186225414276,
                7.881402015686035
            ],
            [
                0.3734070658683777,
                10.528071403503418
            ]
        ],
        [
            [
                0.08808854967355728,
                0.2512628734111786
            ],
            [
                0.20459747314453125,
                1.3086483478546143
            ],
            [
                0.3343856930732727,
                3.1148037910461426
            ],
            [
                0.2889198660850525,
                5.455780029296875
            ],
            [
                0.47989410161972046,
                7.880141258239746
            ],
            [
                0.723789632320404,
                10.338335037231445
            ]
        ],
        [
            [
                0.10696288198232651,
                0.4114348292350769
            ],
            [
                0.2177830934524536,
                1.772075891494751
            ],
            [
                0.32591381669044495,
                3.978945016860962
            ],
            [
                0.27627643942832947,
                6.794478416442871
            ],
            [
                0.4310818612575531,
                9.818280220031738
            ],
            [
                0.6590350270271301,
                12.946417808532715
            ]
        ],
        [
            [
                0.05821964889764786,
                0.17064377665519714
            ],
            [
                0.11327388882637024,
                1.3038759231567383
            ],
            [
                0.17391809821128845,
                3.3513715267181396
            ],
            [
                0.13481906056404114,
                6.044685363769531
            ],
            [
                0.24467459321022034,
                9.00997543334961
            ],
            [
                0.45622268319129944,
                12.129608154296875
            ]
        ],
        [
            [
                0.11376849561929703,
                0.4267515540122986
            ],
            [
                0.22886919975280762,
                1.7259445190429688
            ],
            [
                0.34534817934036255,
                3.811427593231201
            ],
            [
                0.28925952315330505,
                6.433341026306152
            ],
            [
                0.44732314348220825,
                9.227814674377441
            ],
            [
                0.6486681699752808,
                12.1265869140625
            ]
        ],
        [
            [
                0.1267576515674591,
                0.5049982666969299
            ],
            [
                0.2605419158935547,
                1.7613656520843506
            ],
            [
                0.4044078588485718,
                3.682533025741577
            ],
            [
                0.34345167875289917,
                6.060572624206543
            ],
            [
                0.5389455556869507,
                8.504756927490234
            ],
            [
                0.794491171836853,
                10.984028816223145
            ]
        ]
    ],
    "tl_trigger": 5.785669827673701e-07,
    "tl_status": 0
}