{
    "speed": 0.003768533455965016,
    "steer": 0.14896319806575775,
    "throttle": 0.75,
    "brake": 0.0,
    "wp_6": [
        1.4302942752838135,
        10.380274772644043
    ],
    "wp_5": [
        0.8823919296264648,
        8.029311180114746
    ],
    "wp_4": [
        0.5539414286613464,
        5.677789688110352
    ],
    "wp_3": [
        0.5192323327064514,
        3.4250478744506836
    ],
    "wp_2": [
        0.2892591953277588,
        1.7048816680908203
    ],
    "wp_1": [
        0.12142535299062729,
        0.5447802543640137
    ],
    "aim": [
        0.5192323327064514,
        3.4250478744506836
    ],
    "target": [
        3.829541269433135,
        21.906921464146013
    ],
    "desired_speed": 3.9795892238616943,
    "angle": 0.09578130861435995,
    "angle_last": 0.1457651641974487,
    "angle_target": 0.11017403312493189,
    "angle_final": 0.09578130861435995,
    "delta": 0.25,
    "log_entries": [
        "norm1:1.14",
        "norm2:2.60",
        "norm3:4.58",
        "norm4:6.89",
        "norm5:9.28",
        " ",
        " ",
        " ",
        " ",
        " ",
        " ",
        " ",
        " ",
        " ",
        " ",
        " ",
        " "
    ],
    "agent": "only_traj",
    "steer_traj": 0.14896319094323834,
    "throttle_traj": 0.75,
    "brake_traj": 0.0,
    "plan": [
        [
            0.12142535299062729,
            0.5447802543640137
        ],
        [
            0.2892591953277588,
            1.7048816680908203
        ],
        [
            0.5192323327064514,
            3.4250478744506836
        ],
        [
            0.5539414286613464,
            5.677789688110352
        ],
        [
            0.8823919296264648,
            8.029311180114746
        ],
        [
            1.4302942752838135,
            10.380274772644043
        ]
    ],
    "command": 3,
    "redefined_command": 3,
    "cmd_softmax_output": [
        0.9998019337654114,
        4.22554585384205e-05,
        0.00015581166371703148
    ],
    "all_plan": [
        [
            [
                0.15446904301643372,
                0.5836989879608154
            ],
            [
                0.3617876172065735,
                1.6187570095062256
            ],
            [
                0.6039596796035767,
                3.0733118057250977
            ],
            [
                0.563264012336731,
                4.9814910888671875
            ],
            [
                0.871252179145813,
                6.889743328094482
            ],
            [
                1.3422138690948486,
                8.668563842773438
            ]
        ],
        [
            [
                0.21780946850776672,
                0.760002613067627
            ],
            [
                0.4862171411514282,
                1.8654296398162842
            ],
            [
                0.7746740579605103,
                3.2648415565490723
            ],
            [
                0.72431480884552,
                5.156314849853516
            ],
            [
                1.0606664419174194,
                6.953971862792969
            ],
            [
                1.5601863861083984,
                8.562976837158203
            ]
        ],
        [
            [
                0.22541016340255737,
                0.8850759267807007
            ],
            [
                0.49450987577438354,
                2.3063840866088867
            ],
            [
                0.8090683817863464,
                4.179620742797852
            ],
            [
                0.7938811779022217,
                6.566966533660889
            ],
            [
                1.1712005138397217,
                9.023347854614258
            ],
            [
                1.7537922859191895,
                11.424002647399902
            ]
        ],
        [
            [
                0.12142535299062729,
                0.5447802543640137
            ],
            [
                0.2892591953277588,
                1.7048816680908203
            ],
            [
                0.5192323327064514,
                3.4250478744506836
            ],
            [
                0.5539414286613464,
                5.677789688110352
            ],
            [
                0.8823919296264648,
                8.029311180114746
            ],
            [
                1.4302942752838135,
                10.380274772644043
            ]
        ],
        [
            [
                0.23749256134033203,
                0.9414605498313904
            ],
            [
                0.506009578704834,
                2.365490198135376
            ],
            [
                0.8012800216674805,
                4.177415370941162
            ],
            [
                0.7625296711921692,
                6.4625349044799805
            ],
            [
                1.0974650382995605,
                8.780280113220215
            ],
            [
                1.6104620695114136,
                11.018535614013672
            ]
        ],
        [
            [
                0.2837066650390625,
                0.9724954962730408
            ],
            [
                0.5984535813331604,
                2.2723913192749023
            ],
            [
                0.9206902980804443,
                3.8232336044311523
            ],
            [
                0.8227511048316956,
                5.860260963439941
            ],
            [
                1.1690874099731445,
                7.7673234939575195
            ],
            [
                1.6735888719558716,
                9.507630348205566
            ]
        ]
    ],
    "tl_trigger": 5.730924499403045e-07,
    "tl_status": 0
}