{
    "speed": 10.144804699243732,
    "steer": 0.0008899140520952642,
    "throttle": 0.10219331830739975,
    "brake": 0.0,
    "wp_6": [
        -0.040184833109378815,
        28.210948944091797
    ],
    "wp_5": [
        -0.0016998664941638708,
        23.546815872192383
    ],
    "wp_4": [
        -0.0053831711411476135,
        18.838134765625
    ],
    "wp_3": [
        -0.078595831990242,
        14.192444801330566
    ],
    "wp_2": [
        -0.05034618824720383,
        9.534618377685547
    ],
    "wp_1": [
        -0.017311811447143555,
        4.798023223876953
    ],
    "aim": [
        -0.0053831711411476135,
        18.838134765625
    ],
    "target": [
        -0.10993380991960128,
        16.671464801442138
    ],
    "desired_speed": 9.365545272827148,
    "angle": -0.00018186264143908682,
    "angle_last": -0.005252746863238109,
    "angle_target": -0.004197892837610642,
    "angle_final": -0.00018186264143908682,
    "delta": 0.0,
    "agent": "only_traj",
    "steer_traj": 0.0008899140450497347,
    "throttle_traj": 0.1021933196970087,
    "brake_traj": 0.0,
    "plan": [
        [
            -0.017311811447143555,
            4.798023223876953
        ],
        [
            -0.05034618824720383,
            9.534618377685547
        ],
        [
            -0.078595831990242,
            14.192444801330566
        ],
        [
            -0.0053831711411476135,
            18.838134765625
        ],
        [
            -0.0016998664941638708,
            23.546815872192383
        ],
        [
            -0.040184833109378815,
            28.210948944091797
        ]
    ],
    "command": 2,
    "all_plan": [
        [
            [
                -0.014141179621219635,
                4.763510704040527
            ],
            [
                -0.0951012521982193,
                9.408458709716797
            ],
            [
                -0.20035618543624878,
                13.954946517944336
            ],
            [
                -0.3387603759765625,
                18.413354873657227
            ],
            [
                -0.4989400804042816,
                22.9309139251709
            ],
            [
                -0.6643955707550049,
                27.395320892333984
            ]
        ],
        [
            [
                0.03208575397729874,
                4.878692150115967
            ],
            [
                0.03862790763378143,
                9.637516021728516
            ],
            [
                0.023372748866677284,
                14.262951850891113
            ],
            [
                0.0872974544763565,
                18.795019149780273
            ],
            [
                0.050583772361278534,
                23.40619659423828
            ],
            [
                -0.014151856303215027,
                27.972694396972656
            ]
        ],
        [
            [
                -0.017311811447143555,
                4.798023223876953
            ],
            [
                -0.05034618824720383,
                9.534618377685547
            ],
            [
                -0.078595831990242,
                14.192444801330566
            ],
            [
                -0.0053831711411476135,
                18.838134765625
            ],
            [
                -0.0016998664941638708,
                23.546815872192383
            ],
            [
                -0.040184833109378815,
                28.210948944091797
            ]
        ],
        [
            [
                -0.04595229774713516,
                4.7646098136901855
            ],
            [
                -0.10079285502433777,
                9.456348419189453
            ],
            [
                -0.14142760634422302,
                14.060970306396484
            ],
            [
                -0.06055080145597458,
                18.629352569580078
            ],
            [
                -0.0678957849740982,
                23.23155975341797
            ],
            [
                -0.1217942163348198,
                27.774141311645508
            ]
        ],
        [
            [
                -0.020847328007221222,
                4.881269454956055
            ],
            [
                -0.08694416284561157,
                9.665361404418945
            ],
            [
                -0.16160422563552856,
                14.354388236999512
            ],
            [
                -0.17918087542057037,
                18.988950729370117
            ],
            [
                -0.25194528698921204,
                23.687971115112305
            ],
            [
                -0.35332953929901123,
                28.34075164794922
            ]
        ],
        [
            [
                0.023150734603405,
                4.872630596160889
            ],
            [
                0.0035898257046937943,
                9.653069496154785
            ],
            [
                -0.03817560523748398,
                14.313282012939453
            ],
            [
                -0.06589792668819427,
                18.88750457763672
            ],
            [
                -0.15810155868530273,
                23.510013580322266
            ],
            [
                -0.2522481381893158,
                28.037906646728516
            ]
        ]
    ],
    "tl_trigger": 4.415375656208198e-07,
    "tl_status": 0
}