{
    "speed": 6.171457081675918,
    "steer": 0.16426102817058563,
    "throttle": 0.75,
    "brake": 0.0,
    "wp_6": [
        6.250403881072998,
        19.040328979492188
    ],
    "wp_5": [
        4.732494354248047,
        15.92178726196289
    ],
    "wp_4": [
        3.2556827068328857,
        12.701183319091797
    ],
    "wp_3": [
        1.8849456310272217,
        9.246240615844727
    ],
    "wp_2": [
        0.9129468202590942,
        6.003803253173828
    ],
    "wp_1": [
        0.23649662733078003,
        2.7851147651672363
    ],
    "aim": [
        3.2556827068328857,
        12.701183319091797
    ],
    "target": [
        1.657233724865744,
        7.949018525524451
    ],
    "desired_speed": 6.960927295684815,
    "angle": 0.1597448159356769,
    "angle_last": 0.28837663020966536,
    "angle_target": 0.13084996505049123,
    "angle_final": 0.13084996505049123,
    "delta": 0.25,
    "agent": "only_traj",
    "steer_traj": 0.16426102769483752,
    "throttle_traj": 0.75,
    "brake_traj": 0.0,
    "plan": [
        [
            0.23649662733078003,
            2.7851147651672363
        ],
        [
            0.9129468202590942,
            6.003803253173828
        ],
        [
            1.8849456310272217,
            9.246240615844727
        ],
        [
            3.2556827068328857,
            12.701183319091797
        ],
        [
            4.732494354248047,
            15.92178726196289
        ],
        [
            6.250403881072998,
            19.040328979492188
        ]
    ],
    "command": 3,
    "all_plan": [
        [
            [
                0.44103172421455383,
                2.998687744140625
            ],
            [
                1.2422311305999756,
                6.284303665161133
            ],
            [
                2.2092127799987793,
                9.49564266204834
            ],
            [
                3.384394884109497,
                12.895166397094727
            ],
            [
                4.656919479370117,
                16.046573638916016
            ],
            [
                5.9218268394470215,
                19.12868881225586
            ]
        ],
        [
            [
                0.5098301768302917,
                2.7251200675964355
            ],
            [
                1.54075288772583,
                5.705783843994141
            ],
            [
                2.8811473846435547,
                8.579286575317383
            ],
            [
                4.402523040771484,
                11.774871826171875
            ],
            [
                6.260221481323242,
                14.574026107788086
            ],
            [
                8.019746780395508,
                17.39402198791504
            ]
        ],
        [
            [
                0.30066803097724915,
                2.900602340698242
            ],
            [
                1.0507861375808716,
                6.235783576965332
            ],
            [
                2.0813217163085938,
                9.599547386169434
            ],
            [
                3.496269941329956,
                13.16663646697998
            ],
            [
                4.996798515319824,
                16.545330047607422
            ],
            [
                6.512228488922119,
                19.845762252807617
            ]
        ],
        [
            [
                0.23649662733078003,
                2.7851147651672363
            ],
            [
                0.9129468202590942,
                6.003803253173828
            ],
            [
                1.8849456310272217,
                9.246240615844727
            ],
            [
                3.2556827068328857,
                12.701183319091797
            ],
            [
                4.732494354248047,
                15.92178726196289
            ],
            [
                6.250403881072998,
                19.040328979492188
            ]
        ],
        [
            [
                0.29774007201194763,
                2.8702616691589355
            ],
            [
                1.078574776649475,
                6.096159934997559
            ],
            [
                2.2039027214050293,
                9.288415908813477
            ],
            [
                3.668896198272705,
                12.63658332824707
            ],
            [
                5.318605899810791,
                15.756110191345215
            ],
            [
                6.930931091308594,
                18.804061889648438
            ]
        ],
        [
            [
                0.5826157927513123,
                3.014789581298828
            ],
            [
                1.5699354410171509,
                6.192758560180664
            ],
            [
                2.71290922164917,
                9.163414001464844
            ],
            [
                3.9174375534057617,
                12.37835693359375
            ],
            [
                5.340246677398682,
                15.142194747924805
            ],
            [
                6.6681718826293945,
                17.845924377441406
            ]
        ]
    ],
    "tl_trigger": 8.039916679081216e-07,
    "tl_status": 0
}