{
    "speed": 8.884945564265262,
    "steer": -0.004065979737788439,
    "throttle": 0.75,
    "brake": 0.0,
    "wp_6": [
        -1.3172158002853394,
        27.40961265563965
    ],
    "wp_5": [
        -1.0268558263778687,
        22.99761199951172
    ],
    "wp_4": [
        -0.7065341472625732,
        18.448543548583984
    ],
    "wp_3": [
        -0.3246479630470276,
        13.906516075134277
    ],
    "wp_2": [
        -0.13730141520500183,
        9.288135528564453
    ],
    "wp_1": [
        -0.0017902328399941325,
        4.6506733894348145
    ],
    "aim": [
        -0.7065341472625732,
        18.448543548583984
    ],
    "target": [
        -1.4444537243254087,
        4.578774134541248
    ],
    "desired_speed": 9.120620727539062,
    "angle": -0.024369080312269798,
    "angle_last": -0.04183645431367885,
    "angle_target": -0.19454204343566614,
    "angle_final": -0.024369080312269798,
    "delta": 0.23567516327380034,
    "log_entries": [
        "norm1:6.97",
        "norm2:11.60",
        "norm3:16.19",
        "norm4:20.74",
        "norm5:25.23",
        " ",
        " ",
        " ",
        " ",
        " ",
        " "
    ],
    "agent": "only_traj",
    "steer_traj": -0.00406597988415131,
    "throttle_traj": 0.75,
    "brake_traj": 0.0,
    "plan": [
        [
            -0.0017902328399941325,
            4.6506733894348145
        ],
        [
            -0.13730141520500183,
            9.288135528564453
        ],
        [
            -0.3246479630470276,
            13.906516075134277
        ],
        [
            -0.7065341472625732,
            18.448543548583984
        ],
        [
            -1.0268558263778687,
            22.99761199951172
        ],
        [
            -1.3172158002853394,
            27.40961265563965
        ]
    ],
    "command": 2,
    "redefined_command": 2,
    "cmd_softmax_output": [
        0.2488112449645996,
        0.5182116031646729,
        0.23297713696956635
    ],
    "all_plan": [
        [
            [
                0.03284817188978195,
                4.544329643249512
            ],
            [
                -0.10491005331277847,
                9.045923233032227
            ],
            [
                -0.3113865256309509,
                13.531279563903809
            ],
            [
                -0.8051353693008423,
                17.901981353759766
            ],
            [
                -1.1934549808502197,
                22.30240249633789
            ],
            [
                -1.5338579416275024,
                26.577938079833984
            ]
        ],
        [
            [
                0.027365170419216156,
                4.56851053237915
            ],
            [
                -0.10646317154169083,
                9.14738655090332
            ],
            [
                -0.3012186288833618,
                13.73240852355957
            ],
            [
                -0.7935585975646973,
                18.232982635498047
            ],
            [
                -1.173924446105957,
                22.76535415649414
            ],
            [
                -1.4916083812713623,
                27.138641357421875
            ]
        ],
        [
            [
                -0.0017902328399941325,
                4.6506733894348145
            ],
            [
                -0.13730141520500183,
                9.288135528564453
            ],
            [
                -0.3246479630470276,
                13.906516075134277
            ],
            [
                -0.7065341472625732,
                18.448543548583984
            ],
            [
                -1.0268558263778687,
                22.99761199951172
            ],
            [
                -1.3172158002853394,
                27.40961265563965
            ]
        ],
        [
            [
                -0.015702880918979645,
                4.597743511199951
            ],
            [
                -0.17101460695266724,
                9.138555526733398
            ],
            [
                -0.37928086519241333,
                13.64738655090332
            ],
            [
                -0.7863327860832214,
                18.053171157836914
            ],
            [
                -1.1352667808532715,
                22.474008560180664
            ],
            [
                -1.4584583044052124,
                26.772716522216797
            ]
        ],
        [
            [
                -0.009072192013263702,
                4.633942604064941
            ],
            [
                -0.17351382970809937,
                9.26626968383789
            ],
            [
                -0.39946216344833374,
                13.900236129760742
            ],
            [
                -0.8741675615310669,
                18.45049476623535
            ],
            [
                -1.2709681987762451,
                23.010292053222656
            ],
            [
                -1.6208566427230835,
                27.417274475097656
            ]
        ],
        [
            [
                0.05382918566465378,
                4.633361339569092
            ],
            [
                -0.0957733616232872,
                9.260690689086914
            ],
            [
                -0.3271394670009613,
                13.906643867492676
            ],
            [
                -0.9949142932891846,
                18.429729461669922
            ],
            [
                -1.4908862113952637,
                23.01844596862793
            ],
            [
                -1.8806767463684082,
                27.434764862060547
            ]
        ]
    ],
    "tl_trigger": 4.3824607587339415e-07,
    "tl_status": 0
}