{
    "speed": 0.0003323799873318086,
    "steer": -0.018134964630007744,
    "throttle": 0.0,
    "brake": 1.0,
    "wp_6": [
        -0.010507231578230858,
        0.2902393341064453
    ],
    "wp_5": [
        -0.006054823286831379,
        0.1955457627773285
    ],
    "wp_4": [
        -0.004441536962985992,
        0.16395120322704315
    ],
    "wp_3": [
        -0.004240421112626791,
        0.1293964684009552
    ],
    "wp_2": [
        -0.004329796880483627,
        0.10540157556533813
    ],
    "wp_1": [
        -0.0006429798668250442,
        0.08543950319290161
    ],
    "aim": [
        -0.004441536962985992,
        0.16395120322704315
    ],
    "target": [
        0.6625368009064649,
        11.498966862214079
    ],
    "desired_speed": 0.08211358785629272,
    "angle": -0.01724215736831538,
    "angle_last": -0.0299112475867997,
    "angle_target": 0.036639658497248366,
    "angle_final": -0.01724215736831538,
    "delta": 0.08178120786896091,
    "agent": "only_traj",
    "steer_traj": -0.01813496456529966,
    "throttle_traj": 0.0,
    "brake_traj": 1.0,
    "plan": [
        [
            -0.0006429798668250442,
            0.08543950319290161
        ],
        [
            -0.004329796880483627,
            0.10540157556533813
        ],
        [
            -0.004240421112626791,
            0.1293964684009552
        ],
        [
            -0.004441536962985992,
            0.16395120322704315
        ],
        [
            -0.006054823286831379,
            0.1955457627773285
        ],
        [
            -0.010507231578230858,
            0.2902393341064453
        ]
    ],
    "command": 3,
    "all_plan": [
        [
            [
                0.018282439559698105,
                0.2065698504447937
            ],
            [
                0.015419917181134224,
                0.2663344740867615
            ],
            [
                0.014181254431605339,
                0.27898696064949036
            ],
            [
                -0.005850350484251976,
                0.22741080820560455
            ],
            [
                -0.017240334302186966,
                0.2362719625234604
            ],
            [
                -0.025502488017082214,
                0.2976823151111603
            ]
        ],
        [
            [
                0.0186851155012846,
                0.19576790928840637
            ],
            [
                0.016336428001523018,
                0.2536836266517639
            ],
            [
                0.015400853008031845,
                0.26540517807006836
            ],
            [
                -0.005571400746703148,
                0.2173818051815033
            ],
            [
                -0.01699978858232498,
                0.2239537388086319
            ],
            [
                -0.025018911808729172,
                0.27861565351486206
            ]
        ],
        [
            [
                -0.0003110793186351657,
                0.09991854429244995
            ],
            [
                -0.004959277808666229,
                0.12242477387189865
            ],
            [
                -0.005724674556404352,
                0.14104492962360382
            ],
            [
                -0.004100616089999676,
                0.1507343053817749
            ],
            [
                -0.005566824227571487,
                0.17922277748584747
            ],
            [
                -0.009667735546827316,
                0.26698142290115356
            ]
        ],
        [
            [
                -0.0006429798668250442,
                0.08543950319290161
            ],
            [
                -0.004329796880483627,
                0.10540157556533813
            ],
            [
                -0.004240421112626791,
                0.1293964684009552
            ],
            [
                -0.004441536962985992,
                0.16395120322704315
            ],
            [
                -0.006054823286831379,
                0.1955457627773285
            ],
            [
                -0.010507231578230858,
                0.2902393341064453
            ]
        ],
        [
            [
                0.005756323225796223,
                0.16627539694309235
            ],
            [
                0.000996466726064682,
                0.2078894078731537
            ],
            [
                -0.00022135581821203232,
                0.23153631389141083
            ],
            [
                -0.005999007727950811,
                0.22544381022453308
            ],
            [
                -0.011540709063410759,
                0.25581055879592896
            ],
            [
                -0.018424060195684433,
                0.3601919114589691
            ]
        ],
        [
            [
                0.028249014168977737,
                0.22740331292152405
            ],
            [
                0.02789067104458809,
                0.30006593465805054
            ],
            [
                0.027500441297888756,
                0.309884250164032
            ],
            [
                -0.006199842318892479,
                0.24716901779174805
            ],
            [
                -0.022631483152508736,
                0.24229006469249725
            ],
            [
                -0.03252023458480835,
                0.27776509523391724
            ]
        ]
    ],
    "tl_trigger": 0.9999988079071045,
    "tl_status": 0
}