{
    "speed": 3.0780096381623765e-05,
    "steer": -0.02221568301320076,
    "throttle": 0.0,
    "brake": 1.0,
    "wp_6": [
        -0.01090257614850998,
        0.30115896463394165
    ],
    "wp_5": [
        -0.006282653659582138,
        0.20301328599452972
    ],
    "wp_4": [
        -0.00460782740265131,
        0.17016731202602386
    ],
    "wp_3": [
        -0.0043059759773314,
        0.1327633559703827
    ],
    "wp_2": [
        -0.004438149742782116,
        0.10752329230308533
    ],
    "wp_1": [
        -0.0007505005924031138,
        0.08718100190162659
    ],
    "aim": [
        -0.00460782740265131,
        0.17016731202602386
    ],
    "target": [
        0.41671298665690365,
        11.251574990784356
    ],
    "desired_speed": 0.08578496798872948,
    "angle": -0.017234264705274477,
    "angle_last": -0.029944867295714318,
    "angle_target": 0.023567058970071317,
    "angle_final": -0.017234264705274477,
    "delta": 0.08575418789234786,
    "agent": "only_traj",
    "steer_traj": -0.022215683655071036,
    "throttle_traj": 0.0,
    "brake_traj": 1.0,
    "plan": [
        [
            -0.0007505005924031138,
            0.08718100190162659
        ],
        [
            -0.004438149742782116,
            0.10752329230308533
        ],
        [
            -0.0043059759773314,
            0.1327633559703827
        ],
        [
            -0.00460782740265131,
            0.17016731202602386
        ],
        [
            -0.006282653659582138,
            0.20301328599452972
        ],
        [
            -0.01090257614850998,
            0.30115896463394165
        ]
    ],
    "command": 3,
    "all_plan": [
        [
            [
                0.017782822251319885,
                0.21580623090267181
            ],
            [
                0.014507465064525604,
                0.2771126329898834
            ],
            [
                0.013067168183624744,
                0.2914934754371643
            ],
            [
                -0.006188501603901386,
                0.23967818915843964
            ],
            [
                -0.017542438581585884,
                0.2514105439186096
            ],
            [
                -0.026102501899003983,
                0.3209303617477417
            ]
        ],
        [
            [
                0.01667155511677265,
                0.20161953568458557
            ],
            [
                0.013620680198073387,
                0.25917646288871765
            ],
            [
                0.012444190680980682,
                0.27397629618644714
            ],
            [
                -0.005955608561635017,
                0.23043787479400635
            ],
            [
                -0.01665540784597397,
                0.24263896048069
            ],
            [
                -0.024834927171468735,
                0.31116074323654175
            ]
        ],
        [
            [
                -0.00029875931795686483,
                0.10508725047111511
            ],
            [
                -0.005207491107285023,
                0.12855513393878937
            ],
            [
                -0.006173181813210249,
                0.14661863446235657
            ],
            [
                -0.004128172993659973,
                0.15163654088974
            ],
            [
                -0.005598925054073334,
                0.18018625676631927
            ],
            [
                -0.009725416079163551,
                0.26855552196502686
            ]
        ],
        [
            [
                -0.0007505005924031138,
                0.08718100190162659
            ],
            [
                -0.004438149742782116,
                0.10752329230308533
            ],
            [
                -0.0043059759773314,
                0.1327633559703827
            ],
            [
                -0.00460782740265131,
                0.17016731202602386
            ],
            [
                -0.006282653659582138,
                0.20301328599452972
            ],
            [
                -0.01090257614850998,
                0.30115896463394165
            ]
        ],
        [
            [
                0.0056512183509767056,
                0.1708284616470337
            ],
            [
                0.0007689762860536575,
                0.21336887776851654
            ],
            [
                -0.0004936791956424713,
                0.23820215463638306
            ],
            [
                -0.006207479629665613,
                0.23318526148796082
            ],
            [
                -0.011830948293209076,
                0.2650262117385864
            ],
            [
                -0.01892516016960144,
                0.37370434403419495
            ]
        ],
        [
            [
                0.02842506766319275,
                0.24105152487754822
            ],
            [
                0.027687765657901764,
                0.3167040944099426
            ],
            [
                0.027054131031036377,
                0.3279366195201874
            ],
            [
                -0.006599966436624527,
                0.2621450424194336
            ],
            [
                -0.023352766409516335,
                0.25940239429473877
            ],
            [
                -0.03368820995092392,
                0.30201515555381775
            ]
        ]
    ],
    "tl_trigger": 0.9999991655349731,
    "tl_status": 0
}