{
    "speed": 4.5170801041591636e-05,
    "steer": 0.00668996712192893,
    "throttle": 0.0,
    "brake": 1.0,
    "wp_6": [
        -0.0004333631368353963,
        0.01214706152677536
    ],
    "wp_5": [
        -0.00025860557798296213,
        0.006280861794948578
    ],
    "wp_4": [
        -0.00017767108511179686,
        0.005595017224550247
    ],
    "wp_3": [
        0.0009710375452414155,
        0.0026026777923107147
    ],
    "wp_2": [
        0.0003060215385630727,
        0.0043799132108688354
    ],
    "wp_1": [
        0.0018708390416577458,
        0.0014167428016662598
    ],
    "aim": [
        -0.00017767108511179686,
        0.005595017224550247
    ],
    "target": [
        0.104972705243553,
        11.834269770416498
    ],
    "desired_speed": 0.006005284446291625,
    "angle": -0.02020919154376892,
    "angle_last": -0.018959646380610477,
    "angle_target": 0.005646816272243433,
    "angle_final": 0.005646816272243433,
    "delta": 0.0059601136452500335,
    "agent": "only_traj",
    "steer_traj": 0.006689967085674789,
    "throttle_traj": 0.0,
    "brake_traj": 1.0,
    "plan": [
        [
            0.0018708390416577458,
            0.0014167428016662598
        ],
        [
            0.0003060215385630727,
            0.0043799132108688354
        ],
        [
            0.0009710375452414155,
            0.0026026777923107147
        ],
        [
            -0.00017767108511179686,
            0.005595017224550247
        ],
        [
            -0.00025860557798296213,
            0.006280861794948578
        ],
        [
            -0.0004333631368353963,
            0.01214706152677536
        ]
    ],
    "command": 3,
    "all_plan": [
        [
            [
                0.0019670240581035614,
                0.04496127367019653
            ],
            [
                -0.0009552869014441967,
                0.05706324428319931
            ],
            [
                -0.001125880517065525,
                0.06003259867429733
            ],
            [
                -0.001466252375394106,
                0.05350295826792717
            ],
            [
                -0.002352953189983964,
                0.061816923320293427
            ],
            [
                -0.003906896337866783,
                0.09221342951059341
            ]
        ],
        [
            [
                0.0016718656988814473,
                0.053350433707237244
            ],
            [
                -0.0016119963256642222,
                0.06694310158491135
            ],
            [
                -0.001983350608497858,
                0.07098495960235596
            ],
            [
                -0.0017225705087184906,
                0.06281831115484238
            ],
            [
                -0.0026170031633228064,
                0.07314920425415039
            ],
            [
                -0.004405669867992401,
                0.10945587605237961
            ]
        ],
        [
            [
                0.0019753947854042053,
                -0.005466341972351074
            ],
            [
                0.0006633419543504715,
                -0.0038446784019470215
            ],
            [
                0.00147562799975276,
                -0.006432544440031052
            ],
            [
                2.9093585908412933e-05,
                -0.0020104534924030304
            ],
            [
                1.921248622238636e-05,
                -0.00273934006690979
            ],
            [
                5.0632981583476067e-05,
                -0.0012027621269226074
            ]
        ],
        [
            [
                0.0018708390416577458,
                0.0014167428016662598
            ],
            [
                0.0003060215385630727,
                0.0043799132108688354
            ],
            [
                0.0009710375452414155,
                0.0026026777923107147
            ],
            [
                -0.00017767108511179686,
                0.005595017224550247
            ],
            [
                -0.00025860557798296213,
                0.006280861794948578
            ],
            [
                -0.0004333631368353963,
                0.01214706152677536
            ]
        ],
        [
            [
                0.0013596770586445928,
                0.03506737947463989
            ],
            [
                -0.0014408788410946727,
                0.044589027762413025
            ],
            [
                -0.001495849690400064,
                0.04677487537264824
            ],
            [
                -0.0011885211570188403,
                0.04277731850743294
            ],
            [
                -0.0016168277943506837,
                0.05037962645292282
            ],
            [
                -0.002799566835165024,
                0.07741286605596542
            ]
        ],
        [
            [
                0.016525089740753174,
                0.11991739273071289
            ],
            [
                0.015855109319090843,
                0.16013656556606293
            ],
            [
                0.016071053221821785,
                0.16402539610862732
            ],
            [
                -0.0033143777400255203,
                0.13204500079154968
            ],
            [
                -0.012355811893939972,
                0.12837806344032288
            ],
            [
                -0.0177055262029171,
                0.14666584134101868
            ]
        ]
    ],
    "tl_trigger": 0.9999991655349731,
    "tl_status": 0
}