{
    "speed": 1.149498527442226,
    "steer": 0.0024569742381572723,
    "throttle": 0.75,
    "brake": 0.0,
    "wp_6": [
        -0.011124849319458008,
        10.956567764282227
    ],
    "wp_5": [
        0.001369541510939598,
        9.434581756591797
    ],
    "wp_4": [
        -0.01779186725616455,
        7.652980804443359
    ],
    "wp_3": [
        0.0019118371419608593,
        5.629040241241455
    ],
    "wp_2": [
        0.004138270393013954,
        3.7237424850463867
    ],
    "wp_1": [
        -0.001375894877128303,
        1.8546100854873657
    ],
    "aim": [
        0.004138270393013954,
        3.7237424850463867
    ],
    "target": [
        -0.08250942334920913,
        28.592947216584452
    ],
    "desired_speed": 3.6408869266510013,
    "angle": 0.0007075038794873512,
    "angle_last": -0.005226033234484281,
    "angle_target": -0.0018370608708352548,
    "angle_final": 0.0007075038794873512,
    "delta": 0.25,
    "log_entries": [
        "norm1:2.79",
        "norm2:4.68",
        "norm3:6.64",
        "norm4:8.54",
        "norm5:10.20",
        " ",
        " ",
        " ",
        " ",
        " ",
        " ",
        " ",
        " ",
        " "
    ],
    "agent": "only_traj",
    "steer_traj": 0.0024569742880653713,
    "throttle_traj": 0.75,
    "brake_traj": 0.0,
    "plan": [
        [
            -0.001375894877128303,
            1.8546100854873657
        ],
        [
            0.004138270393013954,
            3.7237424850463867
        ],
        [
            0.0019118371419608593,
            5.629040241241455
        ],
        [
            -0.01779186725616455,
            7.652980804443359
        ],
        [
            0.001369541510939598,
            9.434581756591797
        ],
        [
            -0.011124849319458008,
            10.956567764282227
        ]
    ],
    "command": 3,
    "redefined_command": 3,
    "cmd_softmax_output": [
        0.9999589920043945,
        3.8258145650615916e-05,
        2.694823933779844e-06
    ],
    "all_plan": [
        [
            [
                0.00932888314127922,
                2.0126943588256836
            ],
            [
                0.00972205214202404,
                3.9861128330230713
            ],
            [
                0.002438835334032774,
                5.8885698318481445
            ],
            [
                -0.01659027859568596,
                7.793758392333984
            ],
            [
                -0.008213168010115623,
                9.446163177490234
            ],
            [
                -0.013129454106092453,
                10.857850074768066
            ]
        ],
        [
            [
                -0.0007026902167126536,
                1.9252983331680298
            ],
            [
                -0.00461910106241703,
                3.928771495819092
            ],
            [
                -0.01475873589515686,
                6.00267219543457
            ],
            [
                -0.0071649146266281605,
                8.144498825073242
            ],
            [
                0.002240316476672888,
                9.946390151977539
            ],
            [
                0.0033757491037249565,
                11.375757217407227
            ]
        ],
        [
            [
                0.0014135540695860982,
                1.9854069948196411
            ],
            [
                0.004690797999501228,
                4.022284984588623
            ],
            [
                -0.009304959326982498,
                6.153031349182129
            ],
            [
                -0.017204932868480682,
                8.427571296691895
            ],
            [
                -0.008528785780072212,
                10.34737491607666
            ],
            [
                -0.016959689557552338,
                11.82858943939209
            ]
        ],
        [
            [
                -0.001375894877128303,
                1.8546100854873657
            ],
            [
                0.004138270393013954,
                3.7237424850463867
            ],
            [
                0.0019118371419608593,
                5.629040241241455
            ],
            [
                -0.01779186725616455,
                7.652980804443359
            ],
            [
                0.001369541510939598,
                9.434581756591797
            ],
            [
                -0.011124849319458008,
                10.956567764282227
            ]
        ],
        [
            [
                -0.005681917071342468,
                2.048037528991699
            ],
            [
                -0.013475703075528145,
                4.150413513183594
            ],
            [
                -0.03251180797815323,
                6.305737495422363
            ],
            [
                -0.026100527495145798,
                8.544981002807617
            ],
            [
                -0.02855238877236843,
                10.411928176879883
            ],
            [
                -0.04399968311190605,
                11.843751907348633
            ]
        ],
        [
            [
                -0.0058435238897800446,
                1.9085195064544678
            ],
            [
                -0.014465199783444405,
                3.9303958415985107
            ],
            [
                -0.02271617203950882,
                6.013314247131348
            ],
            [
                0.0023906417191028595,
                8.135974884033203
            ],
            [
                0.014486724510788918,
                9.926356315612793
            ],
            [
                0.025615323334932327,
                11.373922348022461
            ]
        ]
    ],
    "tl_trigger": 2.2381727831088938e-06,
    "tl_status": 0
}