{
    "speed": 0.0015447675088065566,
    "steer": 0.1279289573431015,
    "throttle": 0.75,
    "brake": 0.0,
    "wp_6": [
        4.716352462768555,
        10.19739055633545
    ],
    "wp_5": [
        3.1922197341918945,
        8.107539176940918
    ],
    "wp_4": [
        1.9636189937591553,
        5.925127029418945
    ],
    "wp_3": [
        1.2080333232879639,
        3.7266969680786133
    ],
    "wp_2": [
        0.525780200958252,
        2.2146663665771484
    ],
    "wp_1": [
        0.15158304572105408,
        0.963502049446106
    ],
    "aim": [
        1.9636189937591553,
        5.925127029418945
    ],
    "target": [
        1.8193108303807461,
        13.539222147094794
    ],
    "desired_speed": 4.152186489105224,
    "angle": 0.20372743964102014,
    "angle_last": 0.40114828988493956,
    "angle_target": 0.08503537662714557,
    "angle_final": 0.08503537662714557,
    "delta": 0.25,
    "log_entries": [
        "norm1:1.62",
        "norm2:3.09",
        "norm3:5.08",
        "norm4:7.47",
        "norm5:9.97",
        " ",
        " ",
        " ",
        " ",
        " ",
        " ",
        " ",
        " ",
        " ",
        " ",
        " ",
        " ",
        " "
    ],
    "agent": "only_traj",
    "steer_traj": 0.12792896318641733,
    "throttle_traj": 0.75,
    "brake_traj": 0.0,
    "plan": [
        [
            0.15158304572105408,
            0.963502049446106
        ],
        [
            0.525780200958252,
            2.2146663665771484
        ],
        [
            1.2080333232879639,
            3.7266969680786133
        ],
        [
            1.9636189937591553,
            5.925127029418945
        ],
        [
            3.1922197341918945,
            8.107539176940918
        ],
        [
            4.716352462768555,
            10.19739055633545
        ]
    ],
    "command": 1,
    "redefined_command": 1,
    "cmd_softmax_output": [
        0.9998162388801575,
        0.00015300636005122215,
        3.0736868211533874e-05
    ],
    "all_plan": [
        [
            [
                0.05996282398700714,
                0.6697357296943665
            ],
            [
                0.27507519721984863,
                1.958749771118164
            ],
            [
                0.6792107224464417,
                3.725605010986328
            ],
            [
                1.1600291728973389,
                6.240194320678711
            ],
            [
                1.9511115550994873,
                8.791872024536133
            ],
            [
                2.9523491859436035,
                11.289487838745117
            ]
        ],
        [
            [
                0.15158304572105408,
                0.963502049446106
            ],
            [
                0.525780200958252,
                2.2146663665771484
            ],
            [
                1.2080333232879639,
                3.7266969680786133
            ],
            [
                1.9636189937591553,
                5.925127029418945
            ],
            [
                3.1922197341918945,
                8.107539176940918
            ],
            [
                4.716352462768555,
                10.19739055633545
            ]
        ],
        [
            [
                0.06181904673576355,
                0.9855672121047974
            ],
            [
                0.3286784291267395,
                2.484900951385498
            ],
            [
                0.8468694686889648,
                4.248934745788574
            ],
            [
                1.563889503479004,
                6.704768180847168
            ],
            [
                2.6344871520996094,
                9.073115348815918
            ],
            [
                3.931530475616455,
                11.34012508392334
            ]
        ],
        [
            [
                0.010176710784435272,
                0.7739869356155396
            ],
            [
                0.1927107572555542,
                2.161708354949951
            ],
            [
                0.5913304090499878,
                3.885385513305664
            ],
            [
                1.208350658416748,
                6.217442512512207
            ],
            [
                2.104714870452881,
                8.466470718383789
            ],
            [
                3.1657474040985107,
                10.695314407348633
            ]
        ],
        [
            [
                0.10036865621805191,
                0.9891026616096497
            ],
            [
                0.4189899265766144,
                2.366203784942627
            ],
            [
                1.0370280742645264,
                4.006778717041016
            ],
            [
                1.8066797256469727,
                6.329414367675781
            ],
            [
                3.0098695755004883,
                8.59717082977295
            ],
            [
                4.474897384643555,
                10.781146049499512
            ]
        ],
        [
            [
                0.16450920701026917,
                1.0695445537567139
            ],
            [
                0.5303343534469604,
                2.542233467102051
            ],
            [
                1.0904388427734375,
                4.267197608947754
            ],
            [
                1.6353870630264282,
                6.655251502990723
            ],
            [
                2.5836005210876465,
                9.041852951049805
            ],
            [
                3.72235107421875,
                11.320113182067871
            ]
        ]
    ],
    "tl_trigger": 5.915269412071211e-07,
    "tl_status": 0
}