{
    "speed": 0.0009183921466619704,
    "steer": 0.1972368359565735,
    "throttle": 0.75,
    "brake": 0.0,
    "wp_6": [
        4.0209736824035645,
        10.147708892822266
    ],
    "wp_5": [
        2.668074131011963,
        8.022395133972168
    ],
    "wp_4": [
        1.6051757335662842,
        5.801215171813965
    ],
    "wp_3": [
        0.9444655179977417,
        3.583233118057251
    ],
    "wp_2": [
        0.386350154876709,
        2.060379981994629
    ],
    "wp_1": [
        0.0996282547712326,
        0.8461924195289612
    ],
    "aim": [
        1.6051757335662842,
        5.801215171813965
    ],
    "target": [
        2.947099792453783,
        14.04344761171905
    ],
    "desired_speed": 4.066226434707642,
    "angle": 0.17185087089357984,
    "angle_last": 0.3608821238889819,
    "angle_target": 0.1316874351604728,
    "angle_final": 0.1316874351604728,
    "delta": 0.25,
    "log_entries": [
        "norm1:1.47",
        "norm2:2.90",
        "norm3:4.86",
        "norm4:7.23",
        "norm5:9.68",
        " ",
        " ",
        " ",
        " ",
        " ",
        " ",
        " ",
        " ",
        " ",
        " ",
        " ",
        " ",
        " ",
        " ",
        " ",
        " ",
        " ",
        " ",
        " ",
        " ",
        " "
    ],
    "agent": "only_traj",
    "steer_traj": 0.1972368433528348,
    "throttle_traj": 0.75,
    "brake_traj": 0.0,
    "plan": [
        [
            0.0996282547712326,
            0.8461924195289612
        ],
        [
            0.386350154876709,
            2.060379981994629
        ],
        [
            0.9444655179977417,
            3.583233118057251
        ],
        [
            1.6051757335662842,
            5.801215171813965
        ],
        [
            2.668074131011963,
            8.022395133972168
        ],
        [
            4.0209736824035645,
            10.147708892822266
        ]
    ],
    "command": 1,
    "redefined_command": 1,
    "cmd_softmax_output": [
        0.99982088804245,
        0.0001633050706004724,
        1.581258220539894e-05
    ],
    "all_plan": [
        [
            [
                0.005068056285381317,
                0.40736356377601624
            ],
            [
                0.1266370564699173,
                1.5964096784591675
            ],
            [
                0.4166513681411743,
                3.4606990814208984
            ],
            [
                0.7937610745429993,
                6.091861248016357
            ],
            [
                1.4253928661346436,
                8.824213981628418
            ],
            [
                2.2422821521759033,
                11.58166790008545
            ]
        ],
        [
            [
                0.0996282547712326,
                0.8461924195289612
            ],
            [
                0.386350154876709,
                2.060379981994629
            ],
            [
                0.9444655179977417,
                3.583233118057251
            ],
            [
                1.6051757335662842,
                5.801215171813965
            ],
            [
                2.668074131011963,
                8.022395133972168
            ],
            [
                4.0209736824035645,
                10.147708892822266
            ]
        ],
        [
            [
                0.005911104381084442,
                0.7384739518165588
            ],
            [
                0.17555862665176392,
                2.1109678745269775
            ],
            [
                0.582181453704834,
                3.9085896015167236
            ],
            [
                1.1909470558166504,
                6.3988423347473145
            ],
            [
                2.1130151748657227,
                8.852014541625977
            ],
            [
                3.252436876296997,
                11.265192985534668
            ]
        ],
        [
            [
                -0.02436652034521103,
                0.5954480171203613
            ],
            [
                0.0978834480047226,
                1.9135046005249023
            ],
            [
                0.43669241666793823,
                3.7365550994873047
            ],
            [
                0.9970487356185913,
                6.2002410888671875
            ],
            [
                1.8175233602523804,
                8.635087966918945
            ],
            [
                2.80391263961792,
                11.102386474609375
            ]
        ],
        [
            [
                0.0432608425617218,
                0.8642788529396057
            ],
            [
                0.26491135358810425,
                2.188971996307373
            ],
            [
                0.7473242282867432,
                3.8240997791290283
            ],
            [
                1.409421682357788,
                6.1365580558776855
            ],
            [
                2.4323668479919434,
                8.412860870361328
            ],
            [
                3.7068614959716797,
                10.605295181274414
            ]
        ],
        [
            [
                0.10580762475728989,
                0.9252983331680298
            ],
            [
                0.39133721590042114,
                2.2925286293029785
            ],
            [
                0.8674705028533936,
                3.938955307006836
            ],
            [
                1.4152717590332031,
                6.285209655761719
            ],
            [
                2.2966854572296143,
                8.59554672241211
            ],
            [
                3.399460792541504,
                10.754467964172363
            ]
        ]
    ],
    "tl_trigger": 5.082827101432486e-07,
    "tl_status": 0
}