{
    "speed": 0.006614328407006521,
    "steer": 0.23345603048801422,
    "throttle": 0.75,
    "brake": 0.0,
    "wp_6": [
        5.257823944091797,
        9.856829643249512
    ],
    "wp_5": [
        3.5490102767944336,
        7.81748628616333
    ],
    "wp_4": [
        2.1566522121429443,
        5.719237804412842
    ],
    "wp_3": [
        1.3006715774536133,
        3.607055425643921
    ],
    "wp_2": [
        0.5431075096130371,
        2.1603188514709473
    ],
    "wp_1": [
        0.15223625302314758,
        0.9692660570144653
    ],
    "aim": [
        2.1566522121429443,
        5.719237804412842
    ],
    "target": [
        3.3324557738501523,
        12.780321031576594
    ],
    "desired_speed": 4.13779845237732,
    "angle": 0.22956467923334437,
    "angle_last": 0.4440048051236246,
    "angle_target": 0.16238228242452274,
    "angle_final": 0.16238228242452274,
    "delta": 0.25,
    "log_entries": [
        "norm1:1.60",
        "norm2:3.03",
        "norm3:4.97",
        "norm4:7.35",
        "norm5:9.87",
        " ",
        " ",
        " ",
        " ",
        " ",
        " ",
        " ",
        " ",
        " ",
        " ",
        " ",
        " ",
        " ",
        " ",
        " ",
        " ",
        " ",
        " ",
        " ",
        " ",
        " ",
        " ",
        " "
    ],
    "agent": "only_traj",
    "steer_traj": 0.2334560371107373,
    "throttle_traj": 0.75,
    "brake_traj": 0.0,
    "plan": [
        [
            0.15223625302314758,
            0.9692660570144653
        ],
        [
            0.5431075096130371,
            2.1603188514709473
        ],
        [
            1.3006715774536133,
            3.607055425643921
        ],
        [
            2.1566522121429443,
            5.719237804412842
        ],
        [
            3.5490102767944336,
            7.81748628616333
        ],
        [
            5.257823944091797,
            9.856829643249512
        ]
    ],
    "command": 1,
    "redefined_command": 1,
    "cmd_softmax_output": [
        0.9996556043624878,
        0.0002929851762019098,
        5.134706589160487e-05
    ],
    "all_plan": [
        [
            [
                0.051271989941596985,
                0.732390284538269
            ],
            [
                0.2616989016532898,
                1.9823459386825562
            ],
            [
                0.6935073733329773,
                3.6347498893737793
            ],
            [
                1.236970067024231,
                6.003354072570801
            ],
            [
                2.1180050373077393,
                8.395631790161133
            ],
            [
                3.2293734550476074,
                10.719978332519531
            ]
        ],
        [
            [
                0.15223625302314758,
                0.9692660570144653
            ],
            [
                0.5431075096130371,
                2.1603188514709473
            ],
            [
                1.3006715774536133,
                3.607055425643921
            ],
            [
                2.1566522121429443,
                5.719237804412842
            ],
            [
                3.5490102767944336,
                7.81748628616333
            ],
            [
                5.257823944091797,
                9.856829643249512
            ]
        ],
        [
            [
                0.031102359294891357,
                0.8806858658790588
            ],
            [
                0.25235337018966675,
                2.2008659839630127
            ],
            [
                0.779196560382843,
                3.818833112716675
            ],
            [
                1.5233709812164307,
                6.077872276306152
            ],
            [
                2.671050786972046,
                8.268119812011719
            ],
            [
                4.071603298187256,
                10.398319244384766
            ]
        ],
        [
            [
                -0.01152053102850914,
                0.7233109474182129
            ],
            [
                0.14330297708511353,
                1.982499122619629
            ],
            [
                0.5792148113250732,
                3.605778694152832
            ],
            [
                1.256988525390625,
                5.810755729675293
            ],
            [
                2.278613567352295,
                7.945209503173828
            ],
            [
                3.51069712638855,
                10.083884239196777
            ]
        ],
        [
            [
                0.07678169012069702,
                0.9134752154350281
            ],
            [
                0.36292868852615356,
                2.1472151279449463
            ],
            [
                0.9943187832832336,
                3.6626598834991455
            ],
            [
                1.7982113361358643,
                5.817553520202637
            ],
            [
                3.0756192207336426,
                7.936037063598633
            ],
            [
                4.630274772644043,
                10.010567665100098
            ]
        ],
        [
            [
                0.1344042718410492,
                1.0036544799804688
            ],
            [
                0.4733457565307617,
                2.387056827545166
            ],
            [
                1.0357444286346436,
                4.018726348876953
            ],
            [
                1.6709656715393066,
                6.339254379272461
            ],
            [
                2.6849441528320312,
                8.613848686218262
            ],
            [
                3.9178032875061035,
                10.747673988342285
            ]
        ]
    ],
    "tl_trigger": 4.402001252401533e-07,
    "tl_status": 0
}