{
    "speed": 0.0016757834269282654,
    "steer": 0.3117157220840454,
    "throttle": 0.75,
    "brake": 0.0,
    "wp_6": [
        5.16361665725708,
        10.834203720092773
    ],
    "wp_5": [
        3.5880074501037598,
        8.772163391113281
    ],
    "wp_4": [
        2.2146565914154053,
        6.618795394897461
    ],
    "wp_3": [
        1.356475591659546,
        4.34906005859375
    ],
    "wp_2": [
        0.6020519137382507,
        2.7050156593322754
    ],
    "wp_1": [
        0.16822221875190735,
        1.2179311513900757
    ],
    "aim": [
        2.2146565914154053,
        6.618795394897461
    ],
    "target": [
        5.056854952005788,
        13.507269281762207
    ],
    "desired_speed": 4.373456764221192,
    "angle": 0.2055588410304729,
    "angle_last": 0.41537242444995887,
    "angle_target": 0.22805453361886543,
    "angle_final": 0.2055588410304729,
    "delta": 0.25,
    "log_entries": [
        "norm1:2.00",
        "norm2:3.66",
        "norm3:5.77",
        "norm4:8.22",
        "norm5:10.74",
        " ",
        " ",
        " ",
        " ",
        " ",
        " ",
        " ",
        " ",
        " ",
        " ",
        " ",
        " ",
        " ",
        " ",
        " "
    ],
    "agent": "only_traj",
    "steer_traj": 0.31171573410337644,
    "throttle_traj": 0.75,
    "brake_traj": 0.0,
    "plan": [
        [
            0.16822221875190735,
            1.2179311513900757
        ],
        [
            0.6020519137382507,
            2.7050156593322754
        ],
        [
            1.356475591659546,
            4.34906005859375
        ],
        [
            2.2146565914154053,
            6.618795394897461
        ],
        [
            3.5880074501037598,
            8.772163391113281
        ],
        [
            5.16361665725708,
            10.834203720092773
        ]
    ],
    "command": 1,
    "redefined_command": 1,
    "cmd_softmax_output": [
        0.9997159838676453,
        0.00023098972451407462,
        5.308083927957341e-05
    ],
    "all_plan": [
        [
            [
                0.04888693243265152,
                0.7595119476318359
            ],
            [
                0.25338494777679443,
                2.12294864654541
            ],
            [
                0.6250536441802979,
                3.894397497177124
            ],
            [
                1.1061627864837646,
                6.339195728302002
            ],
            [
                1.867527961730957,
                8.767538070678711
            ],
            [
                2.7717807292938232,
                11.139205932617188
            ]
        ],
        [
            [
                0.16822221875190735,
                1.2179311513900757
            ],
            [
                0.6020519137382507,
                2.7050156593322754
            ],
            [
                1.356475591659546,
                4.34906005859375
            ],
            [
                2.2146565914154053,
                6.618795394897461
            ],
            [
                3.5880074501037598,
                8.772163391113281
            ],
            [
                5.16361665725708,
                10.834203720092773
            ]
        ],
        [
            [
                0.011305786669254303,
                0.7936877012252808
            ],
            [
                0.18987426161766052,
                2.176022529602051
            ],
            [
                0.5868721008300781,
                3.906231164932251
            ],
            [
                1.177117109298706,
                6.248417377471924
            ],
            [
                2.0757460594177246,
                8.497188568115234
            ],
            [
                3.126025676727295,
                10.693939208984375
            ]
        ],
        [
            [
                -0.04552515968680382,
                0.4512879252433777
            ],
            [
                0.03127197548747063,
                1.661423683166504
            ],
            [
                0.2979600727558136,
                3.4343338012695312
            ],
            [
                0.7589865922927856,
                5.810583114624023
            ],
            [
                1.4548254013061523,
                8.17719841003418
            ],
            [
                2.2667007446289062,
                10.611481666564941
            ]
        ],
        [
            [
                0.055786795914173126,
                1.0238146781921387
            ],
            [
                0.31750208139419556,
                2.4439308643341064
            ],
            [
                0.8592585921287537,
                4.0842695236206055
            ],
            [
                1.595447301864624,
                6.308300971984863
            ],
            [
                2.7364840507507324,
                8.412158966064453
            ],
            [
                4.053973197937012,
                10.441344261169434
            ]
        ],
        [
            [
                0.17156343162059784,
                1.2141095399856567
            ],
            [
                0.5495454668998718,
                2.8018274307250977
            ],
            [
                1.1259939670562744,
                4.60256290435791
            ],
            [
                1.711970329284668,
                6.990455627441406
            ],
            [
                2.712826728820801,
                9.366903305053711
            ],
            [
                3.853105068206787,
                11.677077293395996
            ]
        ]
    ],
    "tl_trigger": 6.857710559415864e-07,
    "tl_status": 0
}