{
    "speed": 0.0001480886824951986,
    "steer": 0.343332976102829,
    "throttle": 0.75,
    "brake": 0.0,
    "wp_6": [
        5.754502773284912,
        9.995003700256348
    ],
    "wp_5": [
        3.9547266960144043,
        8.09716796875
    ],
    "wp_4": [
        2.376845359802246,
        6.1623735427856445
    ],
    "wp_3": [
        1.4095711708068848,
        4.094966411590576
    ],
    "wp_2": [
        0.5769059658050537,
        2.574021339416504
    ],
    "wp_1": [
        0.15162138640880585,
        1.2083041667938232
    ],
    "aim": [
        2.376845359802246,
        6.1623735427856445
    ],
    "target": [
        4.815981448848492,
        11.083532661318793
    ],
    "desired_speed": 4.223602581024171,
    "angle": 0.2343530212964772,
    "angle_last": 0.4831209569908292,
    "angle_target": 0.26095285884312663,
    "angle_final": 0.2343530212964772,
    "delta": 0.25,
    "log_entries": [
        "norm1:1.93",
        "norm2:3.48",
        "norm3:5.47",
        "norm4:7.80",
        "norm5:10.27",
        " ",
        " ",
        " ",
        " ",
        " ",
        " ",
        " ",
        " ",
        " ",
        " ",
        " ",
        " ",
        " ",
        " ",
        " "
    ],
    "agent": "only_traj",
    "steer_traj": 0.3433329683308183,
    "throttle_traj": 0.75,
    "brake_traj": 0.0,
    "plan": [
        [
            0.15162138640880585,
            1.2083041667938232
        ],
        [
            0.5769059658050537,
            2.574021339416504
        ],
        [
            1.4095711708068848,
            4.094966411590576
        ],
        [
            2.376845359802246,
            6.1623735427856445
        ],
        [
            3.9547266960144043,
            8.09716796875
        ],
        [
            5.754502773284912,
            9.995003700256348
        ]
    ],
    "command": 1,
    "redefined_command": 1,
    "cmd_softmax_output": [
        0.9992928504943848,
        0.0006108495872467756,
        9.623036021366715e-05
    ],
    "all_plan": [
        [
            [
                0.04029190540313721,
                0.9576114416122437
            ],
            [
                0.2647455036640167,
                2.2904820442199707
            ],
            [
                0.7433533668518066,
                3.8425724506378174
            ],
            [
                1.3995656967163086,
                5.944321632385254
            ],
            [
                2.4335923194885254,
                7.939417362213135
            ],
            [
                3.616253137588501,
                9.860542297363281
            ]
        ],
        [
            [
                0.15162138640880585,
                1.2083041667938232
            ],
            [
                0.5769059658050537,
                2.574021339416504
            ],
            [
                1.4095711708068848,
                4.094966411590576
            ],
            [
                2.376845359802246,
                6.1623735427856445
            ],
            [
                3.9547266960144043,
                8.09716796875
            ],
            [
                5.754502773284912,
                9.995003700256348
            ]
        ],
        [
            [
                0.006313122808933258,
                0.9225515723228455
            ],
            [
                0.19662880897521973,
                2.346196413040161
            ],
            [
                0.6502594947814941,
                4.030690670013428
            ],
            [
                1.3198020458221436,
                6.2830963134765625
            ],
            [
                2.3663578033447266,
                8.391595840454102
            ],
            [
                3.572322368621826,
                10.43826675415039
            ]
        ],
        [
            [
                -0.05967334285378456,
                0.4729902744293213
            ],
            [
                -0.001592431217432022,
                1.6471898555755615
            ],
            [
                0.2513207197189331,
                3.3082242012023926
            ],
            [
                0.6935669183731079,
                5.493391513824463
            ],
            [
                1.3904285430908203,
                7.628833770751953
            ],
            [
                2.195749044418335,
                9.83797836303711
            ]
        ],
        [
            [
                0.07451879233121872,
                1.1781044006347656
            ],
            [
                0.4004207253456116,
                2.650829792022705
            ],
            [
                1.1133344173431396,
                4.298603057861328
            ],
            [
                2.031298875808716,
                6.470388412475586
            ],
            [
                3.5149435997009277,
                8.451071739196777
            ],
            [
                5.183594703674316,
                10.394121170043945
            ]
        ],
        [
            [
                0.14263390004634857,
                1.1794350147247314
            ],
            [
                0.5111976265907288,
                2.638390302658081
            ],
            [
                1.1353150606155396,
                4.272395610809326
            ],
            [
                1.8447929620742798,
                6.466360092163086
            ],
            [
                2.990826368331909,
                8.597413063049316
            ],
            [
                4.270841598510742,
                10.664990425109863
            ]
        ]
    ],
    "tl_trigger": 4.967475319972436e-07,
    "tl_status": 0
}