{
    "speed": 0.0004598847168996523,
    "steer": 0.015674777328968048,
    "throttle": 0.75,
    "brake": 0.0,
    "wp_6": [
        0.7699011564254761,
        13.369024276733398
    ],
    "wp_5": [
        0.5152286887168884,
        11.220282554626465
    ],
    "wp_4": [
        0.3206841051578522,
        8.724530220031738
    ],
    "wp_3": [
        0.18247710168361664,
        5.948515892028809
    ],
    "wp_2": [
        0.11073964089155197,
        3.605818748474121
    ],
    "wp_1": [
        0.025612957775592804,
        1.5826436281204224
    ],
    "aim": [
        0.3206841051578522,
        8.724530220031738
    ],
    "target": [
        4.907904735023802,
        27.21831882152931
    ],
    "desired_speed": 4.726126956939697,
    "angle": 0.02338942374823803,
    "angle_last": 0.07510291090214635,
    "angle_target": 0.11357247752652165,
    "angle_final": 0.02338942374823803,
    "delta": 0.25,
    "agent": "only_traj",
    "steer_traj": 0.01567477648120673,
    "throttle_traj": 0.75,
    "brake_traj": 0.0,
    "plan": [
        [
            0.025612957775592804,
            1.5826436281204224
        ],
        [
            0.11073964089155197,
            3.605818748474121
        ],
        [
            0.18247710168361664,
            5.948515892028809
        ],
        [
            0.3206841051578522,
            8.724530220031738
        ],
        [
            0.5152286887168884,
            11.220282554626465
        ],
        [
            0.7699011564254761,
            13.369024276733398
        ]
    ],
    "command": 3,
    "all_plan": [
        [
            [
                0.07542721182107925,
                1.6621934175491333
            ],
            [
                0.18809843063354492,
                3.725086212158203
            ],
            [
                0.28239941596984863,
                6.02957820892334
            ],
            [
                0.38302284479141235,
                8.711658477783203
            ],
            [
                0.5791946053504944,
                11.165390014648438
            ],
            [
                0.8482499122619629,
                13.370617866516113
            ]
        ],
        [
            [
                0.09487133473157883,
                1.7603892087936401
            ],
            [
                0.24083197116851807,
                3.8702354431152344
            ],
            [
                0.3763388395309448,
                6.099292755126953
            ],
            [
                0.5258588194847107,
                8.655407905578613
            ],
            [
                0.7700339555740356,
                10.988414764404297
            ],
            [
                1.0906600952148438,
                13.107872009277344
            ]
        ],
        [
            [
                0.04366418719291687,
                1.6950476169586182
            ],
            [
                0.1406637728214264,
                3.906755208969116
            ],
            [
                0.22891178727149963,
                6.408747673034668
            ],
            [
                0.37267106771469116,
                9.319388389587402
            ],
            [
                0.5705641508102417,
                11.993189811706543
            ],
            [
                0.8297743797302246,
                14.425785064697266
            ]
        ],
        [
            [
                0.025612957775592804,
                1.5826436281204224
            ],
            [
                0.11073964089155197,
                3.605818748474121
            ],
            [
                0.18247710168361664,
                5.948515892028809
            ],
            [
                0.3206841051578522,
                8.724530220031738
            ],
            [
                0.5152286887168884,
                11.220282554626465
            ],
            [
                0.7699011564254761,
                13.369024276733398
            ]
        ],
        [
            [
                0.04731409251689911,
                1.757131576538086
            ],
            [
                0.1372283548116684,
                3.962050199508667
            ],
            [
                0.21876603364944458,
                6.388249397277832
            ],
            [
                0.34601593017578125,
                9.160490989685059
            ],
            [
                0.5223876237869263,
                11.697797775268555
            ],
            [
                0.7563992142677307,
                14.007548332214355
            ]
        ],
        [
            [
                0.11083152145147324,
                1.83069908618927
            ],
            [
                0.2604641616344452,
                3.9855189323425293
            ],
            [
                0.3955652713775635,
                6.237013816833496
            ],
            [
                0.5316954255104065,
                8.783098220825195
            ],
            [
                0.7594771981239319,
                11.092012405395508
            ],
            [
                1.0662537813186646,
                13.172048568725586
            ]
        ]
    ],
    "tl_trigger": 5.299046392792661e-07,
    "tl_status": 0
}