{
    "speed": 4.0067329005322465,
    "steer": -0.03311379253864288,
    "throttle": 0.75,
    "brake": 0.0,
    "wp_6": [
        -2.2221531867980957,
        13.34636402130127
    ],
    "wp_5": [
        -1.7090973854064941,
        11.90671443939209
    ],
    "wp_4": [
        -1.1443467140197754,
        9.994298934936523
    ],
    "wp_3": [
        -0.519078254699707,
        7.711908340454102
    ],
    "wp_2": [
        -0.2518998384475708,
        5.31561279296875
    ],
    "wp_1": [
        -0.058243703097105026,
        2.7261757850646973
    ],
    "aim": [
        -0.058243703097105026,
        2.7261757850646973
    ],
    "target": [
        -1.1685963182074248,
        10.112683663219215
    ],
    "desired_speed": 4.3586798191070555,
    "angle": -0.013599086247012135,
    "angle_last": -0.21794240910573026,
    "angle_target": -0.07324132423315124,
    "angle_final": -0.013599086247012135,
    "delta": 0.25,
    "log_entries": [
        "norm1:4.02",
        "norm2:6.53",
        "norm3:8.89",
        "norm4:11.04",
        "norm5:12.78",
        " ",
        " ",
        " ",
        " ",
        " ",
        " ",
        " ",
        " ",
        " ",
        " ",
        " ",
        " "
    ],
    "agent": "only_traj",
    "steer_traj": -0.03311379348382249,
    "throttle_traj": 0.75,
    "brake_traj": 0.0,
    "plan": [
        [
            -0.058243703097105026,
            2.7261757850646973
        ],
        [
            -0.2518998384475708,
            5.31561279296875
        ],
        [
            -0.519078254699707,
            7.711908340454102
        ],
        [
            -1.1443467140197754,
            9.994298934936523
        ],
        [
            -1.7090973854064941,
            11.90671443939209
        ],
        [
            -2.2221531867980957,
            13.34636402130127
        ]
    ],
    "command": 3,
    "redefined_command": 3,
    "cmd_softmax_output": [
        0.9988621473312378,
        0.0010813872795552015,
        5.649122249451466e-05
    ],
    "all_plan": [
        [
            [
                -0.04952143877744675,
                2.6505966186523438
            ],
            [
                -0.224294513463974,
                5.310439109802246
            ],
            [
                -0.45797091722488403,
                7.895968437194824
            ],
            [
                -0.9767732620239258,
                10.453410148620605
            ],
            [
                -1.4833976030349731,
                12.650306701660156
            ],
            [
                -1.9214621782302856,
                14.331113815307617
            ]
        ],
        [
            [
                -0.05628674849867821,
                2.5457191467285156
            ],
            [
                -0.2426542341709137,
                5.194660186767578
            ],
            [
                -0.48145514726638794,
                7.84846305847168
            ],
            [
                -1.0276820659637451,
                10.50471305847168
            ],
            [
                -1.5551257133483887,
                12.81917667388916
            ],
            [
                -1.9954501390457153,
                14.60678482055664
            ]
        ],
        [
            [
                -0.08383224159479141,
                2.7085838317871094
            ],
            [
                -0.2996162474155426,
                5.542436599731445
            ],
            [
                -0.5555288791656494,
                8.342487335205078
            ],
            [
                -1.104640245437622,
                11.100337982177734
            ],
            [
                -1.6551134586334229,
                13.450959205627441
            ],
            [
                -2.1338918209075928,
                15.240777969360352
            ]
        ],
        [
            [
                -0.058243703097105026,
                2.7261757850646973
            ],
            [
                -0.2518998384475708,
                5.31561279296875
            ],
            [
                -0.519078254699707,
                7.711908340454102
            ],
            [
                -1.1443467140197754,
                9.994298934936523
            ],
            [
                -1.7090973854064941,
                11.90671443939209
            ],
            [
                -2.2221531867980957,
                13.34636402130127
            ]
        ],
        [
            [
                -0.06823357939720154,
                2.681002140045166
            ],
            [
                -0.31214916706085205,
                5.50078010559082
            ],
            [
                -0.6099066734313965,
                8.299520492553711
            ],
            [
                -1.2968015670776367,
                11.034660339355469
            ],
            [
                -1.9492716789245605,
                13.371941566467285
            ],
            [
                -2.5038044452667236,
                15.117213249206543
            ]
        ],
        [
            [
                -0.08759402483701706,
                2.4893407821655273
            ],
            [
                -0.2684195041656494,
                5.162149429321289
            ],
            [
                -0.4717758893966675,
                7.848222732543945
            ],
            [
                -0.8733716011047363,
                10.548432350158691
            ],
            [
                -1.312018632888794,
                12.88658618927002
            ],
            [
                -1.6766598224639893,
                14.697623252868652
            ]
        ]
    ],
    "tl_trigger": 5.86503915656067e-07,
    "tl_status": 0
}