{
    "speed": 1.1984052930413271,
    "steer": -0.03795851394534111,
    "throttle": 0.75,
    "brake": 0.0,
    "wp_6": [
        -0.13649263978004456,
        7.238079071044922
    ],
    "wp_5": [
        -0.10343381762504578,
        5.662518501281738
    ],
    "wp_4": [
        -0.07196278125047684,
        4.126473903656006
    ],
    "wp_3": [
        -0.14140503108501434,
        2.6822028160095215
    ],
    "wp_2": [
        -0.08139287680387497,
        1.524259328842163
    ],
    "wp_1": [
        -0.04512344300746918,
        0.6176279783248901
    ],
    "aim": [
        -0.14140503108501434,
        2.6822028160095215
    ],
    "target": [
        -3.323076573816327,
        50.71178446355335
    ],
    "desired_speed": 2.6500271558761597,
    "angle": -0.033531399628888015,
    "angle_last": -0.013355779730578126,
    "angle_target": -0.0416572993499408,
    "angle_final": -0.033531399628888015,
    "delta": 0.25,
    "log_entries": [
        "norm1:1.07",
        "norm2:2.11",
        "norm3:3.41",
        "norm4:4.90",
        "norm5:6.45",
        " ",
        " ",
        " ",
        " ",
        " ",
        " ",
        " ",
        " ",
        " ",
        " ",
        " ",
        " ",
        " ",
        " "
    ],
    "agent": "only_traj",
    "steer_traj": -0.037958514964004236,
    "throttle_traj": 0.75,
    "brake_traj": 0.0,
    "plan": [
        [
            -0.04512344300746918,
            0.6176279783248901
        ],
        [
            -0.08139287680387497,
            1.524259328842163
        ],
        [
            -0.14140503108501434,
            2.6822028160095215
        ],
        [
            -0.07196278125047684,
            4.126473903656006
        ],
        [
            -0.10343381762504578,
            5.662518501281738
        ],
        [
            -0.13649263978004456,
            7.238079071044922
        ]
    ],
    "command": 3,
    "redefined_command": 3,
    "cmd_softmax_output": [
        0.999761164188385,
        3.795910015469417e-05,
        0.000200770897208713
    ],
    "all_plan": [
        [
            [
                -0.03965071961283684,
                0.7285894155502319
            ],
            [
                -0.07653439044952393,
                1.816775918006897
            ],
            [
                -0.13670125603675842,
                3.1877360343933105
            ],
            [
                -0.08135437965393066,
                4.830441951751709
            ],
            [
                -0.11612143367528915,
                6.529360771179199
            ],
            [
                -0.15451860427856445,
                8.265790939331055
            ]
        ],
        [
            [
                -0.05396856740117073,
                0.8504151105880737
            ],
            [
                -0.11155970394611359,
                2.14516019821167
            ],
            [
                -0.18444260954856873,
                3.780116081237793
            ],
            [
                -0.12123008072376251,
                5.658998489379883
            ],
            [
                -0.18540582060813904,
                7.569217205047607
            ],
            [
                -0.25930967926979065,
                9.489009857177734
            ]
        ],
        [
            [
                -0.06093498319387436,
                0.7496845126152039
            ],
            [
                -0.11708614230155945,
                1.9185006618499756
            ],
            [
                -0.1893727332353592,
                3.4196889400482178
            ],
            [
                -0.12348432838916779,
                5.1918206214904785
            ],
            [
                -0.1838151216506958,
                7.044289588928223
            ],
            [
                -0.2567703425884247,
                8.941264152526855
            ]
        ],
        [
            [
                -0.04512344300746918,
                0.6176279783248901
            ],
            [
                -0.08139287680387497,
                1.524259328842163
            ],
            [
                -0.14140503108501434,
                2.6822028160095215
            ],
            [
                -0.07196278125047684,
                4.126473903656006
            ],
            [
                -0.10343381762504578,
                5.662518501281738
            ],
            [
                -0.13649263978004456,
                7.238079071044922
            ]
        ],
        [
            [
                -0.06974425911903381,
                0.9561456441879272
            ],
            [
                -0.14088979363441467,
                2.3765344619750977
            ],
            [
                -0.2221928834915161,
                4.156063079833984
            ],
            [
                -0.15623649954795837,
                6.176304817199707
            ],
            [
                -0.2405153512954712,
                8.233672142028809
            ],
            [
                -0.3443622291088104,
                10.294358253479004
            ]
        ],
        [
            [
                -0.05827639624476433,
                1.0588884353637695
            ],
            [
                -0.12069541215896606,
                2.573842763900757
            ],
            [
                -0.19219842553138733,
                4.403345108032227
            ],
            [
                -0.11639484018087387,
                6.4345502853393555
            ],
            [
                -0.17879705131053925,
                8.442620277404785
            ],
            [
                -0.24799033999443054,
                10.418938636779785
            ]
        ]
    ],
    "tl_trigger": 5.042737711846712e-07,
    "tl_status": 0
}