{
    "speed": 0.5656712354067676,
    "steer": 0.008501417934894562,
    "throttle": 0.75,
    "brake": 0.0,
    "wp_6": [
        0.02379029057919979,
        3.496873617172241
    ],
    "wp_5": [
        0.025781426578760147,
        2.5200998783111572
    ],
    "wp_4": [
        -0.003363614436239004,
        1.6612567901611328
    ],
    "wp_3": [
        0.0032666539773344994,
        0.9331538081169128
    ],
    "wp_2": [
        -0.007863226346671581,
        0.39318615198135376
    ],
    "wp_1": [
        -0.010256974026560783,
        0.10700705647468567
    ],
    "aim": [
        0.025781426578760147,
        2.5200998783111572
    ],
    "target": [
        -0.4271638020647466,
        27.034915705435516
    ],
    "desired_speed": 1.3562071442604064,
    "angle": 0.006512633437062744,
    "angle_last": -0.0012976878788468367,
    "angle_target": -0.010058041178669017,
    "angle_final": 0.006512633437062744,
    "delta": 0.25,
    "log_entries": [
        "norm1:0.25",
        "norm2:0.66",
        "norm3:1.30",
        "norm4:2.09",
        "norm5:3.01",
        " ",
        " ",
        " ",
        " ",
        " ",
        " ",
        " ",
        " ",
        " ",
        " ",
        " ",
        " "
    ],
    "agent": "only_traj",
    "steer_traj": 0.008501417878983921,
    "throttle_traj": 0.75,
    "brake_traj": 0.0,
    "plan": [
        [
            -0.010256974026560783,
            0.10700705647468567
        ],
        [
            -0.007863226346671581,
            0.39318615198135376
        ],
        [
            0.0032666539773344994,
            0.9331538081169128
        ],
        [
            -0.003363614436239004,
            1.6612567901611328
        ],
        [
            0.025781426578760147,
            2.5200998783111572
        ],
        [
            0.02379029057919979,
            3.496873617172241
        ]
    ],
    "command": 3,
    "redefined_command": 3,
    "cmd_softmax_output": [
        0.999975323677063,
        1.7062198821804486e-05,
        7.66490848036483e-06
    ],
    "all_plan": [
        [
            [
                -0.007192231249064207,
                0.28097695112228394
            ],
            [
                -0.010454662144184113,
                0.41925927996635437
            ],
            [
                -0.0008185319602489471,
                0.6212798357009888
            ],
            [
                -0.0057891798205673695,
                0.810683012008667
            ],
            [
                0.004431440029293299,
                1.067144751548767
            ],
            [
                -0.0008171321824193001,
                1.416642427444458
            ]
        ],
        [
            [
                -0.0023160846903920174,
                0.1200227439403534
            ],
            [
                0.0028298860415816307,
                0.29517534375190735
            ],
            [
                0.025882642716169357,
                0.6371198892593384
            ],
            [
                -0.008875347673892975,
                1.0151710510253906
            ],
            [
                0.02397201582789421,
                1.4434263706207275
            ],
            [
                0.018715107813477516,
                1.9843988418579102
            ]
        ],
        [
            [
                -0.011152159422636032,
                0.11007562279701233
            ],
            [
                -0.0069325147196650505,
                0.4056756794452667
            ],
            [
                0.0106538450345397,
                0.9609763622283936
            ],
            [
                -0.004772522486746311,
                1.68115234375
            ],
            [
                0.03399914503097534,
                2.5107991695404053
            ],
            [
                0.03276120871305466,
                3.471163511276245
            ]
        ],
        [
            [
                -0.010256974026560783,
                0.10700705647468567
            ],
            [
                -0.007863226346671581,
                0.39318615198135376
            ],
            [
                0.0032666539773344994,
                0.9331538081169128
            ],
            [
                -0.003363614436239004,
                1.6612567901611328
            ],
            [
                0.025781426578760147,
                2.5200998783111572
            ],
            [
                0.02379029057919979,
                3.496873617172241
            ]
        ],
        [
            [
                -0.01313087809830904,
                0.17458902299404144
            ],
            [
                -0.008474497124552727,
                0.5034651160240173
            ],
            [
                0.01251961663365364,
                1.0759484767913818
            ],
            [
                -0.007800620049238205,
                1.7786277532577515
            ],
            [
                0.03994717821478844,
                2.574488401412964
            ],
            [
                0.0412018708884716,
                3.516382932662964
            ]
        ],
        [
            [
                -0.008406896144151688,
                0.20830553770065308
            ],
            [
                -0.006706736981868744,
                0.4042043685913086
            ],
            [
                0.00983874686062336,
                0.6970891952514648
            ],
            [
                -0.005675429478287697,
                1.004651427268982
            ],
            [
                0.027010509744286537,
                1.354204535484314
            ],
            [
                0.028581367805600166,
                1.8061058521270752
            ]
        ]
    ],
    "tl_trigger": 1.0210803338850383e-05,
    "tl_status": 0
}