{
    "speed": 4.2367458684798915,
    "steer": 0.004281839355826378,
    "throttle": 0.06301917880773544,
    "brake": 0.0,
    "wp_6": [
        0.07347054779529572,
        12.715290069580078
    ],
    "wp_5": [
        0.04242023080587387,
        11.194384574890137
    ],
    "wp_4": [
        0.030474085360765457,
        9.199090957641602
    ],
    "wp_3": [
        -0.005889125168323517,
        6.816113471984863
    ],
    "wp_2": [
        0.010230762884020805,
        4.5563249588012695
    ],
    "wp_1": [
        0.004996404051780701,
        2.268017292022705
    ],
    "aim": [
        0.004996404051780701,
        2.268017292022705
    ],
    "target": [
        0.1187048049373513,
        15.722101341733651
    ],
    "desired_speed": 4.179186582565308,
    "angle": 0.0014024376820407597,
    "angle_last": 0.012995241869312623,
    "angle_target": 0.004806506989360414,
    "angle_final": 0.0014024376820407597,
    "delta": 0.0,
    "log_entries": [
        "norm1:3.41",
        "norm2:5.69",
        "norm3:8.01",
        "norm4:10.20",
        "norm5:11.95",
        " ",
        " ",
        " ",
        " ",
        " ",
        " ",
        " ",
        " ",
        " ",
        " "
    ],
    "agent": "only_traj",
    "steer_traj": 0.004281839423280132,
    "throttle_traj": 0.0630191787620094,
    "brake_traj": 0.0,
    "plan": [
        [
            0.004996404051780701,
            2.268017292022705
        ],
        [
            0.010230762884020805,
            4.5563249588012695
        ],
        [
            -0.005889125168323517,
            6.816113471984863
        ],
        [
            0.030474085360765457,
            9.199090957641602
        ],
        [
            0.04242023080587387,
            11.194384574890137
        ],
        [
            0.07347054779529572,
            12.715290069580078
        ]
    ],
    "command": 3,
    "redefined_command": 3,
    "cmd_softmax_output": [
        0.9999291896820068,
        6.252516323002055e-05,
        8.216681635531131e-06
    ],
    "all_plan": [
        [
            [
                0.02707534283399582,
                2.7400946617126465
            ],
            [
                0.03294502943754196,
                5.16729736328125
            ],
            [
                0.022458361461758614,
                7.1393866539001465
            ],
            [
                0.020132167264819145,
                8.953391075134277
            ],
            [
                0.024988997727632523,
                10.531927108764648
            ],
            [
                0.052107617259025574,
                11.92769718170166
            ]
        ],
        [
            [
                0.03200299292802811,
                2.7302627563476562
            ],
            [
                0.04015331715345383,
                5.1525115966796875
            ],
            [
                0.035568736493587494,
                7.097957134246826
            ],
            [
                0.03537513688206673,
                8.818370819091797
            ],
            [
                0.05038636177778244,
                10.26223373413086
            ],
            [
                0.09419123828411102,
                11.532157897949219
            ]
        ],
        [
            [
                0.00797862559556961,
                2.5140819549560547
            ],
            [
                0.010381216183304787,
                5.049430847167969
            ],
            [
                -0.008591283112764359,
                7.4928789138793945
            ],
            [
                0.03182169049978256,
                10.0260591506958
            ],
            [
                0.0392628014087677,
                12.13748836517334
            ],
            [
                0.07366787642240524,
                13.75852108001709
            ]
        ],
        [
            [
                0.004996404051780701,
                2.268017292022705
            ],
            [
                0.010230762884020805,
                4.5563249588012695
            ],
            [
                -0.005889125168323517,
                6.816113471984863
            ],
            [
                0.030474085360765457,
                9.199090957641602
            ],
            [
                0.04242023080587387,
                11.194384574890137
            ],
            [
                0.07347054779529572,
                12.715290069580078
            ]
        ],
        [
            [
                0.01445971429347992,
                2.707554817199707
            ],
            [
                0.009600164368748665,
                5.335079193115234
            ],
            [
                -0.017207104712724686,
                7.711820602416992
            ],
            [
                0.007553271949291229,
                10.072050094604492
            ],
            [
                -0.004897924140095711,
                12.050494194030762
            ],
            [
                0.012434057891368866,
                13.617844581604004
            ]
        ],
        [
            [
                0.04254072159528732,
                2.623368740081787
            ],
            [
                0.04960460960865021,
                5.0200886726379395
            ],
            [
                0.04190865159034729,
                7.000838279724121
            ],
            [
                0.028597112745046616,
                8.740898132324219
            ],
            [
                0.03382390737533569,
                10.13724422454834
            ],
            [
                0.07403909415006638,
                11.313888549804688
            ]
        ]
    ],
    "tl_trigger": 0.005994133185595274,
    "tl_status": 2
}