{
    "speed": 0.015474673574822169,
    "steer": 0.13446944952011108,
    "throttle": 0.75,
    "brake": 0.0,
    "wp_6": [
        3.8942923545837402,
        13.04928970336914
    ],
    "wp_5": [
        2.5108747482299805,
        9.881624221801758
    ],
    "wp_4": [
        1.4894559383392334,
        6.764167785644531
    ],
    "wp_3": [
        0.8767666816711426,
        3.8065497875213623
    ],
    "wp_2": [
        0.3311331868171692,
        1.764232873916626
    ],
    "wp_1": [
        0.0793553963303566,
        0.5057039856910706
    ],
    "aim": [
        1.4894559383392334,
        6.764167785644531
    ],
    "target": [
        4.247639988480439,
        28.223290863047236
    ],
    "desired_speed": 5.261972141265869,
    "angle": 0.1379804181454313,
    "angle_last": 0.26213762371216287,
    "angle_target": 0.09509833288547755,
    "angle_final": 0.09509833288547755,
    "delta": 0.25,
    "agent": "only_traj",
    "steer_traj": 0.13446944966260105,
    "throttle_traj": 0.75,
    "brake_traj": 0.0,
    "plan": [
        [
            0.0793553963303566,
            0.5057039856910706
        ],
        [
            0.3311331868171692,
            1.764232873916626
        ],
        [
            0.8767666816711426,
            3.8065497875213623
        ],
        [
            1.4894559383392334,
            6.764167785644531
        ],
        [
            2.5108747482299805,
            9.881624221801758
        ],
        [
            3.8942923545837402,
            13.04928970336914
        ]
    ],
    "command": 2,
    "all_plan": [
        [
            [
                0.08265622705221176,
                0.5628161430358887
            ],
            [
                0.3330202102661133,
                1.865907907485962
            ],
            [
                0.8385462164878845,
                3.887965679168701
            ],
            [
                1.3895916938781738,
                6.766299247741699
            ],
            [
                2.3215017318725586,
                9.75853157043457
            ],
            [
                3.5767030715942383,
                12.778712272644043
            ]
        ],
        [
            [
                0.08937717229127884,
                0.7748600244522095
            ],
            [
                0.3679466247558594,
                2.1162309646606445
            ],
            [
                0.944305419921875,
                3.991820812225342
            ],
            [
                1.6481237411499023,
                6.711706638336182
            ],
            [
                2.7536983489990234,
                9.499200820922852
            ],
            [
                4.232269287109375,
                12.230352401733398
            ]
        ],
        [
            [
                0.0793553963303566,
                0.5057039856910706
            ],
            [
                0.3311331868171692,
                1.764232873916626
            ],
            [
                0.8767666816711426,
                3.8065497875213623
            ],
            [
                1.4894559383392334,
                6.764167785644531
            ],
            [
                2.5108747482299805,
                9.881624221801758
            ],
            [
                3.8942923545837402,
                13.04928970336914
            ]
        ],
        [
            [
                0.06804101914167404,
                0.4324045777320862
            ],
            [
                0.2904975712299347,
                1.608708143234253
            ],
            [
                0.7886322736740112,
                3.5715513229370117
            ],
            [
                1.3343509435653687,
                6.412665367126465
            ],
            [
                2.2678298950195312,
                9.424051284790039
            ],
            [
                3.559832811355591,
                12.499661445617676
            ]
        ],
        [
            [
                0.08170469850301743,
                0.65678471326828
            ],
            [
                0.3500763177871704,
                1.9822943210601807
            ],
            [
                0.9268578886985779,
                3.9737133979797363
            ],
            [
                1.620812177658081,
                6.861126899719238
            ],
            [
                2.727672576904297,
                9.859834671020508
            ],
            [
                4.204015731811523,
                12.854077339172363
            ]
        ],
        [
            [
                0.08534551411867142,
                0.8839184045791626
            ],
            [
                0.3706425428390503,
                2.37630033493042
            ],
            [
                0.9256298542022705,
                4.355848789215088
            ],
            [
                1.6340141296386719,
                7.15511417388916
            ],
            [
                2.7157340049743652,
                9.961606979370117
            ],
            [
                4.097438812255859,
                12.69091510772705
            ]
        ]
    ],
    "tl_trigger": 4.703846911979781e-07,
    "tl_status": 0
}