{
    "speed": 2.121431919926339,
    "steer": 0.1606055051088333,
    "throttle": 0.75,
    "brake": 0.0,
    "wp_6": [
        5.279348373413086,
        18.477567672729492
    ],
    "wp_5": [
        3.908496141433716,
        14.526410102844238
    ],
    "wp_4": [
        2.681366443634033,
        10.627413749694824
    ],
    "wp_3": [
        1.8693870306015015,
        6.957014560699463
    ],
    "wp_2": [
        1.0168956518173218,
        4.032686710357666
    ],
    "wp_1": [
        0.3683246672153473,
        1.6745842695236206
    ],
    "aim": [
        2.681366443634033,
        10.627413749694824
    ],
    "target": [
        2.732502531295249,
        19.454641166410596
    ],
    "desired_speed": 7.008246135711669,
    "angle": 0.15733952687396152,
    "angle_last": 0.21260213210259005,
    "angle_target": 0.08883533167799668,
    "angle_final": 0.08883533167799668,
    "delta": 0.25,
    "agent": "only_traj",
    "steer_traj": 0.160605502177876,
    "throttle_traj": 0.75,
    "brake_traj": 0.0,
    "plan": [
        [
            0.3683246672153473,
            1.6745842695236206
        ],
        [
            1.0168956518173218,
            4.032686710357666
        ],
        [
            1.8693870306015015,
            6.957014560699463
        ],
        [
            2.681366443634033,
            10.627413749694824
        ],
        [
            3.908496141433716,
            14.526410102844238
        ],
        [
            5.279348373413086,
            18.477567672729492
        ]
    ],
    "command": 2,
    "all_plan": [
        [
            [
                0.37292489409446716,
                1.6331132650375366
            ],
            [
                1.006148099899292,
                3.9508919715881348
            ],
            [
                1.78249990940094,
                6.835095405578613
            ],
            [
                2.540987968444824,
                10.369004249572754
            ],
            [
                3.5831503868103027,
                14.144006729125977
            ],
            [
                4.731647491455078,
                17.97709083557129
            ]
        ],
        [
            [
                0.41328439116477966,
                1.817119836807251
            ],
            [
                1.1746752262115479,
                4.137049674987793
            ],
            [
                2.1215004920959473,
                6.794844150543213
            ],
            [
                3.16991925239563,
                10.107034683227539
            ],
            [
                4.495797157287598,
                13.587676048278809
            ],
            [
                5.931203842163086,
                17.06876564025879
            ]
        ],
        [
            [
                0.3683246672153473,
                1.6745842695236206
            ],
            [
                1.0168956518173218,
                4.032686710357666
            ],
            [
                1.8693870306015015,
                6.957014560699463
            ],
            [
                2.681366443634033,
                10.627413749694824
            ],
            [
                3.908496141433716,
                14.526410102844238
            ],
            [
                5.279348373413086,
                18.477567672729492
            ]
        ],
        [
            [
                0.3236776888370514,
                1.460403561592102
            ],
            [
                0.891860842704773,
                3.617493152618408
            ],
            [
                1.7090314626693726,
                6.415719032287598
            ],
            [
                2.3890674114227295,
                10.042061805725098
            ],
            [
                3.6452460289001465,
                13.91161823272705
            ],
            [
                5.099909782409668,
                17.868894577026367
            ]
        ],
        [
            [
                0.38626375794410706,
                1.779258370399475
            ],
            [
                1.0851582288742065,
                4.159571170806885
            ],
            [
                1.9655624628067017,
                6.9905805587768555
            ],
            [
                2.9005820751190186,
                10.484535217285156
            ],
            [
                4.129363536834717,
                14.18548583984375
            ],
            [
                5.465670585632324,
                17.907629013061523
            ]
        ],
        [
            [
                0.44067442417144775,
                1.8544247150421143
            ],
            [
                1.2306227684020996,
                4.230464935302734
            ],
            [
                2.159348487854004,
                6.920215606689453
            ],
            [
                3.209707260131836,
                10.236857414245605
            ],
            [
                4.453385353088379,
                13.649395942687988
            ],
            [
                5.756087303161621,
                17.0589656829834
            ]
        ]
    ],
    "tl_trigger": 4.4478929339675233e-07,
    "tl_status": 0
}