{
    "speed": 7.807286182307909,
    "steer": 0.0071933274157345295,
    "throttle": 0.050205428153276443,
    "brake": 0.0,
    "wp_6": [
        0.18834838271141052,
        22.693973541259766
    ],
    "wp_5": [
        0.1478530913591385,
        18.933834075927734
    ],
    "wp_4": [
        0.14394162595272064,
        15.131832122802734
    ],
    "wp_3": [
        0.33431655168533325,
        11.414918899536133
    ],
    "wp_2": [
        0.26973599195480347,
        7.636214733123779
    ],
    "wp_1": [
        0.17922958731651306,
        3.80838680267334
    ],
    "aim": [
        0.14394162595272064,
        15.131832122802734
    ],
    "target": [
        0.6432215636657688,
        30.284024154751577
    ],
    "desired_speed": 7.556920337677002,
    "angle": 0.006055693781588892,
    "angle_last": 0.006855888388351273,
    "angle_target": 0.013519537685179358,
    "angle_final": 0.006055693781588892,
    "delta": 0.0,
    "agent": "only_traj",
    "steer_traj": 0.007193327459504455,
    "throttle_traj": 0.05020542886230424,
    "brake_traj": 0.0,
    "plan": [
        [
            0.17922958731651306,
            3.80838680267334
        ],
        [
            0.26973599195480347,
            7.636214733123779
        ],
        [
            0.33431655168533325,
            11.414918899536133
        ],
        [
            0.14394162595272064,
            15.131832122802734
        ],
        [
            0.1478530913591385,
            18.933834075927734
        ],
        [
            0.18834838271141052,
            22.693973541259766
        ]
    ],
    "command": 3,
    "all_plan": [
        [
            [
                0.24540093541145325,
                3.7887415885925293
            ],
            [
                0.3735632598400116,
                7.594121932983398
            ],
            [
                0.4615020155906677,
                11.358642578125
            ],
            [
                0.20281299948692322,
                15.050384521484375
            ],
            [
                0.19825947284698486,
                18.859525680541992
            ],
            [
                0.25477901101112366,
                22.64297866821289
            ]
        ],
        [
            [
                0.25647425651550293,
                3.7209482192993164
            ],
            [
                0.4018855690956116,
                7.492074012756348
            ],
            [
                0.5091866254806519,
                11.248714447021484
            ],
            [
                0.2655864953994751,
                14.955856323242188
            ],
            [
                0.2879545986652374,
                18.782400131225586
            ],
            [
                0.381427526473999,
                22.589706420898438
            ]
        ],
        [
            [
                0.1832474172115326,
                3.8752689361572266
            ],
            [
                0.2803262770175934,
                7.791230201721191
            ],
            [
                0.3517753481864929,
                11.66849422454834
            ],
            [
                0.16698311269283295,
                15.500324249267578
            ],
            [
                0.18044306337833405,
                19.414535522460938
            ],
            [
                0.23201200366020203,
                23.2830753326416
            ]
        ],
        [
            [
                0.17922958731651306,
                3.80838680267334
            ],
            [
                0.26973599195480347,
                7.636214733123779
            ],
            [
                0.33431655168533325,
                11.414918899536133
            ],
            [
                0.14394162595272064,
                15.131832122802734
            ],
            [
                0.1478530913591385,
                18.933834075927734
            ],
            [
                0.18834838271141052,
                22.693973541259766
            ]
        ],
        [
            [
                0.19597256183624268,
                3.83152437210083
            ],
            [
                0.2907116711139679,
                7.702983856201172
            ],
            [
                0.3548700511455536,
                11.550055503845215
            ],
            [
                0.13576196134090424,
                15.33852481842041
            ],
            [
                0.1250947266817093,
                19.227092742919922
            ],
            [
                0.15566013753414154,
                23.083621978759766
            ]
        ],
        [
            [
                0.242506742477417,
                3.7764811515808105
            ],
            [
                0.37500056624412537,
                7.608237266540527
            ],
            [
                0.4699803590774536,
                11.42776870727539
            ],
            [
                0.23242811858654022,
                15.198837280273438
            ],
            [
                0.244181290268898,
                19.079465866088867
            ],
            [
                0.319501668214798,
                22.93309783935547
            ]
        ]
    ],
    "tl_trigger": 6.226688356036902e-07,
    "tl_status": 0
}