{
    "speed": 3.2609757011501133,
    "steer": 0.001554777380079031,
    "throttle": 0.0648273229598999,
    "brake": 0.0,
    "wp_6": [
        0.0783960223197937,
        11.167325973510742
    ],
    "wp_5": [
        0.06563619524240494,
        10.93415641784668
    ],
    "wp_4": [
        0.020824402570724487,
        10.594079971313477
    ],
    "wp_3": [
        -0.046917520463466644,
        9.119758605957031
    ],
    "wp_2": [
        -0.061477284878492355,
        6.500799179077148
    ],
    "wp_1": [
        -0.024960998445749283,
        3.194925308227539
    ],
    "aim": [
        0.020824402570724487,
        10.594079971313477
    ],
    "target": [
        -0.9462044312047482,
        18.91001954257842
    ],
    "desired_speed": 3.190994811058044,
    "angle": 0.0012514146103927,
    "angle_last": 0.03480327697925556,
    "angle_target": -0.03182812571134714,
    "angle_final": 0.0012514146103927,
    "delta": 0.0,
    "agent": "only_traj",
    "steer_traj": 0.001554777352787199,
    "throttle_traj": 0.06482732423325532,
    "brake_traj": 0.0,
    "plan": [
        [
            -0.024960998445749283,
            3.194925308227539
        ],
        [
            -0.061477284878492355,
            6.500799179077148
        ],
        [
            -0.046917520463466644,
            9.119758605957031
        ],
        [
            0.020824402570724487,
            10.594079971313477
        ],
        [
            0.06563619524240494,
            10.93415641784668
        ],
        [
            0.0783960223197937,
            11.167325973510742
        ]
    ],
    "command": 3,
    "all_plan": [
        [
            [
                0.01917838305234909,
                3.0785365104675293
            ],
            [
                0.009401055052876472,
                6.262009620666504
            ],
            [
                0.007312129717320204,
                9.008228302001953
            ],
            [
                0.02073674649000168,
                10.93901252746582
            ],
            [
                0.04074057936668396,
                11.72871208190918
            ],
            [
                0.055222414433956146,
                12.085111618041992
            ]
        ],
        [
            [
                0.02364487573504448,
                3.003180503845215
            ],
            [
                0.024758635088801384,
                6.158815383911133
            ],
            [
                0.03172393888235092,
                8.975591659545898
            ],
            [
                0.05669883266091347,
                10.99866771697998
            ],
            [
                0.10043711960315704,
                11.755025863647461
            ],
            [
                0.14617407321929932,
                11.94252872467041
            ]
        ],
        [
            [
                -0.005401965230703354,
                3.189819812774658
            ],
            [
                -0.028443830087780952,
                6.5304365158081055
            ],
            [
                -0.014900825917720795,
                9.363088607788086
            ],
            [
                0.03852858021855354,
                11.200697898864746
            ],
            [
                0.08678245544433594,
                11.753705978393555
            ],
            [
                0.11847882717847824,
                11.893462181091309
            ]
        ],
        [
            [
                -0.024960998445749283,
                3.194925308227539
            ],
            [
                -0.061477284878492355,
                6.500799179077148
            ],
            [
                -0.046917520463466644,
                9.119758605957031
            ],
            [
                0.020824402570724487,
                10.594079971313477
            ],
            [
                0.06563619524240494,
                10.93415641784668
            ],
            [
                0.0783960223197937,
                11.167325973510742
            ]
        ],
        [
            [
                -0.014698006212711334,
                3.1173338890075684
            ],
            [
                -0.04966488480567932,
                6.440423965454102
            ],
            [
                -0.04217860847711563,
                9.359882354736328
            ],
            [
                0.011568311601877213,
                11.347306251525879
            ],
            [
                0.047073494642972946,
                11.98559856414795
            ],
            [
                0.060563988983631134,
                12.06753158569336
            ]
        ],
        [
            [
                0.039483800530433655,
                2.957921028137207
            ],
            [
                0.04624273627996445,
                6.067811489105225
            ],
            [
                0.04979380965232849,
                8.864748001098633
            ],
            [
                0.05911339446902275,
                10.921019554138184
            ],
            [
                0.09427376091480255,
                11.758875846862793
            ],
            [
                0.14340534806251526,
                12.030360221862793
            ]
        ]
    ],
    "tl_trigger": 0.9999963045120239,
    "tl_status": 0
}