{
    "speed": 1.3642281596396833e-05,
    "steer": -0.006970901042222977,
    "throttle": 0.0,
    "brake": 1.0,
    "wp_6": [
        -0.039303913712501526,
        1.0843325853347778
    ],
    "wp_5": [
        -0.02558688260614872,
        0.8196066617965698
    ],
    "wp_4": [
        -0.012998845428228378,
        0.7498990893363953
    ],
    "wp_3": [
        0.0014885286800563335,
        0.5646045804023743
    ],
    "wp_2": [
        0.00011854805052280426,
        0.4591541290283203
    ],
    "wp_1": [
        0.0030498765408992767,
        0.3436964750289917
    ],
    "aim": [
        -0.012998845428228378,
        0.7498990893363953
    ],
    "target": [
        -0.08058135797797483,
        14.910619202485215
    ],
    "desired_speed": 0.2970921158790588,
    "angle": -0.011034122540700013,
    "angle_last": -0.03295758784761616,
    "angle_target": -0.003440446413324497,
    "angle_final": -0.003440446413324497,
    "delta": 0.25,
    "agent": "only_traj",
    "steer_traj": -0.006970901023957289,
    "throttle_traj": 0.0,
    "brake_traj": 1.0,
    "plan": [
        [
            0.0030498765408992767,
            0.3436964750289917
        ],
        [
            0.00011854805052280426,
            0.4591541290283203
        ],
        [
            0.0014885286800563335,
            0.5646045804023743
        ],
        [
            -0.012998845428228378,
            0.7498990893363953
        ],
        [
            -0.02558688260614872,
            0.8196066617965698
        ],
        [
            -0.039303913712501526,
            1.0843325853347778
        ]
    ],
    "command": 3,
    "all_plan": [
        [
            [
                0.03079601749777794,
                0.6535305976867676
            ],
            [
                0.0342765673995018,
                0.9210629463195801
            ],
            [
                0.037775810807943344,
                1.0690491199493408
            ],
            [
                -0.00867006927728653,
                1.1673530340194702
            ],
            [
                -0.027051961049437523,
                1.2662533521652222
            ],
            [
                -0.03437099605798721,
                1.4559106826782227
            ]
        ],
        [
            [
                0.04579220712184906,
                0.6235447525978088
            ],
            [
                0.05078482627868652,
                0.872121274471283
            ],
            [
                0.05369659140706062,
                0.9847599267959595
            ],
            [
                -0.009675238281488419,
                1.0124443769454956
            ],
            [
                -0.03613061457872391,
                1.0702078342437744
            ],
            [
                -0.047763191163539886,
                1.2019436359405518
            ]
        ],
        [
            [
                0.018892768770456314,
                0.46258366107940674
            ],
            [
                0.01580117456614971,
                0.6289710998535156
            ],
            [
                0.014384394511580467,
                0.7072658538818359
            ],
            [
                -0.009948400780558586,
                0.7723982930183411
            ],
            [
                -0.0295448936522007,
                0.7901410460472107
            ],
            [
                -0.041607342660427094,
                0.9589579105377197
            ]
        ],
        [
            [
                0.0030498765408992767,
                0.3436964750289917
            ],
            [
                0.00011854805052280426,
                0.4591541290283203
            ],
            [
                0.0014885286800563335,
                0.5646045804023743
            ],
            [
                -0.012998845428228378,
                0.7498990893363953
            ],
            [
                -0.02558688260614872,
                0.8196066617965698
            ],
            [
                -0.039303913712501526,
                1.0843325853347778
            ]
        ],
        [
            [
                0.016369756311178207,
                0.7848535180091858
            ],
            [
                0.02450139820575714,
                1.2967058420181274
            ],
            [
                0.03579620644450188,
                1.662280797958374
            ],
            [
                -0.01020306721329689,
                2.0079665184020996
            ],
            [
                0.018382783979177475,
                2.2736799716949463
            ],
            [
                0.02828105352818966,
                2.6691653728485107
            ]
        ],
        [
            [
                0.0555388480424881,
                0.6625030040740967
            ],
            [
                0.0637907013297081,
                0.9331090450286865
            ],
            [
                0.06873530149459839,
                1.0567612648010254
            ],
            [
                -0.008944161236286163,
                1.0546950101852417
            ],
            [
                -0.03560803085565567,
                1.140392541885376
            ],
            [
                -0.045900873839855194,
                1.2514328956604004
            ]
        ]
    ],
    "tl_trigger": 0.9999982118606567,
    "tl_status": 0
}