{
    "speed": 4.096496123617157e-06,
    "steer": -0.017777375876903534,
    "throttle": 0.0,
    "brake": 1.0,
    "wp_6": [
        -0.04210316762328148,
        1.0134919881820679
    ],
    "wp_5": [
        -0.02648233249783516,
        0.7391641139984131
    ],
    "wp_4": [
        -0.014368146657943726,
        0.6557376980781555
    ],
    "wp_3": [
        0.005181551445275545,
        0.4613320529460907
    ],
    "wp_2": [
        0.002415136434137821,
        0.3592383861541748
    ],
    "wp_1": [
        0.00406295619904995,
        0.27501392364501953
    ],
    "aim": [
        -0.014368146657943726,
        0.6557376980781555
    ],
    "target": [
        -0.3826240076311125,
        14.918405524579823
    ],
    "desired_speed": 0.29633259177207943,
    "angle": -0.013946970548738117,
    "angle_last": -0.03621141407721946,
    "angle_target": -0.016324306127151314,
    "angle_final": -0.013946970548738117,
    "delta": 0.25,
    "agent": "only_traj",
    "steer_traj": -0.017777375902254436,
    "throttle_traj": 0.0,
    "brake_traj": 1.0,
    "plan": [
        [
            0.00406295619904995,
            0.27501392364501953
        ],
        [
            0.002415136434137821,
            0.3592383861541748
        ],
        [
            0.005181551445275545,
            0.4613320529460907
        ],
        [
            -0.014368146657943726,
            0.6557376980781555
        ],
        [
            -0.02648233249783516,
            0.7391641139984131
        ],
        [
            -0.04210316762328148,
            1.0134919881820679
        ]
    ],
    "command": 3,
    "all_plan": [
        [
            [
                0.03334787115454674,
                0.6119150519371033
            ],
            [
                0.0431923046708107,
                0.9245111346244812
            ],
            [
                0.05636592209339142,
                1.1854023933410645
            ],
            [
                -0.01147141307592392,
                1.4305378198623657
            ],
            [
                -0.014925355091691017,
                1.6723178625106812
            ],
            [
                -0.021831190213561058,
                2.0166468620300293
            ]
        ],
        [
            [
                0.03694135323166847,
                0.5925908088684082
            ],
            [
                0.04781656712293625,
                0.9310089349746704
            ],
            [
                0.06219044327735901,
                1.211401343345642
            ],
            [
                -0.011259980499744415,
                1.4634768962860107
            ],
            [
                -0.007944900542497635,
                1.714938759803772
            ],
            [
                -0.012822186574339867,
                2.074754476547241
            ]
        ],
        [
            [
                0.00977032445371151,
                0.45436131954193115
            ],
            [
                0.010699682869017124,
                0.7013278603553772
            ],
            [
                0.014020225033164024,
                0.8687711358070374
            ],
            [
                -0.008600523695349693,
                1.0533126592636108
            ],
            [
                -0.000538557767868042,
                1.160099983215332
            ],
            [
                0.00014774873852729797,
                1.4215186834335327
            ]
        ],
        [
            [
                0.00406295619904995,
                0.27501392364501953
            ],
            [
                0.002415136434137821,
                0.3592383861541748
            ],
            [
                0.005181551445275545,
                0.4613320529460907
            ],
            [
                -0.014368146657943726,
                0.6557376980781555
            ],
            [
                -0.02648233249783516,
                0.7391641139984131
            ],
            [
                -0.04210316762328148,
                1.0134919881820679
            ]
        ],
        [
            [
                0.008188948035240173,
                0.737576425075531
            ],
            [
                0.018456952646374702,
                1.3553237915039062
            ],
            [
                0.04140990227460861,
                1.938244104385376
            ],
            [
                -0.02699264883995056,
                2.537280559539795
            ],
            [
                0.020691990852355957,
                3.0377697944641113
            ],
            [
                0.013972299173474312,
                3.708399772644043
            ]
        ],
        [
            [
                0.04840736836194992,
                0.6114047765731812
            ],
            [
                0.06335337460041046,
                0.9985097646713257
            ],
            [
                0.0844208300113678,
                1.353438138961792
            ],
            [
                -0.011729434132575989,
                1.6384073495864868
            ],
            [
                -0.0026710201054811478,
                1.9892351627349854
            ],
            [
                -0.008654072880744934,
                2.4259917736053467
            ]
        ]
    ],
    "tl_trigger": 0.9999982118606567,
    "tl_status": 0
}