{
    "speed": 1.321208265805283,
    "steer": 0.00036655395524576306,
    "throttle": 0.75,
    "brake": 0.0,
    "wp_6": [
        0.08234619349241257,
        4.494356155395508
    ],
    "wp_5": [
        0.05101240798830986,
        3.5692620277404785
    ],
    "wp_4": [
        0.002575010061264038,
        2.7140512466430664
    ],
    "wp_3": [
        -0.01203211396932602,
        1.8698163032531738
    ],
    "wp_2": [
        -0.017913691699504852,
        1.2584755420684814
    ],
    "wp_1": [
        -0.027012325823307037,
        0.6974343061447144
    ],
    "aim": [
        0.002575010061264038,
        2.7140512466430664
    ],
    "target": [
        1.4563685208847983,
        8.280694612369764
    ],
    "desired_speed": 1.5196205615997314,
    "angle": 0.0006039885680662691,
    "angle_last": 0.02155468315519105,
    "angle_target": 0.11083212723664324,
    "angle_final": 0.0006039885680662691,
    "delta": 0.1984122957944483,
    "agent": "only_traj",
    "steer_traj": 0.0003665539440023457,
    "throttle_traj": 0.75,
    "brake_traj": 0.0,
    "plan": [
        [
            -0.027012325823307037,
            0.6974343061447144
        ],
        [
            -0.017913691699504852,
            1.2584755420684814
        ],
        [
            -0.01203211396932602,
            1.8698163032531738
        ],
        [
            0.002575010061264038,
            2.7140512466430664
        ],
        [
            0.05101240798830986,
            3.5692620277404785
        ],
        [
            0.08234619349241257,
            4.494356155395508
        ]
    ],
    "command": 3,
    "all_plan": [
        [
            [
                -0.013076212257146835,
                0.9594734311103821
            ],
            [
                -0.006196873262524605,
                1.6145408153533936
            ],
            [
                -0.0015347586013376713,
                2.205963373184204
            ],
            [
                -0.014544213190674782,
                2.9043519496917725
            ],
            [
                0.013219228014349937,
                3.609924554824829
            ],
            [
                0.022084448486566544,
                4.340912818908691
            ]
        ],
        [
            [
                -0.01310472097247839,
                0.9273867011070251
            ],
            [
                -0.004150656051933765,
                1.6310224533081055
            ],
            [
                0.0017911125905811787,
                2.2896738052368164
            ],
            [
                -0.0189870223402977,
                3.0738816261291504
            ],
            [
                0.017410624772310257,
                3.8669652938842773
            ],
            [
                0.02475370466709137,
                4.675796985626221
            ]
        ],
        [
            [
                -0.03478848561644554,
                0.8450962901115417
            ],
            [
                -0.028998931869864464,
                1.550492525100708
            ],
            [
                -0.027006329968571663,
                2.2899551391601562
            ],
            [
                -0.008221449330449104,
                3.2606236934661865
            ],
            [
                0.039971910417079926,
                4.261501312255859
            ],
            [
                0.0607617050409317,
                5.303750991821289
            ]
        ],
        [
            [
                -0.027012325823307037,
                0.6974343061447144
            ],
            [
                -0.017913691699504852,
                1.2584755420684814
            ],
            [
                -0.01203211396932602,
                1.8698163032531738
            ],
            [
                0.002575010061264038,
                2.7140512466430664
            ],
            [
                0.05101240798830986,
                3.5692620277404785
            ],
            [
                0.08234619349241257,
                4.494356155395508
            ]
        ],
        [
            [
                -0.022092238068580627,
                1.0166184902191162
            ],
            [
                -0.018403636291623116,
                1.8063170909881592
            ],
            [
                -0.019430454820394516,
                2.5476512908935547
            ],
            [
                -0.030808407813310623,
                3.4403977394104004
            ],
            [
                -0.004382895305752754,
                4.339982509613037
            ],
            [
                -0.012357547879219055,
                5.243049144744873
            ]
        ],
        [
            [
                -0.004614240489900112,
                0.8731317520141602
            ],
            [
                0.00566148292273283,
                1.543095588684082
            ],
            [
                0.023236285895109177,
                2.1971545219421387
            ],
            [
                -0.01775677129626274,
                2.8976781368255615
            ],
            [
                0.0186459943652153,
                3.5886619091033936
            ],
            [
                0.014486050233244896,
                4.3113532066345215
            ]
        ]
    ],
    "tl_trigger": 3.3343424092890928e-06,
    "tl_status": 0
}