{
    "speed": 0.0045299634362952635,
    "steer": -0.10612994432449341,
    "throttle": 0.75,
    "brake": 0.0,
    "wp_6": [
        -0.5512205362319946,
        3.7185568809509277
    ],
    "wp_5": [
        -0.3653950095176697,
        2.4869155883789062
    ],
    "wp_4": [
        -0.13898958265781403,
        1.2035077810287476
    ],
    "wp_3": [
        -0.0050257109105587006,
        0.2958340644836426
    ],
    "wp_2": [
        0.020218998193740845,
        0.03793951869010925
    ],
    "wp_1": [
        0.013939677737653255,
        -0.06969821453094482
    ],
    "aim": [
        -0.13898958265781403,
        1.2035077810287476
    ],
    "target": [
        24.66707561264035,
        37.78039421566855
    ],
    "desired_speed": 1.5333038866519928,
    "angle": -0.07319704021482007,
    "angle_last": -0.09533178604006196,
    "angle_target": 0.36823102357490267,
    "angle_final": -0.07319704021482007,
    "delta": 0.25,
    "agent": "only_traj",
    "steer_traj": -0.10612994435916019,
    "throttle_traj": 0.75,
    "brake_traj": 0.0,
    "plan": [
        [
            0.013939677737653255,
            -0.06969821453094482
        ],
        [
            0.020218998193740845,
            0.03793951869010925
        ],
        [
            -0.0050257109105587006,
            0.2958340644836426
        ],
        [
            -0.13898958265781403,
            1.2035077810287476
        ],
        [
            -0.3653950095176697,
            2.4869155883789062
        ],
        [
            -0.5512205362319946,
            3.7185568809509277
        ]
    ],
    "command": 3,
    "all_plan": [
        [
            [
                0.03941182792186737,
                0.05121392011642456
            ],
            [
                -0.019422240555286407,
                0.29949021339416504
            ],
            [
                -0.17075154185295105,
                0.8279128670692444
            ],
            [
                -0.508514404296875,
                2.2410926818847656
            ],
            [
                -0.789858341217041,
                4.142861366271973
            ],
            [
                -0.9159058928489685,
                6.011338233947754
            ]
        ],
        [
            [
                0.012150222435593605,
                0.26127058267593384
            ],
            [
                -0.13128890097141266,
                0.7763599157333374
            ],
            [
                -0.3715701997280121,
                1.6167869567871094
            ],
            [
                -0.5816921591758728,
                3.357569932937622
            ],
            [
                -0.5486727356910706,
                5.5148773193359375
            ],
            [
                -0.3281934857368469,
                7.7578630447387695
            ]
        ],
        [
            [
                0.012297295965254307,
                -0.039106130599975586
            ],
            [
                -0.03250053524971008,
                0.2316436767578125
            ],
            [
                -0.15288102626800537,
                0.8430641889572144
            ],
            [
                -0.3640517592430115,
                2.24824857711792
            ],
            [
                -0.6221898794174194,
                4.118732929229736
            ],
            [
                -0.7734434604644775,
                5.984068870544434
            ]
        ],
        [
            [
                0.013939677737653255,
                -0.06969821453094482
            ],
            [
                0.020218998193740845,
                0.03793951869010925
            ],
            [
                -0.0050257109105587006,
                0.2958340644836426
            ],
            [
                -0.13898958265781403,
                1.2035077810287476
            ],
            [
                -0.3653950095176697,
                2.4869155883789062
            ],
            [
                -0.5512205362319946,
                3.7185568809509277
            ]
        ],
        [
            [
                -0.037922024726867676,
                0.21673886477947235
            ],
            [
                -0.2230730652809143,
                0.8398523330688477
            ],
            [
                -0.47069162130355835,
                1.923872470855713
            ],
            [
                -0.6581680774688721,
                3.898109197616577
            ],
            [
                -0.5582972168922424,
                6.286686420440674
            ],
            [
                -0.28439614176750183,
                8.858049392700195
            ]
        ],
        [
            [
                0.0008124281885102391,
                0.3352656960487366
            ],
            [
                -0.1592656821012497,
                0.9691905379295349
            ],
            [
                -0.3864437937736511,
                1.9484009742736816
            ],
            [
                -0.5142141580581665,
                3.7387847900390625
            ],
            [
                -0.306654691696167,
                5.819547176361084
            ],
            [
                0.11282855272293091,
                7.996471881866455
            ]
        ]
    ],
    "tl_trigger": 4.6350339744094526e-07,
    "tl_status": 0
}