{
    "speed": 0.002287976307250549,
    "steer": -0.19564256072044373,
    "throttle": 0.75,
    "brake": 0.0,
    "wp_6": [
        -0.5385669469833374,
        2.200918674468994
    ],
    "wp_5": [
        -0.34878361225128174,
        1.4204338788986206
    ],
    "wp_4": [
        -0.15639130771160126,
        0.6085490584373474
    ],
    "wp_3": [
        0.030913634225726128,
        0.047468818724155426
    ],
    "wp_2": [
        0.03371339291334152,
        -0.010195177048444748
    ],
    "wp_1": [
        0.020747549831867218,
        -0.05216667056083679
    ],
    "aim": [
        -0.15639130771160126,
        0.6085490584373474
    ],
    "target": [
        21.973290955928412,
        39.85634802309686
    ],
    "desired_speed": 0.932310177385807,
    "angle": -0.1601398083067556,
    "angle_last": -0.15185387815164078,
    "angle_target": 0.32076093643111653,
    "angle_final": -0.1601398083067556,
    "delta": 0.25,
    "agent": "only_traj",
    "steer_traj": -0.19564255737107095,
    "throttle_traj": 0.75,
    "brake_traj": 0.0,
    "plan": [
        [
            0.020747549831867218,
            -0.05216667056083679
        ],
        [
            0.03371339291334152,
            -0.010195177048444748
        ],
        [
            0.030913634225726128,
            0.047468818724155426
        ],
        [
            -0.15639130771160126,
            0.6085490584373474
        ],
        [
            -0.34878361225128174,
            1.4204338788986206
        ],
        [
            -0.5385669469833374,
            2.200918674468994
        ]
    ],
    "command": 3,
    "all_plan": [
        [
            [
                0.037537701427936554,
                -0.07332947850227356
            ],
            [
                0.05947946012020111,
                -0.04053713008761406
            ],
            [
                0.07864756137132645,
                0.10253924131393433
            ],
            [
                -0.16919401288032532,
                0.9167513847351074
            ],
            [
                -0.3757036328315735,
                2.1060590744018555
            ],
            [
                -0.47943487763404846,
                3.263652801513672
            ]
        ],
        [
            [
                0.028734497725963593,
                -0.031066611409187317
            ],
            [
                0.07027547806501389,
                0.081810861825943
            ],
            [
                0.053481325507164,
                0.4570808410644531
            ],
            [
                -0.0751105546951294,
                1.5109072923660278
            ],
            [
                -0.25082361698150635,
                3.026510238647461
            ],
            [
                -0.22508090734481812,
                4.537303447723389
            ]
        ],
        [
            [
                0.026414284482598305,
                -0.0794014036655426
            ],
            [
                0.039591867476701736,
                -0.02257908135652542
            ],
            [
                0.03914029896259308,
                0.1596437692642212
            ],
            [
                -0.14523138105869293,
                0.9955822229385376
            ],
            [
                -0.3438892364501953,
                2.1976258754730225
            ],
            [
                -0.4659993052482605,
                3.3642256259918213
            ]
        ],
        [
            [
                0.020747549831867218,
                -0.05216667056083679
            ],
            [
                0.03371339291334152,
                -0.010195177048444748
            ],
            [
                0.030913634225726128,
                0.047468818724155426
            ],
            [
                -0.15639130771160126,
                0.6085490584373474
            ],
            [
                -0.34878361225128174,
                1.4204338788986206
            ],
            [
                -0.5385669469833374,
                2.200918674468994
            ]
        ],
        [
            [
                0.018742980435490608,
                0.05730158090591431
            ],
            [
                0.027993477880954742,
                0.3281140625476837
            ],
            [
                -0.003580395132303238,
                0.843317985534668
            ],
            [
                -0.17998608946800232,
                2.0786399841308594
            ],
            [
                -0.3594699203968048,
                3.7334697246551514
            ],
            [
                -0.39222049713134766,
                5.359073162078857
            ]
        ],
        [
            [
                0.026152564212679863,
                0.030093252658843994
            ],
            [
                0.05793756991624832,
                0.2157820761203766
            ],
            [
                0.02271094173192978,
                0.6710810661315918
            ],
            [
                -0.1392030119895935,
                1.7836945056915283
            ],
            [
                -0.32402655482292175,
                3.3373429775238037
            ],
            [
                -0.304755300283432,
                4.884219646453857
            ]
        ]
    ],
    "tl_trigger": 4.727177440599917e-07,
    "tl_status": 0
}