{
    "speed": 0.006125550942228779,
    "steer": 0.04648419842123985,
    "throttle": 0.75,
    "brake": 0.0,
    "wp_6": [
        1.6337201595306396,
        10.929315567016602
    ],
    "wp_5": [
        1.044409155845642,
        8.54715633392334
    ],
    "wp_4": [
        0.621353030204773,
        6.121992111206055
    ],
    "wp_3": [
        0.3917199671268463,
        3.6899728775024414
    ],
    "wp_2": [
        0.18058837950229645,
        1.8816176652908325
    ],
    "wp_1": [
        0.0425877571105957,
        0.569229245185852
    ],
    "aim": [
        0.621353030204773,
        6.121992111206055
    ],
    "target": [
        20.808890177155945,
        39.16236529199028
    ],
    "desired_speed": 4.199542713165283,
    "angle": 0.0643934019565387,
    "angle_last": 0.15439055475431313,
    "angle_target": 0.3109322827304709,
    "angle_final": 0.0643934019565387,
    "delta": 0.25,
    "agent": "only_traj",
    "steer_traj": 0.04648419661443808,
    "throttle_traj": 0.75,
    "brake_traj": 0.0,
    "plan": [
        [
            0.0425877571105957,
            0.569229245185852
        ],
        [
            0.18058837950229645,
            1.8816176652908325
        ],
        [
            0.3917199671268463,
            3.6899728775024414
        ],
        [
            0.621353030204773,
            6.121992111206055
        ],
        [
            1.044409155845642,
            8.54715633392334
        ],
        [
            1.6337201595306396,
            10.929315567016602
        ]
    ],
    "command": 3,
    "all_plan": [
        [
            [
                0.08668338507413864,
                0.6358691453933716
            ],
            [
                0.2655945420265198,
                1.8895865678787231
            ],
            [
                0.5487543344497681,
                3.6314878463745117
            ],
            [
                0.7378656268119812,
                5.921486854553223
            ],
            [
                1.2293766736984253,
                8.293696403503418
            ],
            [
                1.8977092504501343,
                10.689849853515625
            ]
        ],
        [
            [
                0.02198207378387451,
                0.649913489818573
            ],
            [
                0.17240116000175476,
                1.8670847415924072
            ],
            [
                0.46687084436416626,
                3.5069456100463867
            ],
            [
                0.7597588300704956,
                5.681879043579102
            ],
            [
                1.3002040386199951,
                7.9296159744262695
            ],
            [
                1.991085171699524,
                10.205642700195312
            ]
        ],
        [
            [
                0.02187330275774002,
                0.6329789757728577
            ],
            [
                0.17416995763778687,
                2.05483341217041
            ],
            [
                0.46538683772087097,
                4.068157196044922
            ],
            [
                0.7627132534980774,
                6.69567346572876
            ],
            [
                1.2967164516448975,
                9.384622573852539
            ],
            [
                1.98989737033844,
                12.122901916503906
            ]
        ],
        [
            [
                0.0425877571105957,
                0.569229245185852
            ],
            [
                0.18058837950229645,
                1.8816176652908325
            ],
            [
                0.3917199671268463,
                3.6899728775024414
            ],
            [
                0.621353030204773,
                6.121992111206055
            ],
            [
                1.044409155845642,
                8.54715633392334
            ],
            [
                1.6337201595306396,
                10.929315567016602
            ]
        ],
        [
            [
                -0.03950456902384758,
                0.7065161466598511
            ],
            [
                0.08733178675174713,
                2.1179304122924805
            ],
            [
                0.4249066710472107,
                4.10115909576416
            ],
            [
                0.7868058681488037,
                6.636569976806641
            ],
            [
                1.409843921661377,
                9.32180118560791
            ],
            [
                2.1605076789855957,
                12.13901424407959
            ]
        ],
        [
            [
                0.03613732010126114,
                0.6891764402389526
            ],
            [
                0.19408810138702393,
                1.9137893915176392
            ],
            [
                0.4928980767726898,
                3.551619052886963
            ],
            [
                0.7578902244567871,
                5.685807228088379
            ],
            [
                1.2902791500091553,
                7.915829658508301
            ],
            [
                1.9669301509857178,
                10.196764945983887
            ]
        ]
    ],
    "tl_trigger": 6.309875288934563e-07,
    "tl_status": 0
}