{
    "speed": 3.9076872491221812,
    "steer": 0.0125929806381464,
    "throttle": 0.0,
    "brake": 0.0,
    "wp_6": [
        0.14637517929077148,
        11.682657241821289
    ],
    "wp_5": [
        0.08452773839235306,
        10.036787033081055
    ],
    "wp_4": [
        0.0537705160677433,
        8.157829284667969
    ],
    "wp_3": [
        0.042996011674404144,
        6.058204650878906
    ],
    "wp_2": [
        0.04711298644542694,
        4.07039213180542
    ],
    "wp_1": [
        0.029398038983345032,
        2.029111623764038
    ],
    "aim": [
        0.029398038983345032,
        2.029111623764038
    ],
    "target": [
        -0.9036889290806057,
        50.09121947642297
    ],
    "desired_speed": 3.86202712059021,
    "angle": 0.009222776608733026,
    "angle_last": 0.023911250200827,
    "angle_target": -0.011483925586320949,
    "angle_final": 0.009222776608733026,
    "delta": 0.0,
    "log_entries": [
        "norm1:3.05",
        "norm2:5.06",
        "norm3:7.11",
        "norm4:9.10",
        "norm5:10.86",
        " ",
        " ",
        " ",
        " ",
        " ",
        " ",
        " "
    ],
    "agent": "only_traj",
    "steer_traj": 0.012592980897664507,
    "throttle_traj": 0.0,
    "brake_traj": 0.0,
    "plan": [
        [
            0.029398038983345032,
            2.029111623764038
        ],
        [
            0.04711298644542694,
            4.07039213180542
        ],
        [
            0.042996011674404144,
            6.058204650878906
        ],
        [
            0.0537705160677433,
            8.157829284667969
        ],
        [
            0.08452773839235306,
            10.036787033081055
        ],
        [
            0.14637517929077148,
            11.682657241821289
        ]
    ],
    "command": 3,
    "redefined_command": 3,
    "cmd_softmax_output": [
        0.9999692440032959,
        2.6749679818749428e-05,
        4.089602043677587e-06
    ],
    "all_plan": [
        [
            [
                0.048339009284973145,
                2.173166275024414
            ],
            [
                0.05721106380224228,
                4.317072868347168
            ],
            [
                0.03337544947862625,
                6.3415141105651855
            ],
            [
                0.018211979418992996,
                8.391056060791016
            ],
            [
                0.011250996962189674,
                10.161161422729492
            ],
            [
                0.050206348299980164,
                11.62486457824707
            ]
        ],
        [
            [
                0.03446998447179794,
                2.1767303943634033
            ],
            [
                0.027104975655674934,
                4.40636682510376
            ],
            [
                -0.006599796935915947,
                6.559661388397217
            ],
            [
                -0.005065056029707193,
                8.714862823486328
            ],
            [
                -0.030555006116628647,
                10.557769775390625
            ],
            [
                -0.00965273566544056,
                12.049893379211426
            ]
        ],
        [
            [
                0.02545706182718277,
                2.225803852081299
            ],
            [
                0.02960098721086979,
                4.540105819702148
            ],
            [
                0.0033493973314762115,
                6.855644226074219
            ],
            [
                0.02144409716129303,
                9.288311004638672
            ],
            [
                0.02320425771176815,
                11.3778715133667
            ],
            [
                0.0660257488489151,
                13.036443710327148
            ]
        ],
        [
            [
                0.029398038983345032,
                2.029111623764038
            ],
            [
                0.04711298644542694,
                4.07039213180542
            ],
            [
                0.042996011674404144,
                6.058204650878906
            ],
            [
                0.0537705160677433,
                8.157829284667969
            ],
            [
                0.08452773839235306,
                10.036787033081055
            ],
            [
                0.14637517929077148,
                11.682657241821289
            ]
        ],
        [
            [
                0.02319195866584778,
                2.3191123008728027
            ],
            [
                0.010912830010056496,
                4.693337440490723
            ],
            [
                -0.031517088413238525,
                6.993721961975098
            ],
            [
                -0.022273201495409012,
                9.33225154876709
            ],
            [
                -0.0561477355659008,
                11.316659927368164
            ],
            [
                -0.05057655647397041,
                12.872573852539062
            ]
        ],
        [
            [
                0.02987653762102127,
                2.2114815711975098
            ],
            [
                0.018132643774151802,
                4.490928649902344
            ],
            [
                -0.015373965725302696,
                6.671901702880859
            ],
            [
                0.0006229039281606674,
                8.825179100036621
            ],
            [
                -0.023794520646333694,
                10.65771484375
            ],
            [
                0.0032084938138723373,
                12.149883270263672
            ]
        ]
    ],
    "tl_trigger": 2.052190893664374e-06,
    "tl_status": 0
}