{
    "speed": 3.6469018886948183,
    "steer": -0.0028893284033983946,
    "throttle": 0.75,
    "brake": 0.0,
    "wp_6": [
        -0.0775010734796524,
        12.250781059265137
    ],
    "wp_5": [
        -0.059167779982089996,
        10.237459182739258
    ],
    "wp_4": [
        -0.04480613395571709,
        7.946721076965332
    ],
    "wp_3": [
        -0.07754037529230118,
        5.484243392944336
    ],
    "wp_2": [
        -0.037105195224285126,
        3.332059383392334
    ],
    "wp_1": [
        -0.021261833608150482,
        1.485777497291565
    ],
    "aim": [
        -0.037105195224285126,
        3.332059383392334
    ],
    "target": [
        -1.1016325337154496,
        45.73752848718328
    ],
    "desired_speed": 4.306318998336792,
    "angle": -0.00708892938510987,
    "angle_last": -0.005796885267115791,
    "angle_target": -0.015330637732856763,
    "angle_final": -0.00708892938510987,
    "delta": 0.25,
    "log_entries": [
        "norm1:2.41",
        "norm2:4.41",
        "norm3:6.72",
        "norm4:9.09",
        "norm5:11.24",
        " ",
        " ",
        " ",
        " ",
        " ",
        " ",
        " ",
        " "
    ],
    "agent": "only_traj",
    "steer_traj": -0.002889328442616503,
    "throttle_traj": 0.75,
    "brake_traj": 0.0,
    "plan": [
        [
            -0.021261833608150482,
            1.485777497291565
        ],
        [
            -0.037105195224285126,
            3.332059383392334
        ],
        [
            -0.07754037529230118,
            5.484243392944336
        ],
        [
            -0.04480613395571709,
            7.946721076965332
        ],
        [
            -0.059167779982089996,
            10.237459182739258
        ],
        [
            -0.0775010734796524,
            12.250781059265137
        ]
    ],
    "command": 3,
    "redefined_command": 3,
    "cmd_softmax_output": [
        0.9999710321426392,
        2.2967262339079753e-05,
        5.995243554934859e-06
    ],
    "all_plan": [
        [
            [
                0.0018909611972048879,
                1.6579856872558594
            ],
            [
                -0.02685258723795414,
                3.6183838844299316
            ],
            [
                -0.08175819367170334,
                5.739025592803955
            ],
            [
                -0.08737178146839142,
                8.00839614868164
            ],
            [
                -0.14488938450813293,
                10.110690116882324
            ],
            [
                -0.19578981399536133,
                12.01082706451416
            ]
        ],
        [
            [
                -0.011018279939889908,
                1.621414303779602
            ],
            [
                -0.05196663364768028,
                3.617295742034912
            ],
            [
                -0.11082811653614044,
                5.802340507507324
            ],
            [
                -0.09559707343578339,
                8.114476203918457
            ],
            [
                -0.162421315908432,
                10.264575004577637
            ],
            [
                -0.22334006428718567,
                12.246140480041504
            ]
        ],
        [
            [
                -0.023101437836885452,
                1.6826621294021606
            ],
            [
                -0.057639967650175095,
                3.78603458404541
            ],
            [
                -0.11315742135047913,
                6.139679908752441
            ],
            [
                -0.08124426007270813,
                8.731535911560059
            ],
            [
                -0.12928783893585205,
                11.157744407653809
            ],
            [
                -0.17602846026420593,
                13.360650062561035
            ]
        ],
        [
            [
                -0.021261833608150482,
                1.485777497291565
            ],
            [
                -0.037105195224285126,
                3.332059383392334
            ],
            [
                -0.07754037529230118,
                5.484243392944336
            ],
            [
                -0.04480613395571709,
                7.946721076965332
            ],
            [
                -0.059167779982089996,
                10.237459182739258
            ],
            [
                -0.0775010734796524,
                12.250781059265137
            ]
        ],
        [
            [
                -0.02068198472261429,
                1.770888090133667
            ],
            [
                -0.06962276995182037,
                3.9441051483154297
            ],
            [
                -0.13518470525741577,
                6.322218418121338
            ],
            [
                -0.12393654882907867,
                8.847261428833008
            ],
            [
                -0.20745012164115906,
                11.214765548706055
            ],
            [
                -0.2927019000053406,
                13.395391464233398
            ]
        ],
        [
            [
                -0.01256803423166275,
                1.6386383771896362
            ],
            [
                -0.055356889963150024,
                3.6415209770202637
            ],
            [
                -0.11237358301877975,
                5.813351631164551
            ],
            [
                -0.0882222056388855,
                8.078472137451172
            ],
            [
                -0.15063545107841492,
                10.167707443237305
            ],
            [
                -0.20297056436538696,
                12.088635444641113
            ]
        ]
    ],
    "tl_trigger": 3.6620676837628707e-06,
    "tl_status": 0
}