{
    "speed": 0.2998987925386446,
    "steer": 0.0022394079715013504,
    "throttle": 0.75,
    "brake": 0.0,
    "wp_6": [
        0.030053144320845604,
        2.460571050643921
    ],
    "wp_5": [
        0.017733780667185783,
        1.84797203540802
    ],
    "wp_4": [
        -0.01951485313475132,
        1.3531285524368286
    ],
    "wp_3": [
        -0.024179603904485703,
        0.8612914681434631
    ],
    "wp_2": [
        -0.019027279689908028,
        0.45432332158088684
    ],
    "wp_1": [
        -0.014390908181667328,
        0.1376088261604309
    ],
    "aim": [
        0.017733780667185783,
        1.84797203540802
    ],
    "target": [
        -0.157064185959487,
        9.319375856472714
    ],
    "desired_speed": 0.9298298597335816,
    "angle": 0.006109045148105769,
    "angle_last": 0.012800733259948816,
    "angle_target": -0.01072826145987974,
    "angle_final": 0.006109045148105769,
    "delta": 0.25,
    "log_entries": [
        "norm1:0.30",
        "norm2:0.66",
        "norm3:1.11",
        "norm4:1.60",
        "norm5:2.15",
        " ",
        " ",
        " ",
        " ",
        " ",
        " ",
        " ",
        " ",
        " ",
        " ",
        " ",
        " ",
        " ",
        " "
    ],
    "agent": "only_traj",
    "steer_traj": 0.0022394079557712205,
    "throttle_traj": 0.75,
    "brake_traj": 0.0,
    "plan": [
        [
            -0.014390908181667328,
            0.1376088261604309
        ],
        [
            -0.019027279689908028,
            0.45432332158088684
        ],
        [
            -0.024179603904485703,
            0.8612914681434631
        ],
        [
            -0.01951485313475132,
            1.3531285524368286
        ],
        [
            0.017733780667185783,
            1.84797203540802
        ],
        [
            0.030053144320845604,
            2.460571050643921
        ]
    ],
    "command": 3,
    "redefined_command": 3,
    "cmd_softmax_output": [
        0.999968409538269,
        2.8530421332106926e-05,
        3.070352704526158e-06
    ],
    "all_plan": [
        [
            [
                0.007607463747262955,
                0.014248162508010864
            ],
            [
                0.01667133718729019,
                0.21638619899749756
            ],
            [
                0.042271688580513,
                0.7748119235038757
            ],
            [
                -0.012699563056230545,
                1.5101325511932373
            ],
            [
                0.0070967897772789,
                2.3982505798339844
            ],
            [
                -0.00942964293062687,
                3.421261787414551
            ]
        ],
        [
            [
                0.0036522839218378067,
                0.0022575557231903076
            ],
            [
                0.010649807751178741,
                0.2198316752910614
            ],
            [
                0.035465240478515625,
                0.8179284334182739
            ],
            [
                -0.013201992958784103,
                1.5984859466552734
            ],
            [
                0.009254371747374535,
                2.5429444313049316
            ],
            [
                -0.012307051569223404,
                3.6473519802093506
            ]
        ],
        [
            [
                -0.009461266919970512,
                0.07013475894927979
            ],
            [
                -0.016913924366235733,
                0.4464547038078308
            ],
            [
                -0.027250519022345543,
                1.0662790536880493
            ],
            [
                -0.036080099642276764,
                1.841834545135498
            ],
            [
                -0.011622844263911247,
                2.6869313716888428
            ],
            [
                -0.013046946376562119,
                3.691347599029541
            ]
        ],
        [
            [
                -0.014390908181667328,
                0.1376088261604309
            ],
            [
                -0.019027279689908028,
                0.45432332158088684
            ],
            [
                -0.024179603904485703,
                0.8612914681434631
            ],
            [
                -0.01951485313475132,
                1.3531285524368286
            ],
            [
                0.017733780667185783,
                1.84797203540802
            ],
            [
                0.030053144320845604,
                2.460571050643921
            ]
        ],
        [
            [
                -0.0007080434588715434,
                0.10416090488433838
            ],
            [
                -0.0037823673337697983,
                0.558768093585968
            ],
            [
                -0.011423265561461449,
                1.4142723083496094
            ],
            [
                -0.041443243622779846,
                2.5340559482574463
            ],
            [
                -0.028188997879624367,
                3.828443765640259
            ],
            [
                -0.04256811738014221,
                5.300704002380371
            ]
        ],
        [
            [
                0.018878493458032608,
                0.06781657040119171
            ],
            [
                0.03138551861047745,
                0.4189310669898987
            ],
            [
                0.053070321679115295,
                1.21736478805542
            ],
            [
                -0.028852887451648712,
                2.2279014587402344
            ],
            [
                -0.009222084656357765,
                3.3945958614349365
            ],
            [
                -0.027024053037166595,
                4.706973552703857
            ]
        ]
    ],
    "tl_trigger": 0.011213425546884537,
    "tl_status": 0
}