{
    "speed": 7.259974096379985,
    "steer": 0.24558275938034058,
    "throttle": 0.75,
    "brake": 0.0,
    "wp_6": [
        -4.982326507568359,
        23.996410369873047
    ],
    "wp_5": [
        -3.954204559326172,
        20.180316925048828
    ],
    "wp_4": [
        -2.794771671295166,
        16.1788387298584
    ],
    "wp_3": [
        -1.4749658107757568,
        12.210960388183594
    ],
    "wp_2": [
        -0.7287082672119141,
        8.139427185058594
    ],
    "wp_1": [
        -0.16540494561195374,
        4.1497931480407715
    ],
    "aim": [
        -2.794771671295166,
        16.1788387298584
    ],
    "target": [
        2.165920680665524,
        4.896387058414397
    ],
    "desired_speed": 8.187365627288818,
    "angle": -0.10889654173170728,
    "angle_last": -0.16753842099769498,
    "angle_target": 0.26513600450095876,
    "angle_final": 0.26513600450095876,
    "delta": 0.25,
    "agent": "only_traj",
    "steer_traj": 0.2455827557764961,
    "throttle_traj": 0.75,
    "brake_traj": 0.0,
    "plan": [
        [
            -0.16540494561195374,
            4.1497931480407715
        ],
        [
            -0.7287082672119141,
            8.139427185058594
        ],
        [
            -1.4749658107757568,
            12.210960388183594
        ],
        [
            -2.794771671295166,
            16.1788387298584
        ],
        [
            -3.954204559326172,
            20.180316925048828
        ],
        [
            -4.982326507568359,
            23.996410369873047
        ]
    ],
    "command": 5,
    "all_plan": [
        [
            [
                -0.17848700284957886,
                4.1239471435546875
            ],
            [
                -0.7122829556465149,
                8.094258308410645
            ],
            [
                -1.4184496402740479,
                12.141214370727539
            ],
            [
                -2.6717119216918945,
                16.0557861328125
            ],
            [
                -3.786738872528076,
                20.02346420288086
            ],
            [
                -4.778543949127197,
                23.84729766845703
            ]
        ],
        [
            [
                -0.17263899743556976,
                4.124298572540283
            ],
            [
                -0.7428686618804932,
                8.096820831298828
            ],
            [
                -1.4895511865615845,
                12.139591217041016
            ],
            [
                -2.7378196716308594,
                16.10902214050293
            ],
            [
                -3.8604068756103516,
                20.076488494873047
            ],
            [
                -4.860820770263672,
                23.82777976989746
            ]
        ],
        [
            [
                -0.22991468012332916,
                4.095853805541992
            ],
            [
                -0.8225612640380859,
                8.055932998657227
            ],
            [
                -1.5698785781860352,
                12.08991527557373
            ],
            [
                -2.7237191200256348,
                16.077598571777344
            ],
            [
                -3.795193910598755,
                20.069286346435547
            ],
            [
                -4.781429767608643,
                23.870441436767578
            ]
        ],
        [
            [
                -0.2981748878955841,
                4.052433013916016
            ],
            [
                -0.951064944267273,
                7.947391033172607
            ],
            [
                -1.7325342893600464,
                11.913061141967773
            ],
            [
                -2.8630378246307373,
                15.843511581420898
            ],
            [
                -3.9237782955169678,
                19.796173095703125
            ],
            [
                -4.950163841247559,
                23.58869171142578
            ]
        ],
        [
            [
                -0.2288592904806137,
                4.093890190124512
            ],
            [
                -0.8404487371444702,
                8.05379581451416
            ],
            [
                -1.6118353605270386,
                12.088826179504395
            ],
            [
                -2.794692039489746,
                16.08945083618164
            ],
            [
                -3.8914499282836914,
                20.068748474121094
            ],
            [
                -4.894440174102783,
                23.830467224121094
            ]
        ],
        [
            [
                -0.16540494561195374,
                4.1497931480407715
            ],
            [
                -0.7287082672119141,
                8.139427185058594
            ],
            [
                -1.4749658107757568,
                12.210960388183594
            ],
            [
                -2.794771671295166,
                16.1788387298584
            ],
            [
                -3.954204559326172,
                20.180316925048828
            ],
            [
                -4.982326507568359,
                23.996410369873047
            ]
        ]
    ],
    "tl_trigger": 4.3888687173421204e-07,
    "tl_status": 0
}