{
    "speed": 11.034060134434853,
    "steer": 0.025755858048796654,
    "throttle": 0.0,
    "brake": 1.0,
    "wp_6": [
        0.8246305584907532,
        27.8521728515625
    ],
    "wp_5": [
        0.820970356464386,
        23.2685604095459
    ],
    "wp_4": [
        0.7301990985870361,
        18.691614151000977
    ],
    "wp_3": [
        0.3592168688774109,
        14.227313041687012
    ],
    "wp_2": [
        0.251740038394928,
        9.623308181762695
    ],
    "wp_1": [
        0.09891631454229355,
        4.856977462768555
    ],
    "aim": [
        0.7301990985870361,
        18.691614151000977
    ],
    "target": [
        3.1258843370020704,
        9.142906954331018
    ],
    "desired_speed": 9.206075477600098,
    "angle": 0.02485730729186455,
    "angle_last": 0.0005083659196860906,
    "angle_target": 0.20972371452261226,
    "angle_final": 0.02485730729186455,
    "delta": 0.0,
    "agent": "only_traj",
    "steer_traj": 0.025755858857807352,
    "throttle_traj": 0.0,
    "brake_traj": 1.0,
    "plan": [
        [
            0.09891631454229355,
            4.856977462768555
        ],
        [
            0.251740038394928,
            9.623308181762695
        ],
        [
            0.3592168688774109,
            14.227313041687012
        ],
        [
            0.7301990985870361,
            18.691614151000977
        ],
        [
            0.820970356464386,
            23.2685604095459
        ],
        [
            0.8246305584907532,
            27.8521728515625
        ]
    ],
    "command": 5,
    "all_plan": [
        [
            [
                0.08296667784452438,
                5.062187194824219
            ],
            [
                0.18620000779628754,
                10.048480987548828
            ],
            [
                0.2401396930217743,
                14.891100883483887
            ],
            [
                0.5492117404937744,
                19.621360778808594
            ],
            [
                0.5785106420516968,
                24.448104858398438
            ],
            [
                0.5318344831466675,
                29.245702743530273
            ]
        ],
        [
            [
                0.09647155553102493,
                5.344279766082764
            ],
            [
                0.24472081661224365,
                10.55687141418457
            ],
            [
                0.3376740515232086,
                15.601805686950684
            ],
            [
                0.726167619228363,
                20.4549503326416
            ],
            [
                0.7778588533401489,
                25.464168548583984
            ],
            [
                0.7277687788009644,
                30.504297256469727
            ]
        ],
        [
            [
                0.023273222148418427,
                5.54391622543335
            ],
            [
                0.1016196757555008,
                11.038917541503906
            ],
            [
                0.14620190858840942,
                16.399883270263672
            ],
            [
                0.5710254311561584,
                21.63646697998047
            ],
            [
                0.6143194437026978,
                26.93035888671875
            ],
            [
                0.5572067499160767,
                32.1667366027832
            ]
        ],
        [
            [
                -0.00576695054769516,
                5.460226535797119
            ],
            [
                0.03431737422943115,
                10.851200103759766
            ],
            [
                0.050928764045238495,
                16.105995178222656
            ],
            [
                0.42159757018089294,
                21.24376678466797
            ],
            [
                0.44987165927886963,
                26.423933029174805
            ],
            [
                0.38996222615242004,
                31.545894622802734
            ]
        ],
        [
            [
                0.018137238919734955,
                5.601401329040527
            ],
            [
                0.07805593311786652,
                11.09469223022461
            ],
            [
                0.08635056763887405,
                16.451189041137695
            ],
            [
                0.38874825835227966,
                21.620882034301758
            ],
            [
                0.3483659625053406,
                26.920143127441406
            ],
            [
                0.22273758053779602,
                32.230934143066406
            ]
        ],
        [
            [
                0.09891631454229355,
                4.856977462768555
            ],
            [
                0.251740038394928,
                9.623308181762695
            ],
            [
                0.3592168688774109,
                14.227313041687012
            ],
            [
                0.7301990985870361,
                18.691614151000977
            ],
            [
                0.820970356464386,
                23.2685604095459
            ],
            [
                0.8246305584907532,
                27.8521728515625
            ]
        ]
    ],
    "tl_trigger": 4.6776148110438953e-07,
    "tl_status": 0
}