{
    "speed": -0.0001501365782905808,
    "steer": -0.08181393146514893,
    "throttle": 0.0,
    "brake": 1.0,
    "wp_6": [
        0.006762065924704075,
        0.08185321092605591
    ],
    "wp_5": [
        0.0039046083111315966,
        0.0761694610118866
    ],
    "wp_4": [
        0.0015960326418280602,
        0.08156180381774902
    ],
    "wp_3": [
        -0.008897794410586357,
        0.0809909999370575
    ],
    "wp_2": [
        -0.007957915775477886,
        0.07819559425115585
    ],
    "wp_1": [
        -0.00413865689188242,
        0.05209486186504364
    ],
    "aim": [
        -0.008897794410586357,
        0.0809909999370575
    ],
    "target": [
        1.5281676507958053,
        6.46305202797842
    ],
    "desired_speed": 0.02082582088187337,
    "angle": -0.06966059593555979,
    "angle_last": 0.29656200480199946,
    "angle_target": 0.14781200410500483,
    "angle_final": -0.06966059593555979,
    "delta": 0.020975957460163952,
    "log_entries": [
        "norm1:0.07",
        "norm2:0.08",
        "norm3:0.08",
        "norm4:0.08",
        "norm5:0.08",
        " ",
        " ",
        " ",
        " ",
        " ",
        " ",
        " ",
        " ",
        " ",
        " ",
        " ",
        " ",
        " ",
        " ",
        " ",
        " ",
        " ",
        " ",
        " ",
        " ",
        " ",
        " ",
        " ",
        " "
    ],
    "agent": "only_traj",
    "steer_traj": -0.0818139301906055,
    "throttle_traj": 0.0,
    "brake_traj": 1.0,
    "plan": [
        [
            -0.00413865689188242,
            0.05209486186504364
        ],
        [
            -0.007957915775477886,
            0.07819559425115585
        ],
        [
            -0.008897794410586357,
            0.0809909999370575
        ],
        [
            0.0015960326418280602,
            0.08156180381774902
        ],
        [
            0.0039046083111315966,
            0.0761694610118866
        ],
        [
            0.006762065924704075,
            0.08185321092605591
        ]
    ],
    "command": 3,
    "redefined_command": 3,
    "cmd_softmax_output": [
        0.999966025352478,
        2.7921429136767983e-05,
        6.130448127805721e-06
    ],
    "all_plan": [
        [
            [
                -0.0039150770753622055,
                0.09758257865905762
            ],
            [
                -0.007033014670014381,
                0.1433369666337967
            ],
            [
                -0.007049987558275461,
                0.1661151647567749
            ],
            [
                0.0009961030445992947,
                0.18567444384098053
            ],
            [
                0.004077816382050514,
                0.20550228655338287
            ],
            [
                0.007210841868072748,
                0.2379019558429718
            ]
        ],
        [
            [
                -0.008714932017028332,
                0.16364899277687073
            ],
            [
                -0.009752925485372543,
                0.2888224124908447
            ],
            [
                -0.005011336412280798,
                0.40528735518455505
            ],
            [
                0.0009824344888329506,
                0.5273481607437134
            ],
            [
                0.019486982375383377,
                0.6464519500732422
            ],
            [
                0.027996286749839783,
                0.7955318689346313
            ]
        ],
        [
            [
                -0.005439004860818386,
                0.09093863517045975
            ],
            [
                -0.009561172686517239,
                0.13310301303863525
            ],
            [
                -0.010480223223567009,
                0.14763304591178894
            ],
            [
                0.0015616603195667267,
                0.15648822486400604
            ],
            [
                0.004758900031447411,
                0.1634824573993683
            ],
            [
                0.008312571793794632,
                0.18542492389678955
            ]
        ],
        [
            [
                -0.00413865689188242,
                0.05209486186504364
            ],
            [
                -0.007957915775477886,
                0.07819559425115585
            ],
            [
                -0.008897794410586357,
                0.0809909999370575
            ],
            [
                0.0015960326418280602,
                0.08156180381774902
            ],
            [
                0.0039046083111315966,
                0.0761694610118866
            ],
            [
                0.006762065924704075,
                0.08185321092605591
            ]
        ],
        [
            [
                -0.014373701997101307,
                0.15750014781951904
            ],
            [
                -0.017066799104213715,
                0.32645082473754883
            ],
            [
                -0.014477722346782684,
                0.5250862836837769
            ],
            [
                0.0028202105313539505,
                0.7744685411453247
            ],
            [
                0.023972483351826668,
                1.0433876514434814
            ],
            [
                0.03354950249195099,
                1.3577487468719482
            ]
        ],
        [
            [
                -0.020082036033272743,
                0.24580565094947815
            ],
            [
                -0.019984133541584015,
                0.48774808645248413
            ],
            [
                -0.0101042240858078,
                0.7277464270591736
            ],
            [
                0.002843908965587616,
                0.9834461808204651
            ],
            [
                0.04646911099553108,
                1.220594882965088
            ],
            [
                0.06546513736248016,
                1.515486717224121
            ]
        ]
    ],
    "tl_trigger": 5.781273557659006e-07,
    "tl_status": 0
}