{
    "speed": 4.652539618162362,
    "steer": -0.010110585950314999,
    "throttle": 0.75,
    "brake": 0.0,
    "wp_6": [
        0.5029387474060059,
        17.04267120361328
    ],
    "wp_5": [
        0.3479231894016266,
        15.31961441040039
    ],
    "wp_4": [
        0.2271873950958252,
        12.961759567260742
    ],
    "wp_3": [
        0.0028627105057239532,
        9.949875831604004
    ],
    "wp_2": [
        -0.017515255138278008,
        6.874850749969482
    ],
    "wp_1": [
        -0.034808285534381866,
        3.474301338195801
    ],
    "aim": [
        -0.034808285534381866,
        3.474301338195801
    ],
    "target": [
        0.8509231956596945,
        22.791126138409783
    ],
    "desired_speed": 5.434748554229737,
    "angle": -0.006377906692511543,
    "angle_last": 0.057120009400382886,
    "angle_target": 0.02375762519832318,
    "angle_final": -0.006377906692511543,
    "delta": 0.25,
    "log_entries": [
        "norm1:5.17",
        "norm2:8.41",
        "norm3:11.46",
        "norm4:14.14",
        "norm5:16.19",
        " ",
        " ",
        " ",
        " ",
        " ",
        " ",
        " ",
        " ",
        " ",
        " ",
        " ",
        " ",
        " ",
        " ",
        " ",
        " "
    ],
    "agent": "only_traj",
    "steer_traj": -0.010110585785382643,
    "throttle_traj": 0.75,
    "brake_traj": 0.0,
    "plan": [
        [
            -0.034808285534381866,
            3.474301338195801
        ],
        [
            -0.017515255138278008,
            6.874850749969482
        ],
        [
            0.0028627105057239532,
            9.949875831604004
        ],
        [
            0.2271873950958252,
            12.961759567260742
        ],
        [
            0.3479231894016266,
            15.31961441040039
        ],
        [
            0.5029387474060059,
            17.04267120361328
        ]
    ],
    "command": 3,
    "redefined_command": 3,
    "cmd_softmax_output": [
        0.9999536275863647,
        4.049705603392795e-05,
        5.857502401340753e-06
    ],
    "all_plan": [
        [
            [
                0.029079042375087738,
                3.2975025177001953
            ],
            [
                0.08248956501483917,
                6.534729957580566
            ],
            [
                0.12159942090511322,
                9.531597137451172
            ],
            [
                0.27844488620758057,
                12.565017700195312
            ],
            [
                0.393231064081192,
                15.060816764831543
            ],
            [
                0.5552588701248169,
                16.948448181152344
            ]
        ],
        [
            [
                0.025267310440540314,
                3.2320547103881836
            ],
            [
                0.10014516115188599,
                6.48185920715332
            ],
            [
                0.1764402985572815,
                9.504268646240234
            ],
            [
                0.39205697178840637,
                12.569655418395996
            ],
            [
                0.5614466667175293,
                15.111193656921387
            ],
            [
                0.7763113975524902,
                17.101638793945312
            ]
        ],
        [
            [
                -0.02246173471212387,
                3.4497499465942383
            ],
            [
                0.016062922775745392,
                6.877294540405273
            ],
            [
                0.05514978617429733,
                10.110960006713867
            ],
            [
                0.2972034513950348,
                13.452964782714844
            ],
            [
                0.45360660552978516,
                16.259384155273438
            ],
            [
                0.6388838291168213,
                18.431182861328125
            ]
        ],
        [
            [
                -0.034808285534381866,
                3.474301338195801
            ],
            [
                -0.017515255138278008,
                6.874850749969482
            ],
            [
                0.0028627105057239532,
                9.949875831604004
            ],
            [
                0.2271873950958252,
                12.961759567260742
            ],
            [
                0.3479231894016266,
                15.31961441040039
            ],
            [
                0.5029387474060059,
                17.04267120361328
            ]
        ],
        [
            [
                -0.04032755643129349,
                3.363494396209717
            ],
            [
                -0.018755091354250908,
                6.733527183532715
            ],
            [
                0.010080862790346146,
                9.902181625366211
            ],
            [
                0.2597377300262451,
                13.15704345703125
            ],
            [
                0.4028204381465912,
                15.911956787109375
            ],
            [
                0.5671529173851013,
                18.098535537719727
            ]
        ],
        [
            [
                0.04816148430109024,
                3.153944492340088
            ],
            [
                0.13394102454185486,
                6.354409217834473
            ],
            [
                0.22285889089107513,
                9.344659805297852
            ],
            [
                0.4059019982814789,
                12.328960418701172
            ],
            [
                0.5722288489341736,
                14.854087829589844
            ],
            [
                0.7871958613395691,
                16.9296817779541
            ]
        ]
    ],
    "tl_trigger": 8.68383438046294e-07,
    "tl_status": 0
}