{
    "speed": 0.009832890792387987,
    "steer": 0.08814647793769836,
    "throttle": 0.75,
    "brake": 0.0,
    "wp_6": [
        0.6574797630310059,
        12.141597747802734
    ],
    "wp_5": [
        0.3914692997932434,
        9.094233512878418
    ],
    "wp_4": [
        0.2209729552268982,
        6.1824259757995605
    ],
    "wp_3": [
        0.11841374635696411,
        3.4517476558685303
    ],
    "wp_2": [
        0.060970488935709,
        1.393583059310913
    ],
    "wp_1": [
        0.01779167726635933,
        0.19339847564697266
    ],
    "aim": [
        0.11841374635696411,
        3.4517476558685303
    ],
    "target": [
        3.117624877401383,
        44.588094352718876
    ],
    "desired_speed": 4.787311267852783,
    "angle": 0.021831002252613453,
    "angle_last": 0.05543128307359262,
    "angle_target": 0.04444048868502972,
    "angle_final": 0.021831002252613453,
    "delta": 0.25,
    "log_entries": [
        "norm1:0.79",
        "norm2:2.42",
        "norm3:4.82",
        "norm4:7.64",
        "norm5:10.63",
        " ",
        " ",
        " ",
        " ",
        " ",
        " ",
        " ",
        " ",
        " ",
        " ",
        " ",
        " "
    ],
    "agent": "only_traj",
    "steer_traj": 0.08814647651836234,
    "throttle_traj": 0.75,
    "brake_traj": 0.0,
    "plan": [
        [
            0.01779167726635933,
            0.19339847564697266
        ],
        [
            0.060970488935709,
            1.393583059310913
        ],
        [
            0.11841374635696411,
            3.4517476558685303
        ],
        [
            0.2209729552268982,
            6.1824259757995605
        ],
        [
            0.3914692997932434,
            9.094233512878418
        ],
        [
            0.6574797630310059,
            12.141597747802734
        ]
    ],
    "command": 3,
    "redefined_command": 3,
    "cmd_softmax_output": [
        0.9993606209754944,
        3.547650339896791e-05,
        0.0006038467399775982
    ],
    "all_plan": [
        [
            [
                0.028115831315517426,
                0.25278252363204956
            ],
            [
                0.07633041590452194,
                1.5101735591888428
            ],
            [
                0.12729696929454803,
                3.6356189250946045
            ],
            [
                0.20364424586296082,
                6.438344478607178
            ],
            [
                0.3540411591529846,
                9.426273345947266
            ],
            [
                0.5944235324859619,
                12.532959938049316
            ]
        ],
        [
            [
                0.0207521989941597,
                0.31584182381629944
            ],
            [
                0.07909805327653885,
                1.6208399534225464
            ],
            [
                0.1599273979663849,
                3.7409796714782715
            ],
            [
                0.2877056896686554,
                6.500364303588867
            ],
            [
                0.5086236596107483,
                9.365507125854492
            ],
            [
                0.8192600607872009,
                12.323739051818848
            ]
        ],
        [
            [
                0.018987461924552917,
                0.35014694929122925
            ],
            [
                0.07146887481212616,
                1.8020591735839844
            ],
            [
                0.12999096512794495,
                4.144069671630859
            ],
            [
                0.27883201837539673,
                7.191835403442383
            ],
            [
                0.4744970202445984,
                10.369705200195312
            ],
            [
                0.7523943185806274,
                13.647054672241211
            ]
        ],
        [
            [
                0.01779167726635933,
                0.19339847564697266
            ],
            [
                0.060970488935709,
                1.393583059310913
            ],
            [
                0.11841374635696411,
                3.4517476558685303
            ],
            [
                0.2209729552268982,
                6.1824259757995605
            ],
            [
                0.3914692997932434,
                9.094233512878418
            ],
            [
                0.6574797630310059,
                12.141597747802734
            ]
        ],
        [
            [
                0.022028543055057526,
                0.43786853551864624
            ],
            [
                0.07421169430017471,
                1.9601070880889893
            ],
            [
                0.12958866357803345,
                4.345653057098389
            ],
            [
                0.26409751176834106,
                7.402383804321289
            ],
            [
                0.4466457962989807,
                10.566669464111328
            ],
            [
                0.7079852819442749,
                13.81942367553711
            ]
        ],
        [
            [
                0.030264608561992645,
                0.39177852869033813
            ],
            [
                0.09704605489969254,
                1.7453901767730713
            ],
            [
                0.17038950324058533,
                3.8672990798950195
            ],
            [
                0.2835671901702881,
                6.593514442443848
            ],
            [
                0.48346078395843506,
                9.411567687988281
            ],
            [
                0.7511336803436279,
                12.312475204467773
            ]
        ]
    ],
    "tl_trigger": 4.140921419093502e-07,
    "tl_status": 0
}