{
    "speed": 0.04121561290708669,
    "steer": 0.05023122578859329,
    "throttle": 0.75,
    "brake": 0.0,
    "wp_6": [
        0.8698487281799316,
        10.801509857177734
    ],
    "wp_5": [
        0.4764573872089386,
        8.037785530090332
    ],
    "wp_4": [
        0.2508506178855896,
        5.40120792388916
    ],
    "wp_3": [
        0.18175363540649414,
        2.9395594596862793
    ],
    "wp_2": [
        0.0736381858587265,
        1.1240286827087402
    ],
    "wp_1": [
        0.021817002445459366,
        0.11294817924499512
    ],
    "aim": [
        0.18175363540649414,
        2.9395594596862793
    ],
    "target": [
        3.998781104248165,
        43.904689643381765
    ],
    "desired_speed": 4.292626857757568,
    "angle": 0.039312340196325644,
    "angle_last": 0.09001245495037641,
    "angle_target": 0.05782295286561787,
    "angle_final": 0.039312340196325644,
    "delta": 0.25,
    "log_entries": [
        "norm1:0.62",
        "norm2:2.04",
        "norm3:4.18",
        "norm4:6.73",
        "norm5:9.44",
        " ",
        " ",
        " ",
        " ",
        " ",
        " ",
        " ",
        " ",
        " ",
        " ",
        " ",
        " "
    ],
    "agent": "only_traj",
    "steer_traj": 0.05023122558650237,
    "throttle_traj": 0.75,
    "brake_traj": 0.0,
    "plan": [
        [
            0.021817002445459366,
            0.11294817924499512
        ],
        [
            0.0736381858587265,
            1.1240286827087402
        ],
        [
            0.18175363540649414,
            2.9395594596862793
        ],
        [
            0.2508506178855896,
            5.40120792388916
        ],
        [
            0.4764573872089386,
            8.037785530090332
        ],
        [
            0.8698487281799316,
            10.801509857177734
        ]
    ],
    "command": 3,
    "redefined_command": 3,
    "cmd_softmax_output": [
        0.9998546838760376,
        5.1537797844503075e-05,
        9.376512025482953e-05
    ],
    "all_plan": [
        [
            [
                0.0310995951294899,
                0.06841325759887695
            ],
            [
                0.09222356230020523,
                1.000669240951538
            ],
            [
                0.21408140659332275,
                2.75546932220459
            ],
            [
                0.21432654559612274,
                5.136900901794434
            ],
            [
                0.42424309253692627,
                7.6878509521484375
            ],
            [
                0.7961037755012512,
                10.3661527633667
            ]
        ],
        [
            [
                0.02514456957578659,
                0.11605978012084961
            ],
            [
                0.08923085033893585,
                1.0883495807647705
            ],
            [
                0.2152501344680786,
                2.8541321754455566
            ],
            [
                0.2526278495788574,
                5.239933013916016
            ],
            [
                0.4870705008506775,
                7.769218444824219
            ],
            [
                0.8730214834213257,
                10.410003662109375
            ]
        ],
        [
            [
                0.02416042983531952,
                0.19873642921447754
            ],
            [
                0.08153832703828812,
                1.4080522060394287
            ],
            [
                0.17944833636283875,
                3.4981753826141357
            ],
            [
                0.267962783575058,
                6.295369625091553
            ],
            [
                0.4965546131134033,
                9.262397766113281
            ],
            [
                0.8704873323440552,
                12.347164154052734
            ]
        ],
        [
            [
                0.021817002445459366,
                0.11294817924499512
            ],
            [
                0.0736381858587265,
                1.1240286827087402
            ],
            [
                0.18175363540649414,
                2.9395594596862793
            ],
            [
                0.2508506178855896,
                5.40120792388916
            ],
            [
                0.4764573872089386,
                8.037785530090332
            ],
            [
                0.8698487281799316,
                10.801509857177734
            ]
        ],
        [
            [
                0.025804229080677032,
                0.26288658380508423
            ],
            [
                0.08556954562664032,
                1.5266714096069336
            ],
            [
                0.18027561902999878,
                3.653348445892334
            ],
            [
                0.27851662039756775,
                6.479493141174316
            ],
            [
                0.5079178810119629,
                9.460668563842773
            ],
            [
                0.8770769834518433,
                12.543872833251953
            ]
        ],
        [
            [
                0.03026559203863144,
                0.19556912779808044
            ],
            [
                0.09776422381401062,
                1.2404438257217407
            ],
            [
                0.21271806955337524,
                3.0446786880493164
            ],
            [
                0.24412652850151062,
                5.4361066818237305
            ],
            [
                0.46348339319229126,
                7.931297302246094
            ],
            [
                0.8151787519454956,
                10.513082504272461
            ]
        ]
    ],
    "tl_trigger": 4.2549530121505086e-07,
    "tl_status": 0
}