{
    "speed": -0.0004477649555092965,
    "steer": 0.0646698921918869,
    "throttle": 0.75,
    "brake": 0.0,
    "wp_6": [
        2.083759307861328,
        9.78404712677002
    ],
    "wp_5": [
        1.1542186737060547,
        7.470256805419922
    ],
    "wp_4": [
        0.5915787220001221,
        5.112096786499023
    ],
    "wp_3": [
        0.22919438779354095,
        2.9244518280029297
    ],
    "wp_2": [
        0.013355612754821777,
        1.4721477031707764
    ],
    "wp_1": [
        -0.029965750873088837,
        0.48942357301712036
    ],
    "aim": [
        0.22919438779354095,
        2.9244518280029297
    ],
    "target": [
        17.804852074000372,
        42.54078263299638
    ],
    "desired_speed": 3.8349072217941282,
    "angle": 0.049791216420959204,
    "angle_last": 0.2431918932103999,
    "angle_target": 0.2523452095102321,
    "angle_final": 0.049791216420959204,
    "delta": 0.25,
    "log_entries": [
        "norm1:0.98",
        "norm2:2.20",
        "norm3:4.04",
        "norm4:6.35",
        "norm5:8.78",
        " ",
        " ",
        " ",
        " ",
        " ",
        " ",
        " ",
        " ",
        " ",
        " ",
        " ",
        " ",
        " ",
        " "
    ],
    "agent": "only_traj",
    "steer_traj": 0.06466989544471435,
    "throttle_traj": 0.75,
    "brake_traj": 0.0,
    "plan": [
        [
            -0.029965750873088837,
            0.48942357301712036
        ],
        [
            0.013355612754821777,
            1.4721477031707764
        ],
        [
            0.22919438779354095,
            2.9244518280029297
        ],
        [
            0.5915787220001221,
            5.112096786499023
        ],
        [
            1.1542186737060547,
            7.470256805419922
        ],
        [
            2.083759307861328,
            9.78404712677002
        ]
    ],
    "command": 3,
    "redefined_command": 4,
    "cmd_softmax_output": [
        0.04452729597687721,
        0.9554359316825867,
        3.676149572129361e-05
    ],
    "all_plan": [
        [
            [
                0.048430442810058594,
                0.33460360765457153
            ],
            [
                0.11843261122703552,
                1.160996913909912
            ],
            [
                0.2324744313955307,
                2.354198455810547
            ],
            [
                0.26656079292297363,
                4.302712440490723
            ],
            [
                0.4203009307384491,
                6.399465560913086
            ],
            [
                0.9007340669631958,
                8.311161041259766
            ]
        ],
        [
            [
                0.00525280088186264,
                0.45456862449645996
            ],
            [
                0.04870622605085373,
                1.3495659828186035
            ],
            [
                0.2229558825492859,
                2.701042652130127
            ],
            [
                0.5143266916275024,
                4.782222747802734
            ],
            [
                1.0242643356323242,
                7.029153823852539
            ],
            [
                1.8908953666687012,
                9.214987754821777
            ]
        ],
        [
            [
                0.03784116357564926,
                0.3337703347206116
            ],
            [
                0.11623050272464752,
                1.2126374244689941
            ],
            [
                0.2570455074310303,
                2.525951385498047
            ],
            [
                0.3918057084083557,
                4.609572410583496
            ],
            [
                0.6251817941665649,
                6.858558654785156
            ],
            [
                1.2405421733856201,
                8.949655532836914
            ]
        ],
        [
            [
                0.06175890564918518,
                -0.027697890996932983
            ],
            [
                0.10136481374502182,
                0.15374842286109924
            ],
            [
                0.17628826200962067,
                0.7310937643051147
            ],
            [
                0.09000366926193237,
                1.9147390127182007
            ],
            [
                0.10952318459749222,
                3.3919293880462646
            ],
            [
                0.44957002997398376,
                4.746722221374512
            ]
        ],
        [
            [
                -0.029965750873088837,
                0.48942357301712036
            ],
            [
                0.013355612754821777,
                1.4721477031707764
            ],
            [
                0.22919438779354095,
                2.9244518280029297
            ],
            [
                0.5915787220001221,
                5.112096786499023
            ],
            [
                1.1542186737060547,
                7.470256805419922
            ],
            [
                2.083759307861328,
                9.78404712677002
            ]
        ],
        [
            [
                -0.04183097928762436,
                0.5572378039360046
            ],
            [
                -0.041583478450775146,
                1.5623338222503662
            ],
            [
                0.12452490627765656,
                2.9611263275146484
            ],
            [
                0.47910553216934204,
                5.028618812561035
            ],
            [
                1.1010737419128418,
                7.187413215637207
            ],
            [
                2.0494585037231445,
                9.340155601501465
            ]
        ]
    ],
    "tl_trigger": 4.078231086168671e-07,
    "tl_status": 0
}