{
    "speed": -0.0339846763221473,
    "steer": 0.028955910354852676,
    "throttle": 0.75,
    "brake": 0.0,
    "wp_6": [
        0.27437832951545715,
        2.8218817710876465
    ],
    "wp_5": [
        0.0120010357350111,
        1.8982067108154297
    ],
    "wp_4": [
        0.009721644222736359,
        0.9178221225738525
    ],
    "wp_3": [
        0.13008415699005127,
        0.1944296956062317
    ],
    "wp_2": [
        0.07318975031375885,
        -0.10607528686523438
    ],
    "wp_1": [
        0.04789732024073601,
        -0.10456928610801697
    ],
    "aim": [
        0.0120010357350111,
        1.8982067108154297
    ],
    "target": [
        18.542968446113065,
        41.53502973909785
    ],
    "desired_speed": 1.2020490795373917,
    "angle": 0.004024850868371767,
    "angle_last": 0.1761957818975973,
    "angle_target": 0.26731084100412134,
    "angle_final": 0.004024850868371767,
    "delta": 0.25,
    "log_entries": [
        "norm1:0.12",
        "norm2:0.11",
        "norm3:0.56",
        "norm4:1.41",
        "norm5:2.36",
        " ",
        " ",
        " ",
        " ",
        " ",
        " ",
        " ",
        " ",
        " ",
        " ",
        " ",
        " ",
        " ",
        " ",
        " "
    ],
    "agent": "only_traj",
    "steer_traj": 0.028955910606555894,
    "throttle_traj": 0.75,
    "brake_traj": 0.0,
    "plan": [
        [
            0.04789732024073601,
            -0.10456928610801697
        ],
        [
            0.07318975031375885,
            -0.10607528686523438
        ],
        [
            0.13008415699005127,
            0.1944296956062317
        ],
        [
            0.009721644222736359,
            0.9178221225738525
        ],
        [
            0.0120010357350111,
            1.8982067108154297
        ],
        [
            0.27437832951545715,
            2.8218817710876465
        ]
    ],
    "command": 3,
    "redefined_command": 3,
    "cmd_softmax_output": [
        0.9011288285255432,
        0.09884913265705109,
        2.19735738937743e-05
    ],
    "all_plan": [
        [
            [
                0.06750830262899399,
                -0.03796076774597168
            ],
            [
                0.12105158716440201,
                0.09378288686275482
            ],
            [
                0.22333192825317383,
                0.5894445776939392
            ],
            [
                0.15736117959022522,
                1.5402710437774658
            ],
            [
                0.2183888554573059,
                2.692715644836426
            ],
            [
                0.6227379441261292,
                3.7351393699645996
            ]
        ],
        [
            [
                0.0512392483651638,
                0.17035147547721863
            ],
            [
                0.12024520337581635,
                0.6164892911911011
            ],
            [
                0.2770681083202362,
                1.4613938331604004
            ],
            [
                0.38923129439353943,
                2.8127872943878174
            ],
            [
                0.6164541840553284,
                4.31562614440918
            ],
            [
                1.2256317138671875,
                5.711819171905518
            ]
        ],
        [
            [
                0.05854014307260513,
                0.03824874758720398
            ],
            [
                0.11890330910682678,
                0.34288284182548523
            ],
            [
                0.23033511638641357,
                1.018797516822815
            ],
            [
                0.2361152470111847,
                2.1962592601776123
            ],
            [
                0.3384571969509125,
                3.5550074577331543
            ],
            [
                0.8067834973335266,
                4.80505895614624
            ]
        ],
        [
            [
                0.04789732024073601,
                -0.10456928610801697
            ],
            [
                0.07318975031375885,
                -0.10607528686523438
            ],
            [
                0.13008415699005127,
                0.1944296956062317
            ],
            [
                0.009721644222736359,
                0.9178221225738525
            ],
            [
                0.0120010357350111,
                1.8982067108154297
            ],
            [
                0.27437832951545715,
                2.8218817710876465
            ]
        ],
        [
            [
                0.031842753291130066,
                0.24430499970912933
            ],
            [
                0.09654214978218079,
                0.8158332109451294
            ],
            [
                0.26255595684051514,
                1.7817096710205078
            ],
            [
                0.44353216886520386,
                3.2896084785461426
            ],
            [
                0.7383708357810974,
                4.947610855102539
            ],
            [
                1.3987524509429932,
                6.520169258117676
            ]
        ],
        [
            [
                0.037699997425079346,
                0.24808430671691895
            ],
            [
                0.10479550808668137,
                0.7559055089950562
            ],
            [
                0.27535632252693176,
                1.611193299293518
            ],
            [
                0.44054120779037476,
                2.8987884521484375
            ],
            [
                0.7341521978378296,
                4.274715900421143
            ],
            [
                1.3657498359680176,
                5.561120986938477
            ]
        ]
    ],
    "tl_trigger": 4.5379994162431103e-07,
    "tl_status": 0
}