{
    "speed": -0.008968165694254274,
    "steer": 0.13806714117527008,
    "throttle": 0.75,
    "brake": 0.0,
    "wp_6": [
        2.0319466590881348,
        7.157719135284424
    ],
    "wp_5": [
        1.1396313905715942,
        5.3799285888671875
    ],
    "wp_4": [
        0.6438008546829224,
        3.566535472869873
    ],
    "wp_3": [
        0.28224843740463257,
        1.9328511953353882
    ],
    "wp_2": [
        0.05515038222074509,
        0.8843303918838501
    ],
    "wp_1": [
        0.002068139612674713,
        0.27545827627182007
    ],
    "aim": [
        0.6438008546829224,
        3.566535472869873
    ],
    "target": [
        20.922620594090226,
        40.192228155591565
    ],
    "desired_speed": 2.8905392646789547,
    "angle": 0.11369287258479217,
    "angle_last": 0.2961461980635272,
    "angle_target": 0.3055539470284112,
    "angle_final": 0.11369287258479217,
    "delta": 0.25,
    "log_entries": [
        "norm1:0.58",
        "norm2:1.42",
        "norm3:2.79",
        "norm4:4.56",
        "norm5:6.47",
        " ",
        " ",
        " ",
        " ",
        " ",
        " ",
        " ",
        " ",
        " ",
        " ",
        " ",
        " ",
        " ",
        " ",
        " "
    ],
    "agent": "only_traj",
    "steer_traj": 0.1380671466854855,
    "throttle_traj": 0.75,
    "brake_traj": 0.0,
    "plan": [
        [
            0.002068139612674713,
            0.27545827627182007
        ],
        [
            0.05515038222074509,
            0.8843303918838501
        ],
        [
            0.28224843740463257,
            1.9328511953353882
        ],
        [
            0.6438008546829224,
            3.566535472869873
        ],
        [
            1.1396313905715942,
            5.3799285888671875
        ],
        [
            2.0319466590881348,
            7.157719135284424
        ]
    ],
    "command": 3,
    "redefined_command": 4,
    "cmd_softmax_output": [
        0.212273970246315,
        0.7876719236373901,
        5.413702456280589e-05
    ],
    "all_plan": [
        [
            [
                0.053094398230314255,
                0.07544541358947754
            ],
            [
                0.10846571624279022,
                0.41885754466056824
            ],
            [
                0.2051132321357727,
                1.1538251638412476
            ],
            [
                0.25531408190727234,
                2.419679641723633
            ],
            [
                0.3439588248729706,
                3.9037179946899414
            ],
            [
                0.7827330827713013,
                5.284038543701172
            ]
        ],
        [
            [
                0.012503549456596375,
                0.2467932552099228
            ],
            [
                0.0692448690533638,
                0.7838686108589172
            ],
            [
                0.30233731865882874,
                1.7580257654190063
            ],
            [
                0.6405220627784729,
                3.2752065658569336
            ],
            [
                1.12344491481781,
                4.959137916564941
            ],
            [
                2.0173215866088867,
                6.600741386413574
            ]
        ],
        [
            [
                0.046548157930374146,
                0.035731881856918335
            ],
            [
                0.09649382531642914,
                0.36749008297920227
            ],
            [
                0.1861175298690796,
                1.088905930519104
            ],
            [
                0.2541423439979553,
                2.3602681159973145
            ],
            [
                0.3381737768650055,
                3.8637852668762207
            ],
            [
                0.7773756384849548,
                5.274281024932861
            ]
        ],
        [
            [
                0.0411757230758667,
                -0.08811548352241516
            ],
            [
                0.06083919107913971,
                -0.0864405483007431
            ],
            [
                0.10879448801279068,
                0.19848178327083588
            ],
            [
                0.009825468063354492,
                0.8851447105407715
            ],
            [
                0.007696622982621193,
                1.8342006206512451
            ],
            [
                0.24986062943935394,
                2.7460408210754395
            ]
        ],
        [
            [
                0.002068139612674713,
                0.27545827627182007
            ],
            [
                0.05515038222074509,
                0.8843303918838501
            ],
            [
                0.28224843740463257,
                1.9328511953353882
            ],
            [
                0.6438008546829224,
                3.566535472869873
            ],
            [
                1.1396313905715942,
                5.3799285888671875
            ],
            [
                2.0319466590881348,
                7.157719135284424
            ]
        ],
        [
            [
                0.025925833731889725,
                0.4671292006969452
            ],
            [
                0.1456010341644287,
                1.2095760107040405
            ],
            [
                0.47520163655281067,
                2.2882239818573
            ],
            [
                0.9399833679199219,
                3.855403184890747
            ],
            [
                1.6109635829925537,
                5.493113040924072
            ],
            [
                2.619335651397705,
                7.100203990936279
            ]
        ]
    ],
    "tl_trigger": 4.568686904349306e-07,
    "tl_status": 0
}