{
    "speed": -0.001488360966107913,
    "steer": 0.1607128530740738,
    "throttle": 0.75,
    "brake": 0.0,
    "wp_6": [
        6.463553428649902,
        11.03639030456543
    ],
    "wp_5": [
        4.367315769195557,
        8.781026840209961
    ],
    "wp_4": [
        2.674099922180176,
        6.509974479675293
    ],
    "wp_3": [
        1.4883356094360352,
        4.187499523162842
    ],
    "wp_2": [
        0.5507681965827942,
        2.5165634155273438
    ],
    "wp_1": [
        0.11242998391389847,
        1.1316291093826294
    ],
    "aim": [
        0.5507681965827942,
        2.5165634155273438
    ],
    "target": [
        25.28017211089134,
        37.508962415645136
    ],
    "desired_speed": 4.755280447006226,
    "angle": 0.1371661078143842,
    "angle_last": 0.47673097351282373,
    "angle_target": 0.37754508652399016,
    "angle_final": 0.1371661078143842,
    "delta": 0.25,
    "log_entries": [
        "norm1:1.85",
        "norm2:3.50",
        "norm3:5.74",
        "norm4:8.42",
        "norm5:11.29",
        " ",
        " ",
        " ",
        " ",
        " ",
        " ",
        " ",
        " ",
        " ",
        " ",
        " ",
        " ",
        " "
    ],
    "agent": "only_traj",
    "steer_traj": 0.16071285659094253,
    "throttle_traj": 0.75,
    "brake_traj": 0.0,
    "plan": [
        [
            0.11242998391389847,
            1.1316291093826294
        ],
        [
            0.5507681965827942,
            2.5165634155273438
        ],
        [
            1.4883356094360352,
            4.187499523162842
        ],
        [
            2.674099922180176,
            6.509974479675293
        ],
        [
            4.367315769195557,
            8.781026840209961
        ],
        [
            6.463553428649902,
            11.03639030456543
        ]
    ],
    "command": 3,
    "redefined_command": 4,
    "cmd_softmax_output": [
        0.1546846628189087,
        0.8309506773948669,
        0.014364728704094887
    ],
    "all_plan": [
        [
            [
                0.14411763846874237,
                0.9481350183486938
            ],
            [
                0.5247838497161865,
                2.141498565673828
            ],
            [
                1.259814739227295,
                3.59350848197937
            ],
            [
                2.129222869873047,
                5.669074058532715
            ],
            [
                3.4395880699157715,
                7.732089996337891
            ],
            [
                5.113222599029541,
                9.750134468078613
            ]
        ],
        [
            [
                0.09928064793348312,
                1.1126956939697266
            ],
            [
                0.5182570815086365,
                2.341418743133545
            ],
            [
                1.4250855445861816,
                3.8596556186676025
            ],
            [
                2.6068668365478516,
                6.014688014984131
            ],
            [
                4.304490566253662,
                8.054941177368164
            ],
            [
                6.426257133483887,
                10.04214096069336
            ]
        ],
        [
            [
                0.1805626004934311,
                1.0252100229263306
            ],
            [
                0.6304625272750854,
                2.3553295135498047
            ],
            [
                1.4774574041366577,
                3.9754252433776855
            ],
            [
                2.50864315032959,
                6.327223777770996
            ],
            [
                4.018930912017822,
                8.655550003051758
            ],
            [
                5.953332901000977,
                10.919351577758789
            ]
        ],
        [
            [
                0.17035070061683655,
                0.9074941277503967
            ],
            [
                0.5705544352531433,
                2.1121599674224854
            ],
            [
                1.3091869354248047,
                3.6206932067871094
            ],
            [
                2.203404188156128,
                5.830259323120117
            ],
            [
                3.5005712509155273,
                8.04762077331543
            ],
            [
                5.215730667114258,
                10.189483642578125
            ]
        ],
        [
            [
                0.11242998391389847,
                1.1316291093826294
            ],
            [
                0.5507681965827942,
                2.5165634155273438
            ],
            [
                1.4883356094360352,
                4.187499523162842
            ],
            [
                2.674099922180176,
                6.509974479675293
            ],
            [
                4.367315769195557,
                8.781026840209961
            ],
            [
                6.463553428649902,
                11.03639030456543
            ]
        ],
        [
            [
                0.12026812881231308,
                1.166780948638916
            ],
            [
                0.5576556921005249,
                2.5069334506988525
            ],
            [
                1.451768398284912,
                4.103279113769531
            ],
            [
                2.5876097679138184,
                6.3298749923706055
            ],
            [
                4.225706100463867,
                8.444377899169922
            ],
            [
                6.238258361816406,
                10.500606536865234
            ]
        ]
    ],
    "tl_trigger": 3.746158654394094e-07,
    "tl_status": 0
}