{
    "speed": 0.6731902764247162,
    "steer": -0.20106001198291779,
    "throttle": 0.0,
    "brake": 1.0,
    "wp_6": [
        -0.1191558763384819,
        1.3071110248565674
    ],
    "wp_5": [
        -0.1753731071949005,
        0.9201260805130005
    ],
    "wp_4": [
        -0.12406089901924133,
        0.46138817071914673
    ],
    "wp_3": [
        0.11800198256969452,
        0.1100483238697052
    ],
    "wp_2": [
        0.06741267442703247,
        0.059710994362831116
    ],
    "wp_1": [
        0.052021123468875885,
        0.03969137370586395
    ],
    "aim": [
        -0.1753731071949005,
        0.9201260805130005
    ],
    "target": [
        8.508771733152276,
        42.3572209357221
    ],
    "desired_speed": 0.5503675319254399,
    "angle": -0.11989959702964392,
    "angle_last": 0.0918392269893917,
    "angle_target": 0.12620527182157884,
    "angle_final": -0.11989959702964392,
    "delta": 0.0,
    "log_entries": [
        "norm1:0.08",
        "norm2:0.13",
        "norm3:0.29",
        "norm4:0.71",
        "norm5:1.12",
        " ",
        " ",
        " ",
        " ",
        " ",
        " ",
        " ",
        " ",
        " ",
        " ",
        " ",
        " ",
        " ",
        " ",
        " ",
        " ",
        " ",
        " "
    ],
    "agent": "only_traj",
    "steer_traj": -0.20106001724932376,
    "throttle_traj": 0.0,
    "brake_traj": 1.0,
    "plan": [
        [
            0.052021123468875885,
            0.03969137370586395
        ],
        [
            0.06741267442703247,
            0.059710994362831116
        ],
        [
            0.11800198256969452,
            0.1100483238697052
        ],
        [
            -0.12406089901924133,
            0.46138817071914673
        ],
        [
            -0.1753731071949005,
            0.9201260805130005
        ],
        [
            -0.1191558763384819,
            1.3071110248565674
        ]
    ],
    "command": 3,
    "redefined_command": 3,
    "cmd_softmax_output": [
        0.7893034815788269,
        0.21063026785850525,
        6.62147140246816e-05
    ],
    "all_plan": [
        [
            [
                0.05596890300512314,
                0.21580570936203003
            ],
            [
                0.10502704977989197,
                0.5948915481567383
            ],
            [
                0.17917770147323608,
                1.3072689771652222
            ],
            [
                0.00562720000743866,
                2.466722011566162
            ],
            [
                0.054338935762643814,
                3.9182229042053223
            ],
            [
                0.28510844707489014,
                5.354578971862793
            ]
        ],
        [
            [
                0.04327913746237755,
                0.4189583659172058
            ],
            [
                0.04098299890756607,
                1.061890721321106
            ],
            [
                0.007851749658584595,
                2.0267884731292725
            ],
            [
                -0.08534002304077148,
                3.5772838592529297
            ],
            [
                0.030206583440303802,
                5.3822832107543945
            ],
            [
                0.3166269063949585,
                7.180946350097656
            ]
        ],
        [
            [
                0.05170053988695145,
                0.2355814129114151
            ],
            [
                0.10453607887029648,
                0.6795260310173035
            ],
            [
                0.1924232840538025,
                1.396352767944336
            ],
            [
                0.06896323710680008,
                2.5581345558166504
            ],
            [
                0.15391956269741058,
                3.8886914253234863
            ],
            [
                0.4455903172492981,
                5.143892288208008
            ]
        ],
        [
            [
                0.052021123468875885,
                0.03969137370586395
            ],
            [
                0.06741267442703247,
                0.059710994362831116
            ],
            [
                0.11800198256969452,
                0.1100483238697052
            ],
            [
                -0.12406089901924133,
                0.46138817071914673
            ],
            [
                -0.1753731071949005,
                0.9201260805130005
            ],
            [
                -0.1191558763384819,
                1.3071110248565674
            ]
        ],
        [
            [
                0.03764434903860092,
                0.534780740737915
            ],
            [
                0.03311864659190178,
                1.399367094039917
            ],
            [
                -0.012516293674707413,
                2.580155372619629
            ],
            [
                -0.05588917434215546,
                4.396007537841797
            ],
            [
                0.12812522053718567,
                6.377227306365967
            ],
            [
                0.48685604333877563,
                8.331390380859375
            ]
        ],
        [
            [
                0.04229709506034851,
                0.5718703269958496
            ],
            [
                0.010442018508911133,
                1.4468505382537842
            ],
            [
                -0.06445049494504929,
                2.639139175415039
            ],
            [
                -0.10970869660377502,
                4.452452182769775
            ],
            [
                0.14256280660629272,
                6.474354267120361
            ],
            [
                0.5413593649864197,
                8.546368598937988
            ]
        ]
    ],
    "tl_trigger": 4.465352674287715e-07,
    "tl_status": 0
}