{
    "speed": -3.968891794664767e-09,
    "steer": -0.014481267891824245,
    "throttle": 0.75,
    "brake": 0.0,
    "wp_6": [
        -0.0484747439622879,
        1.9195456504821777
    ],
    "wp_5": [
        -0.019926544278860092,
        1.166515827178955
    ],
    "wp_4": [
        -0.004729157313704491,
        0.5416455268859863
    ],
    "wp_3": [
        -0.023674974218010902,
        0.06572522222995758
    ],
    "wp_2": [
        -0.025251079350709915,
        -0.24526186287403107
    ],
    "wp_1": [
        -0.011857086792588234,
        -0.245915949344635
    ],
    "aim": [
        -0.019926544278860092,
        1.166515827178955
    ],
    "target": [
        -12.365289218512885,
        31.79730463308748
    ],
    "desired_speed": 0.8717296406626701,
    "angle": -0.010873764877186269,
    "angle_last": -0.02412342117512167,
    "angle_target": -0.23611100183285458,
    "angle_final": -0.010873764877186269,
    "delta": 0.25,
    "log_entries": [
        "norm1:0.25",
        "norm2:0.09",
        "norm3:0.30",
        "norm4:0.85",
        "norm5:1.54",
        " ",
        " ",
        " ",
        " ",
        " ",
        " ",
        " ",
        " ",
        " ",
        " ",
        " ",
        " ",
        " ",
        " ",
        " ",
        " ",
        " ",
        " ",
        " ",
        " ",
        " ",
        " ",
        " ",
        " "
    ],
    "agent": "only_traj",
    "steer_traj": -0.014481267946912192,
    "throttle_traj": 0.75,
    "brake_traj": 0.0,
    "plan": [
        [
            -0.011857086792588234,
            -0.245915949344635
        ],
        [
            -0.025251079350709915,
            -0.24526186287403107
        ],
        [
            -0.023674974218010902,
            0.06572522222995758
        ],
        [
            -0.004729157313704491,
            0.5416455268859863
        ],
        [
            -0.019926544278860092,
            1.166515827178955
        ],
        [
            -0.0484747439622879,
            1.9195456504821777
        ]
    ],
    "command": 3,
    "redefined_command": 3,
    "cmd_softmax_output": [
        0.9999711513519287,
        2.1486815967364237e-05,
        7.370402272499632e-06
    ],
    "all_plan": [
        [
            [
                0.0007050286512821913,
                -0.18482106924057007
            ],
            [
                -0.006256000138819218,
                -0.25245851278305054
            ],
            [
                0.00847903173416853,
                -0.09223927557468414
            ],
            [
                -0.01074711699038744,
                0.0800076276063919
            ],
            [
                -0.014097727835178375,
                0.3333922028541565
            ],
            [
                -0.0439768061041832,
                0.7386921644210815
            ]
        ],
        [
            [
                -0.003764817025512457,
                -0.20285725593566895
            ],
            [
                -0.009701486676931381,
                -0.22489561140537262
            ],
            [
                0.010331271216273308,
                0.020663082599639893
            ],
            [
                -0.011264635249972343,
                0.29038533568382263
            ],
            [
                -0.00036165397614240646,
                0.6383464336395264
            ],
            [
                -0.028398625552654266,
                1.1677260398864746
            ]
        ],
        [
            [
                -0.009742705151438713,
                -0.2577359080314636
            ],
            [
                -0.018930379301309586,
                -0.23238709568977356
            ],
            [
                -0.009424028918147087,
                0.1321161687374115
            ],
            [
                -0.005950593855232,
                0.6432293653488159
            ],
            [
                -0.005411901511251926,
                1.2885370254516602
            ],
            [
                -0.03361076861619949,
                2.107849597930908
            ]
        ],
        [
            [
                -0.011857086792588234,
                -0.245915949344635
            ],
            [
                -0.025251079350709915,
                -0.24526186287403107
            ],
            [
                -0.023674974218010902,
                0.06572522222995758
            ],
            [
                -0.004729157313704491,
                0.5416455268859863
            ],
            [
                -0.019926544278860092,
                1.166515827178955
            ],
            [
                -0.0484747439622879,
                1.9195456504821777
            ]
        ],
        [
            [
                -0.010737632401287556,
                -0.2966817319393158
            ],
            [
                -0.019128769636154175,
                -0.24038857221603394
            ],
            [
                -0.004847018048167229,
                0.24668073654174805
            ],
            [
                -0.008066199719905853,
                0.9229835271835327
            ],
            [
                -0.0036347340792417526,
                1.7660337686538696
            ],
            [
                -0.03739379346370697,
                2.8192038536071777
            ]
        ],
        [
            [
                -0.010615106672048569,
                -0.11903455853462219
            ],
            [
                -0.015735305845737457,
                -0.06506270170211792
            ],
            [
                0.003898017108440399,
                0.2146877646446228
            ],
            [
                -0.008256286382675171,
                0.5190820097923279
            ],
            [
                0.016756989061832428,
                0.8800995349884033
            ],
            [
                -0.00019420497119426727,
                1.4150009155273438
            ]
        ]
    ],
    "tl_trigger": 6.848018756500096e-07,
    "tl_status": 0
}