{
    "speed": 3.677751328231625,
    "steer": -0.002466575475409627,
    "throttle": 0.75,
    "brake": 0.0,
    "wp_6": [
        0.029414145275950432,
        21.507904052734375
    ],
    "wp_5": [
        0.004174415022134781,
        17.52279281616211
    ],
    "wp_4": [
        -0.005765708163380623,
        13.434839248657227
    ],
    "wp_3": [
        -0.017119748517870903,
        9.303800582885742
    ],
    "wp_2": [
        -0.0348178967833519,
        5.495307922363281
    ],
    "wp_1": [
        -0.02374190092086792,
        2.296665668487549
    ],
    "aim": [
        -0.017119748517870903,
        9.303800582885742
    ],
    "target": [
        0.5958676983672636,
        50.32397235738554
    ],
    "desired_speed": 7.6845625877380375,
    "angle": -0.0011714052701923786,
    "angle_last": 0.004031984621504891,
    "angle_target": 0.007537628972153271,
    "angle_final": -0.0011714052701923786,
    "delta": 0.25,
    "log_entries": [
        "norm1:3.90",
        "norm2:7.40",
        "norm3:11.37",
        "norm4:15.48",
        "norm5:19.52",
        " ",
        " ",
        " ",
        " ",
        " ",
        " ",
        " ",
        " ",
        " ",
        " ",
        " ",
        " ",
        " ",
        " ",
        " ",
        " ",
        " ",
        " ",
        " ",
        " ",
        " ",
        " ",
        " "
    ],
    "agent": "only_traj",
    "steer_traj": -0.002466575401632593,
    "throttle_traj": 0.75,
    "brake_traj": 0.0,
    "plan": [
        [
            -0.02374190092086792,
            2.296665668487549
        ],
        [
            -0.0348178967833519,
            5.495307922363281
        ],
        [
            -0.017119748517870903,
            9.303800582885742
        ],
        [
            -0.005765708163380623,
            13.434839248657227
        ],
        [
            0.004174415022134781,
            17.52279281616211
        ],
        [
            0.029414145275950432,
            21.507904052734375
        ]
    ],
    "command": 3,
    "redefined_command": 3,
    "cmd_softmax_output": [
        0.9998551607131958,
        0.00013262183347251266,
        1.2136329132772516e-05
    ],
    "all_plan": [
        [
            [
                0.015908248722553253,
                2.4653592109680176
            ],
            [
                0.01932845450937748,
                5.714695453643799
            ],
            [
                0.040688883513212204,
                9.498150825500488
            ],
            [
                -0.002282865345478058,
                13.541881561279297
            ],
            [
                -0.0090885479003191,
                17.573518753051758
            ],
            [
                0.004506640136241913,
                21.52346420288086
            ]
        ],
        [
            [
                0.010378383100032806,
                2.461653709411621
            ],
            [
                0.01795087940990925,
                5.693056106567383
            ],
            [
                0.0470869205892086,
                9.447761535644531
            ],
            [
                0.030703105032444,
                13.46841812133789
            ],
            [
                0.04513423144817352,
                17.47230339050293
            ],
            [
                0.07973379641771317,
                21.396461486816406
            ]
        ],
        [
            [
                -0.014175847172737122,
                2.4260735511779785
            ],
            [
                -0.01754569076001644,
                5.709673881530762
            ],
            [
                0.009253431111574173,
                9.576683044433594
            ],
            [
                0.015936076641082764,
                13.747386932373047
            ],
            [
                0.03425125032663345,
                17.88804054260254
            ],
            [
                0.06664752960205078,
                21.94040298461914
            ]
        ],
        [
            [
                -0.02374190092086792,
                2.296665668487549
            ],
            [
                -0.0348178967833519,
                5.495307922363281
            ],
            [
                -0.017119748517870903,
                9.303800582885742
            ],
            [
                -0.005765708163380623,
                13.434839248657227
            ],
            [
                0.004174415022134781,
                17.52279281616211
            ],
            [
                0.029414145275950432,
                21.507904052734375
            ]
        ],
        [
            [
                -0.016344070434570312,
                2.4926671981811523
            ],
            [
                -0.02732233516871929,
                5.765409469604492
            ],
            [
                -0.009445402771234512,
                9.57589054107666
            ],
            [
                -0.01027669757604599,
                13.655912399291992
            ],
            [
                -0.0015022624284029007,
                17.71880340576172
            ],
            [
                0.014032639563083649,
                21.70794677734375
            ]
        ],
        [
            [
                0.011389665305614471,
                2.528656005859375
            ],
            [
                0.019910486415028572,
                5.743878364562988
            ],
            [
                0.050119806081056595,
                9.421448707580566
            ],
            [
                0.03645557165145874,
                13.33348274230957
            ],
            [
                0.05752388387918472,
                17.237367630004883
            ],
            [
                0.09625285863876343,
                21.0711727142334
            ]
        ]
    ],
    "tl_trigger": 4.933953619001841e-07,
    "tl_status": 0
}