{
    "speed": 4.597473106760767,
    "steer": -0.005014671478420496,
    "throttle": 0.31653594970703125,
    "brake": 0.0,
    "wp_6": [
        -0.25458428263664246,
        14.456655502319336
    ],
    "wp_5": [
        -0.19125619530677795,
        13.418960571289062
    ],
    "wp_4": [
        -0.12609349191188812,
        11.456334114074707
    ],
    "wp_3": [
        -0.07643672823905945,
        8.60049819946289
    ],
    "wp_2": [
        -0.0261483546346426,
        5.717440128326416
    ],
    "wp_1": [
        -0.009010031819343567,
        2.8473620414733887
    ],
    "aim": [
        -0.009010031819343567,
        2.8473620414733887
    ],
    "target": [
        0.526848949441719,
        20.47191993395327
    ],
    "desired_speed": 4.645290899276733,
    "angle": -0.002014478286744286,
    "angle_last": -0.038803243194266965,
    "angle_target": 0.01637992152267335,
    "angle_final": -0.002014478286744286,
    "delta": 0.04781779251596596,
    "log_entries": [
        "norm1:4.28",
        "norm2:7.16",
        "norm3:10.03",
        "norm4:12.44",
        "norm5:13.94",
        " ",
        " ",
        " ",
        " ",
        " ",
        " ",
        " ",
        " ",
        " ",
        " ",
        " ",
        " ",
        " ",
        " ",
        " ",
        " ",
        " ",
        " ",
        " ",
        " ",
        " ",
        " ",
        " ",
        " ",
        " ",
        " ",
        " ",
        " ",
        " ",
        " "
    ],
    "agent": "only_traj",
    "steer_traj": -0.005014671291868984,
    "throttle_traj": 0.3165359404130177,
    "brake_traj": 0.0,
    "plan": [
        [
            -0.009010031819343567,
            2.8473620414733887
        ],
        [
            -0.0261483546346426,
            5.717440128326416
        ],
        [
            -0.07643672823905945,
            8.60049819946289
        ],
        [
            -0.12609349191188812,
            11.456334114074707
        ],
        [
            -0.19125619530677795,
            13.418960571289062
        ],
        [
            -0.25458428263664246,
            14.456655502319336
        ]
    ],
    "command": 3,
    "redefined_command": 3,
    "cmd_softmax_output": [
        0.9927871823310852,
        0.007193773053586483,
        1.908919875859283e-05
    ],
    "all_plan": [
        [
            [
                -0.01592802256345749,
                2.6982598304748535
            ],
            [
                -0.09123554080724716,
                5.472426414489746
            ],
            [
                -0.21839863061904907,
                8.173810958862305
            ],
            [
                -0.3426145911216736,
                11.029212951660156
            ],
            [
                -0.42758461833000183,
                13.368639945983887
            ],
            [
                -0.4693150818347931,
                15.074840545654297
            ]
        ],
        [
            [
                -0.023644879460334778,
                2.696310520172119
            ],
            [
                -0.11788638681173325,
                5.4903459548950195
            ],
            [
                -0.26890113949775696,
                8.209657669067383
            ],
            [
                -0.3991824984550476,
                11.107141494750977
            ],
            [
                -0.4681919515132904,
                13.489944458007812
            ],
            [
                -0.4852912425994873,
                15.252010345458984
            ]
        ],
        [
            [
                -0.02532828599214554,
                2.887390613555908
            ],
            [
                -0.0808277577161789,
                5.81488037109375
            ],
            [
                -0.17649677395820618,
                8.708589553833008
            ],
            [
                -0.23933571577072144,
                11.715277671813965
            ],
            [
                -0.306160569190979,
                14.02518081665039
            ],
            [
                -0.3438180685043335,
                15.492480278015137
            ]
        ],
        [
            [
                -0.009010031819343567,
                2.8473620414733887
            ],
            [
                -0.0261483546346426,
                5.717440128326416
            ],
            [
                -0.07643672823905945,
                8.60049819946289
            ],
            [
                -0.12609349191188812,
                11.456334114074707
            ],
            [
                -0.19125619530677795,
                13.418960571289062
            ],
            [
                -0.25458428263664246,
                14.456655502319336
            ]
        ],
        [
            [
                -0.0367845818400383,
                2.8275246620178223
            ],
            [
                -0.1439378261566162,
                5.744236946105957
            ],
            [
                -0.30769267678260803,
                8.60346508026123
            ],
            [
                -0.46962589025497437,
                11.617851257324219
            ],
            [
                -0.59549880027771,
                14.0479736328125
            ],
            [
                -0.6660551428794861,
                15.744640350341797
            ]
        ],
        [
            [
                -0.020123764872550964,
                2.700489044189453
            ],
            [
                -0.1080760583281517,
                5.500779151916504
            ],
            [
                -0.25011420249938965,
                8.222500801086426
            ],
            [
                -0.367321252822876,
                11.110767364501953
            ],
            [
                -0.43452534079551697,
                13.485352516174316
            ],
            [
                -0.4497109651565552,
                15.236950874328613
            ]
        ]
    ],
    "tl_trigger": 4.5918420710222563e-07,
    "tl_status": 0
}