{
    "speed": 7.152552843019421,
    "steer": -0.256253719329834,
    "throttle": 0.75,
    "brake": 0.0,
    "wp_6": [
        -10.68437385559082,
        21.573532104492188
    ],
    "wp_5": [
        -8.559804916381836,
        18.430267333984375
    ],
    "wp_4": [
        -6.299178123474121,
        15.261473655700684
    ],
    "wp_3": [
        -3.526918411254883,
        12.040273666381836
    ],
    "wp_2": [
        -2.0342321395874023,
        8.220717430114746
    ],
    "wp_1": [
        -0.7273876667022705,
        4.308592319488525
    ],
    "aim": [
        -6.299178123474121,
        15.261473655700684
    ],
    "target": [
        -2.5879332552831116,
        12.42666257664036
    ],
    "desired_speed": 8.064733505249023,
    "angle": -0.24920448850084176,
    "angle_last": -0.3783913694813799,
    "angle_target": -0.13071188626860014,
    "angle_final": -0.13071188626860014,
    "delta": 0.25,
    "agent": "only_traj",
    "steer_traj": -0.25625370574326495,
    "throttle_traj": 0.75,
    "brake_traj": 0.0,
    "plan": [
        [
            -0.7273876667022705,
            4.308592319488525
        ],
        [
            -2.0342321395874023,
            8.220717430114746
        ],
        [
            -3.526918411254883,
            12.040273666381836
        ],
        [
            -6.299178123474121,
            15.261473655700684
        ],
        [
            -8.559804916381836,
            18.430267333984375
        ],
        [
            -10.68437385559082,
            21.573532104492188
        ]
    ],
    "command": 0,
    "all_plan": [
        [
            [
                -0.7273876667022705,
                4.308592319488525
            ],
            [
                -2.0342321395874023,
                8.220717430114746
            ],
            [
                -3.526918411254883,
                12.040273666381836
            ],
            [
                -6.299178123474121,
                15.261473655700684
            ],
            [
                -8.559804916381836,
                18.430267333984375
            ],
            [
                -10.68437385559082,
                21.573532104492188
            ]
        ],
        [
            [
                -0.8084841966629028,
                4.331114292144775
            ],
            [
                -2.209132194519043,
                8.322575569152832
            ],
            [
                -3.7523698806762695,
                12.19918155670166
            ],
            [
                -6.584250450134277,
                15.468729019165039
            ],
            [
                -8.877344131469727,
                18.730173110961914
            ],
            [
                -11.038533210754395,
                21.960880279541016
            ]
        ],
        [
            [
                -0.8127976655960083,
                4.431994915008545
            ],
            [
                -2.1727969646453857,
                8.496100425720215
            ],
            [
                -3.6915223598480225,
                12.53913402557373
            ],
            [
                -6.2727742195129395,
                16.1346435546875
            ],
            [
                -8.364601135253906,
                19.67865753173828
            ],
            [
                -10.413091659545898,
                23.152179718017578
            ]
        ],
        [
            [
                -0.9058060050010681,
                4.277977466583252
            ],
            [
                -2.353675365447998,
                8.161615371704102
            ],
            [
                -3.930114507675171,
                12.02065372467041
            ],
            [
                -6.585390567779541,
                15.332645416259766
            ],
            [
                -8.720518112182617,
                18.592750549316406
            ],
            [
                -10.831955909729004,
                21.873809814453125
            ]
        ],
        [
            [
                -0.8246042728424072,
                4.399477481842041
            ],
            [
                -2.208146095275879,
                8.466615676879883
            ],
            [
                -3.7576041221618652,
                12.497212409973145
            ],
            [
                -6.484117031097412,
                16.023582458496094
            ],
            [
                -8.673792839050293,
                19.499080657958984
            ],
            [
                -10.777170181274414,
                22.900651931762695
            ]
        ],
        [
            [
                -0.6977509260177612,
                4.361910343170166
            ],
            [
                -1.974844217300415,
                8.373224258422852
            ],
            [
                -3.419276714324951,
                12.233095169067383
            ],
            [
                -6.165715217590332,
                15.49692440032959
            ],
            [
                -8.411273956298828,
                18.728445053100586
            ],
            [
                -10.500720024108887,
                21.88227653503418
            ]
        ]
    ],
    "tl_trigger": 5.603712338597688e-07,
    "tl_status": 0
}