{
    "speed": 7.572267531710208,
    "steer": -0.026886384934186935,
    "throttle": 0.0,
    "brake": 0.0,
    "wp_6": [
        0.0932256281375885,
        21.934736251831055
    ],
    "wp_5": [
        0.07934034615755081,
        19.0321044921875
    ],
    "wp_4": [
        0.08860698342323303,
        15.631857872009277
    ],
    "wp_3": [
        0.13790185749530792,
        11.837625503540039
    ],
    "wp_2": [
        0.12562663853168488,
        7.980218887329102
    ],
    "wp_1": [
        0.08747909218072891,
        4.00113582611084
    ],
    "aim": [
        0.08860698342323303,
        15.631857872009277
    ],
    "target": [
        -0.24214924236559657,
        13.958718714836442
    ],
    "desired_speed": 7.173667526245119,
    "angle": 0.0036085887839548783,
    "angle_last": 0.003045401741391938,
    "angle_target": -0.011042670725237444,
    "angle_final": 0.0036085887839548783,
    "delta": 0.0,
    "agent": "only_traj",
    "steer_traj": -0.02688638558928401,
    "throttle_traj": 0.0,
    "brake_traj": 0.0,
    "plan": [
        [
            0.08747909218072891,
            4.00113582611084
        ],
        [
            0.12562663853168488,
            7.980218887329102
        ],
        [
            0.13790185749530792,
            11.837625503540039
        ],
        [
            0.08860698342323303,
            15.631857872009277
        ],
        [
            0.07934034615755081,
            19.0321044921875
        ],
        [
            0.0932256281375885,
            21.934736251831055
        ]
    ],
    "command": 3,
    "all_plan": [
        [
            [
                0.15639753639698029,
                3.92050838470459
            ],
            [
                0.21796610951423645,
                7.844903469085693
            ],
            [
                0.24407066404819489,
                11.589177131652832
            ],
            [
                0.08826032280921936,
                15.218902587890625
            ],
            [
                0.041199155151844025,
                18.661684036254883
            ],
            [
                0.03559806942939758,
                21.843788146972656
            ]
        ],
        [
            [
                0.16021141409873962,
                3.898827075958252
            ],
            [
                0.24057438969612122,
                7.806191444396973
            ],
            [
                0.2883284389972687,
                11.527366638183594
            ],
            [
                0.17096355557441711,
                15.174972534179688
            ],
            [
                0.16344988346099854,
                18.636940002441406
            ],
            [
                0.20887091755867004,
                21.822341918945312
            ]
        ],
        [
            [
                0.10266800969839096,
                4.085899353027344
            ],
            [
                0.14885538816452026,
                8.198912620544434
            ],
            [
                0.17867006361484528,
                12.185212135314941
            ],
            [
                0.10366152971982956,
                16.12323760986328
            ],
            [
                0.10386869311332703,
                19.954092025756836
            ],
            [
                0.12289946526288986,
                23.58603858947754
            ]
        ],
        [
            [
                0.08747909218072891,
                4.00113582611084
            ],
            [
                0.12562663853168488,
                7.980218887329102
            ],
            [
                0.13790185749530792,
                11.837625503540039
            ],
            [
                0.08860698342323303,
                15.631857872009277
            ],
            [
                0.07934034615755081,
                19.0321044921875
            ],
            [
                0.0932256281375885,
                21.934736251831055
            ]
        ],
        [
            [
                0.1121058240532875,
                4.018405914306641
            ],
            [
                0.14905008673667908,
                8.057075500488281
            ],
            [
                0.16034570336341858,
                11.940423011779785
            ],
            [
                0.048561908304691315,
                15.75185775756836
            ],
            [
                0.009324803948402405,
                19.404220581054688
            ],
            [
                -0.005332788452506065,
                22.805927276611328
            ]
        ],
        [
            [
                0.17163529992103577,
                3.8237857818603516
            ],
            [
                0.25992125272750854,
                7.642550468444824
            ],
            [
                0.3145635724067688,
                11.288366317749023
            ],
            [
                0.18528680503368378,
                14.8585844039917
            ],
            [
                0.183066263794899,
                18.28624725341797
            ],
            [
                0.23682335019111633,
                21.47504425048828
            ]
        ]
    ],
    "tl_trigger": 5.577555270974699e-07,
    "tl_status": 0
}