{
    "speed": 1.6310165139371087,
    "steer": -0.008334985934197903,
    "throttle": 0.04179038852453232,
    "brake": 0.0,
    "wp_6": [
        -0.1482665240764618,
        6.548408508300781
    ],
    "wp_5": [
        -0.07905096560716629,
        6.032505512237549
    ],
    "wp_4": [
        -0.08853544294834137,
        5.777733325958252
    ],
    "wp_3": [
        -0.026780536398291588,
        5.316349983215332
    ],
    "wp_2": [
        -0.028704285621643066,
        4.338230133056641
    ],
    "wp_1": [
        -0.012890875339508057,
        2.526493549346924
    ],
    "aim": [
        -0.08853544294834137,
        5.777733325958252
    ],
    "target": [
        -0.8368868174084781,
        17.663853829716306
    ],
    "desired_speed": 1.6123597145080568,
    "angle": -0.009754524545193512,
    "angle_last": -0.0849043639071758,
    "angle_target": -0.030139548805385108,
    "angle_final": -0.009754524545193512,
    "delta": 0.0,
    "agent": "only_traj",
    "steer_traj": -0.008334985616857457,
    "throttle_traj": 0.04179038896447381,
    "brake_traj": 0.0,
    "plan": [
        [
            -0.012890875339508057,
            2.526493549346924
        ],
        [
            -0.028704285621643066,
            4.338230133056641
        ],
        [
            -0.026780536398291588,
            5.316349983215332
        ],
        [
            -0.08853544294834137,
            5.777733325958252
        ],
        [
            -0.07905096560716629,
            6.032505512237549
        ],
        [
            -0.1482665240764618,
            6.548408508300781
        ]
    ],
    "command": 3,
    "all_plan": [
        [
            [
                0.037509486079216,
                2.5672779083251953
            ],
            [
                0.03364437818527222,
                4.879914283752441
            ],
            [
                0.043173953890800476,
                6.6093363761901855
            ],
            [
                -0.06962428241968155,
                7.588651180267334
            ],
            [
                -0.08993184566497803,
                7.932044982910156
            ],
            [
                -0.16675785183906555,
                8.323863983154297
            ]
        ],
        [
            [
                0.03670351952314377,
                2.440253257751465
            ],
            [
                0.03394440561532974,
                4.655215263366699
            ],
            [
                0.05059458315372467,
                6.330844402313232
            ],
            [
                -0.044690392911434174,
                7.292924880981445
            ],
            [
                -0.05238157510757446,
                7.648294448852539
            ],
            [
                -0.10163811594247818,
                8.009175300598145
            ]
        ],
        [
            [
                0.007187090814113617,
                2.675421714782715
            ],
            [
                -0.01032675988972187,
                5.031805515289307
            ],
            [
                -0.0014866068959236145,
                6.631258010864258
            ],
            [
                -0.05138787254691124,
                7.327930927276611
            ],
            [
                -0.0472496822476387,
                7.410584449768066
            ],
            [
                -0.09947043657302856,
                7.67390775680542
            ]
        ],
        [
            [
                -0.012890875339508057,
                2.526493549346924
            ],
            [
                -0.028704285621643066,
                4.338230133056641
            ],
            [
                -0.026780536398291588,
                5.316349983215332
            ],
            [
                -0.08853544294834137,
                5.777733325958252
            ],
            [
                -0.07905096560716629,
                6.032505512237549
            ],
            [
                -0.1482665240764618,
                6.548408508300781
            ]
        ],
        [
            [
                -0.00691879540681839,
                2.6318306922912598
            ],
            [
                -0.037254489958286285,
                5.108919620513916
            ],
            [
                -0.03299819305539131,
                6.926551818847656
            ],
            [
                -0.08074361830949783,
                7.7930402755737305
            ],
            [
                -0.09404024481773376,
                7.914710998535156
            ],
            [
                -0.1752389371395111,
                8.146696090698242
            ]
        ],
        [
            [
                0.03809799253940582,
                2.339547634124756
            ],
            [
                0.026416944339871407,
                4.599063873291016
            ],
            [
                0.030760716646909714,
                6.44150447845459
            ],
            [
                -0.07721301913261414,
                7.593713760375977
            ],
            [
                -0.10905184596776962,
                8.055710792541504
            ],
            [
                -0.18217149376869202,
                8.417017936706543
            ]
        ]
    ],
    "tl_trigger": 0.9999973773956299,
    "tl_status": 0
}