{
    "speed": 0.09048580510314662,
    "steer": -0.011460285633802414,
    "throttle": 0.75,
    "brake": 0.0,
    "wp_6": [
        -0.2069368064403534,
        7.993036270141602
    ],
    "wp_5": [
        -0.12607441842556,
        6.004042625427246
    ],
    "wp_4": [
        -0.06770075112581253,
        4.063264846801758
    ],
    "wp_3": [
        -0.03770776465535164,
        2.3795061111450195
    ],
    "wp_2": [
        -0.001198464073240757,
        1.1814147233963013
    ],
    "wp_1": [
        0.003379460424184799,
        0.4257010519504547
    ],
    "aim": [
        -0.06770075112581253,
        4.063264846801758
    ],
    "target": [
        0.6870133418550444,
        13.317189822366238
    ],
    "desired_speed": 3.028277277946472,
    "angle": -0.010606173243703325,
    "angle_last": -0.02586747203418904,
    "angle_target": 0.03281314630015446,
    "angle_final": -0.010606173243703325,
    "delta": 0.25,
    "agent": "only_traj",
    "steer_traj": -0.011460285944253058,
    "throttle_traj": 0.75,
    "brake_traj": 0.0,
    "plan": [
        [
            0.003379460424184799,
            0.4257010519504547
        ],
        [
            -0.001198464073240757,
            1.1814147233963013
        ],
        [
            -0.03770776465535164,
            2.3795061111450195
        ],
        [
            -0.06770075112581253,
            4.063264846801758
        ],
        [
            -0.12607441842556,
            6.004042625427246
        ],
        [
            -0.2069368064403534,
            7.993036270141602
        ]
    ],
    "command": 3,
    "all_plan": [
        [
            [
                0.005415510386228561,
                0.26696068048477173
            ],
            [
                0.024209463968873024,
                0.7878299355506897
            ],
            [
                0.036591142416000366,
                1.7018846273422241
            ],
            [
                -0.0023744218051433563,
                3.0642457008361816
            ],
            [
                0.02443159930408001,
                4.674033164978027
            ],
            [
                0.0485403947532177,
                6.327997207641602
            ]
        ],
        [
            [
                0.0019305181922391057,
                0.23739689588546753
            ],
            [
                0.015579860657453537,
                0.7418000102043152
            ],
            [
                0.019351128488779068,
                1.655479907989502
            ],
            [
                -0.004657357931137085,
                3.0165822505950928
            ],
            [
                0.009122835472226143,
                4.642371654510498
            ],
            [
                0.005934729706496,
                6.318252086639404
            ]
        ],
        [
            [
                0.0028524696826934814,
                0.3721736669540405
            ],
            [
                0.004116851836442947,
                1.1221582889556885
            ],
            [
                -0.024149606004357338,
                2.3526933193206787
            ],
            [
                -0.05787630379199982,
                4.092606544494629
            ],
            [
                -0.09581858664751053,
                6.097217082977295
            ],
            [
                -0.15740801393985748,
                8.154431343078613
            ]
        ],
        [
            [
                0.003379460424184799,
                0.4257010519504547
            ],
            [
                -0.001198464073240757,
                1.1814147233963013
            ],
            [
                -0.03770776465535164,
                2.3795061111450195
            ],
            [
                -0.06770075112581253,
                4.063264846801758
            ],
            [
                -0.12607441842556,
                6.004042625427246
            ],
            [
                -0.2069368064403534,
                7.993036270141602
            ]
        ],
        [
            [
                -0.006407506763935089,
                0.3915514051914215
            ],
            [
                -0.0022517479956150055,
                1.1345669031143188
            ],
            [
                -0.017386356368660927,
                2.2994956970214844
            ],
            [
                -0.05729401856660843,
                3.9506149291992188
            ],
            [
                -0.06712226569652557,
                5.825906753540039
            ],
            [
                -0.11503040045499802,
                7.7158098220825195
            ]
        ],
        [
            [
                -0.00037812988739460707,
                0.17529664933681488
            ],
            [
                0.013319648802280426,
                0.6480553150177002
            ],
            [
                0.025271059945225716,
                1.5447982549667358
            ],
            [
                0.01911315880715847,
                2.8451595306396484
            ],
            [
                0.04697822406888008,
                4.38970422744751
            ],
            [
                0.05805233120918274,
                6.021981239318848
            ]
        ]
    ],
    "tl_trigger": 0.9999958276748657,
    "tl_status": 2
}