{
    "speed": 6.948136947896826,
    "steer": 0.019327344372868538,
    "throttle": 0.75,
    "brake": 0.0,
    "wp_6": [
        1.1794204711914062,
        22.827110290527344
    ],
    "wp_5": [
        0.904281735420227,
        19.13762092590332
    ],
    "wp_4": [
        0.6709893345832825,
        15.269591331481934
    ],
    "wp_3": [
        0.5730621218681335,
        11.343790054321289
    ],
    "wp_2": [
        0.3563944697380066,
        7.511236190795898
    ],
    "wp_1": [
        0.16208632290363312,
        3.661104202270508
    ],
    "aim": [
        0.6709893345832825,
        15.269591331481934
    ],
    "target": [
        -0.6213066524243975,
        5.6848700523457385
    ],
    "desired_speed": 7.6782081604003904,
    "angle": 0.02795692302820711,
    "angle_last": 0.04738736928806861,
    "angle_target": -0.06930192764167732,
    "angle_final": 0.02795692302820711,
    "delta": 0.25,
    "agent": "only_traj",
    "steer_traj": 0.019327344527754562,
    "throttle_traj": 0.75,
    "brake_traj": 0.0,
    "plan": [
        [
            0.16208632290363312,
            3.661104202270508
        ],
        [
            0.3563944697380066,
            7.511236190795898
        ],
        [
            0.5730621218681335,
            11.343790054321289
        ],
        [
            0.6709893345832825,
            15.269591331481934
        ],
        [
            0.904281735420227,
            19.13762092590332
        ],
        [
            1.1794204711914062,
            22.827110290527344
        ]
    ],
    "command": 2,
    "all_plan": [
        [
            [
                0.21017035841941833,
                3.311237335205078
            ],
            [
                0.41336095333099365,
                6.819370269775391
            ],
            [
                0.6194987297058105,
                10.326358795166016
            ],
            [
                0.60751873254776,
                13.896672248840332
            ],
            [
                0.7888005971908569,
                17.429933547973633
            ],
            [
                1.0345778465270996,
                20.801252365112305
            ]
        ],
        [
            [
                0.23602470755577087,
                3.4203481674194336
            ],
            [
                0.48719096183776855,
                6.978270530700684
            ],
            [
                0.7580691576004028,
                10.502721786499023
            ],
            [
                0.7916441559791565,
                14.08062744140625
            ],
            [
                1.043177843093872,
                17.631147384643555
            ],
            [
                1.35368013381958,
                21.023374557495117
            ]
        ],
        [
            [
                0.16208632290363312,
                3.661104202270508
            ],
            [
                0.3563944697380066,
                7.511236190795898
            ],
            [
                0.5730621218681335,
                11.343790054321289
            ],
            [
                0.6709893345832825,
                15.269591331481934
            ],
            [
                0.904281735420227,
                19.13762092590332
            ],
            [
                1.1794204711914062,
                22.827110290527344
            ]
        ],
        [
            [
                0.12351355701684952,
                3.3077850341796875
            ],
            [
                0.2668808698654175,
                6.84309196472168
            ],
            [
                0.4244983196258545,
                10.394779205322266
            ],
            [
                0.4873768985271454,
                14.044437408447266
            ],
            [
                0.6590865254402161,
                17.634674072265625
            ],
            [
                0.87159663438797,
                21.049150466918945
            ]
        ],
        [
            [
                0.13936714828014374,
                3.498257637023926
            ],
            [
                0.28728365898132324,
                7.177288055419922
            ],
            [
                0.4505390226840973,
                10.857369422912598
            ],
            [
                0.49089503288269043,
                14.604781150817871
            ],
            [
                0.6465610861778259,
                18.311634063720703
            ],
            [
                0.830786943435669,
                21.85295867919922
            ]
        ],
        [
            [
                0.2578083574771881,
                3.4637393951416016
            ],
            [
                0.4995488226413727,
                7.017119407653809
            ],
            [
                0.7528036236763,
                10.521747589111328
            ],
            [
                0.7178297638893127,
                13.965518951416016
            ],
            [
                0.924613356590271,
                17.370067596435547
            ],
            [
                1.1816489696502686,
                20.676471710205078
            ]
        ]
    ],
    "tl_trigger": 4.32880199241481e-07,
    "tl_status": 0
}