{
    "speed": 3.4506170367330786,
    "steer": -0.003714956110343337,
    "throttle": 0.75,
    "brake": 0.0,
    "wp_6": [
        -0.08546805381774902,
        12.607858657836914
    ],
    "wp_5": [
        -0.04382949322462082,
        11.091292381286621
    ],
    "wp_4": [
        -0.03928273543715477,
        9.192411422729492
    ],
    "wp_3": [
        -0.07049942761659622,
        6.926021575927734
    ],
    "wp_2": [
        -0.04940566420555115,
        4.738556861877441
    ],
    "wp_1": [
        -0.03496666997671127,
        2.401813507080078
    ],
    "aim": [
        -0.03928273543715477,
        9.192411422729492
    ],
    "target": [
        0.6988074661120982,
        9.736913428965313
    ],
    "desired_speed": 4.082793331146241,
    "angle": -0.0027204921739512706,
    "angle_last": -0.01747453558207737,
    "angle_target": 0.04561129036945022,
    "angle_final": -0.0027204921739512706,
    "delta": 0.25,
    "agent": "only_traj",
    "steer_traj": -0.0037149560176633354,
    "throttle_traj": 0.75,
    "brake_traj": 0.0,
    "plan": [
        [
            -0.03496666997671127,
            2.401813507080078
        ],
        [
            -0.04940566420555115,
            4.738556861877441
        ],
        [
            -0.07049942761659622,
            6.926021575927734
        ],
        [
            -0.03928273543715477,
            9.192411422729492
        ],
        [
            -0.04382949322462082,
            11.091292381286621
        ],
        [
            -0.08546805381774902,
            12.607858657836914
        ]
    ],
    "command": 3,
    "all_plan": [
        [
            [
                -0.01905905455350876,
                2.5832161903381348
            ],
            [
                -0.031071750447154045,
                4.925579071044922
            ],
            [
                -0.042360369116067886,
                6.9371819496154785
            ],
            [
                -0.021266959607601166,
                8.895096778869629
            ],
            [
                -0.030202465131878853,
                10.596961975097656
            ],
            [
                -0.06282245367765427,
                12.05655288696289
            ]
        ],
        [
            [
                -0.022378595545887947,
                2.451010227203369
            ],
            [
                -0.030736498534679413,
                4.785794258117676
            ],
            [
                -0.03540045768022537,
                6.941374778747559
            ],
            [
                0.015041042119264603,
                9.117326736450195
            ],
            [
                0.02550833858549595,
                10.966451644897461
            ],
            [
                0.02719729021191597,
                12.446847915649414
            ]
        ],
        [
            [
                -0.04728114604949951,
                2.62021541595459
            ],
            [
                -0.07250126451253891,
                5.236746788024902
            ],
            [
                -0.10525419563055038,
                7.744926452636719
            ],
            [
                -0.039588794112205505,
                10.358219146728516
            ],
            [
                -0.05624429136514664,
                12.511021614074707
            ],
            [
                -0.0960940271615982,
                14.112613677978516
            ]
        ],
        [
            [
                -0.03496666997671127,
                2.401813507080078
            ],
            [
                -0.04940566420555115,
                4.738556861877441
            ],
            [
                -0.07049942761659622,
                6.926021575927734
            ],
            [
                -0.03928273543715477,
                9.192411422729492
            ],
            [
                -0.04382949322462082,
                11.091292381286621
            ],
            [
                -0.08546805381774902,
                12.607858657836914
            ]
        ],
        [
            [
                -0.04791489616036415,
                2.6360392570495605
            ],
            [
                -0.09057220816612244,
                5.213404655456543
            ],
            [
                -0.1440383791923523,
                7.7200469970703125
            ],
            [
                -0.14916005730628967,
                10.316216468811035
            ],
            [
                -0.22716814279556274,
                12.425089836120605
            ],
            [
                -0.3105524778366089,
                13.872830390930176
            ]
        ],
        [
            [
                -0.005002286285161972,
                2.4013500213623047
            ],
            [
                -0.006645249202847481,
                4.697744369506836
            ],
            [
                -0.013170681893825531,
                6.821338176727295
            ],
            [
                0.026908133178949356,
                8.949539184570312
            ],
            [
                0.04237053543329239,
                10.746363639831543
            ],
            [
                0.06618821620941162,
                12.17023754119873
            ]
        ]
    ],
    "tl_trigger": 6.791441933273745e-07,
    "tl_status": 0
}