{
    "speed": 9.19826353674179,
    "steer": 0.14114369451999664,
    "throttle": 0.06039310619235039,
    "brake": 0.0,
    "wp_6": [
        8.092100143432617,
        26.484539031982422
    ],
    "wp_5": [
        6.898133277893066,
        22.32377052307129
    ],
    "wp_4": [
        5.640597343444824,
        18.190689086914062
    ],
    "wp_3": [
        4.916011333465576,
        13.549154281616211
    ],
    "wp_2": [
        3.329892873764038,
        9.423481941223145
    ],
    "wp_1": [
        1.5751672983169556,
        4.888272762298584
    ],
    "aim": [
        5.640597343444824,
        18.190689086914062
    ],
    "target": [
        0.4365558356811574,
        11.804478078448776
    ],
    "desired_speed": 9.051798439025879,
    "angle": 0.19141890751972174,
    "angle_last": 0.1779029497351466,
    "angle_target": 0.023532889502542936,
    "angle_final": 0.023532889502542936,
    "delta": 0.0,
    "agent": "only_traj",
    "steer_traj": 0.14114369784855849,
    "throttle_traj": 0.060393107431858176,
    "brake_traj": 0.0,
    "plan": [
        [
            1.5751672983169556,
            4.888272762298584
        ],
        [
            3.329892873764038,
            9.423481941223145
        ],
        [
            4.916011333465576,
            13.549154281616211
        ],
        [
            5.640597343444824,
            18.190689086914062
        ],
        [
            6.898133277893066,
            22.32377052307129
        ],
        [
            8.092100143432617,
            26.484539031982422
        ]
    ],
    "command": 1,
    "all_plan": [
        [
            [
                1.3265069723129272,
                5.107151508331299
            ],
            [
                2.701040506362915,
                9.778097152709961
            ],
            [
                3.825866937637329,
                13.919758796691895
            ],
            [
                4.286431789398193,
                18.22665786743164
            ],
            [
                4.951103210449219,
                22.05017852783203
            ],
            [
                5.574277877807617,
                25.7480411529541
            ]
        ],
        [
            [
                1.5751672983169556,
                4.888272762298584
            ],
            [
                3.329892873764038,
                9.423481941223145
            ],
            [
                4.916011333465576,
                13.549154281616211
            ],
            [
                5.640597343444824,
                18.190689086914062
            ],
            [
                6.898133277893066,
                22.32377052307129
            ],
            [
                8.092100143432617,
                26.484539031982422
            ]
        ],
        [
            [
                1.2845180034637451,
                4.964284896850586
            ],
            [
                2.7769742012023926,
                9.799513816833496
            ],
            [
                4.168996810913086,
                14.308578491210938
            ],
            [
                5.009203910827637,
                19.169809341430664
            ],
            [
                6.197676658630371,
                23.615371704101562
            ],
            [
                7.379462242126465,
                28.03185272216797
            ]
        ],
        [
            [
                1.230498194694519,
                4.726437568664551
            ],
            [
                2.7074499130249023,
                9.25739574432373
            ],
            [
                4.151032447814941,
                13.419594764709473
            ],
            [
                5.083933353424072,
                17.922582626342773
            ],
            [
                6.442694187164307,
                21.93254280090332
            ],
            [
                7.8093743324279785,
                25.919458389282227
            ]
        ],
        [
            [
                1.4115419387817383,
                5.077563762664795
            ],
            [
                2.9769270420074463,
                9.955987930297852
            ],
            [
                4.384413719177246,
                14.480274200439453
            ],
            [
                5.082473278045654,
                19.38516616821289
            ],
            [
                6.17922306060791,
                23.86134147644043
            ],
            [
                7.260955810546875,
                28.318525314331055
            ]
        ],
        [
            [
                1.4892934560775757,
                4.863078594207764
            ],
            [
                3.1266865730285645,
                9.387247085571289
            ],
            [
                4.5750412940979,
                13.484737396240234
            ],
            [
                5.238979816436768,
                18.0074405670166
            ],
            [
                6.33396053314209,
                22.026409149169922
            ],
            [
                7.370790481567383,
                26.028697967529297
            ]
        ]
    ],
    "tl_trigger": 3.758590594316047e-07,
    "tl_status": 0
}