{
    "speed": 4.597281078927088,
    "steer": 0.1711038202047348,
    "throttle": 0.75,
    "brake": 0.0,
    "wp_6": [
        4.662972927093506,
        21.300128936767578
    ],
    "wp_5": [
        3.818202018737793,
        17.7145938873291
    ],
    "wp_4": [
        3.060570240020752,
        14.10211181640625
    ],
    "wp_3": [
        3.1118812561035156,
        10.288230895996094
    ],
    "wp_2": [
        2.139025926589966,
        7.00392484664917
    ],
    "wp_1": [
        1.044080376625061,
        3.538301467895508
    ],
    "aim": [
        3.060570240020752,
        14.10211181640625
    ],
    "target": [
        6.452172833038578,
        28.355648884313435
    ],
    "desired_speed": 7.299541091918945,
    "angle": 0.13605513960038626,
    "angle_last": 0.14730453705438804,
    "angle_target": 0.1424341502416381,
    "angle_final": 0.13605513960038626,
    "delta": 0.25,
    "agent": "only_traj",
    "steer_traj": 0.17110381596569976,
    "throttle_traj": 0.75,
    "brake_traj": 0.0,
    "plan": [
        [
            1.044080376625061,
            3.538301467895508
        ],
        [
            2.139025926589966,
            7.00392484664917
        ],
        [
            3.1118812561035156,
            10.288230895996094
        ],
        [
            3.060570240020752,
            14.10211181640625
        ],
        [
            3.818202018737793,
            17.7145938873291
        ],
        [
            4.662972927093506,
            21.300128936767578
        ]
    ],
    "command": 3,
    "all_plan": [
        [
            [
                1.1227116584777832,
                3.5390625
            ],
            [
                2.263427495956421,
                6.981301307678223
            ],
            [
                3.2553577423095703,
                10.24612045288086
            ],
            [
                3.069910764694214,
                14.100101470947266
            ],
            [
                3.7807745933532715,
                17.718708038330078
            ],
            [
                4.588067531585693,
                21.29780387878418
            ]
        ],
        [
            [
                1.13223135471344,
                3.5082712173461914
            ],
            [
                2.3244471549987793,
                6.914008140563965
            ],
            [
                3.3727211952209473,
                10.130611419677734
            ],
            [
                3.3105931282043457,
                13.942721366882324
            ],
            [
                4.095973968505859,
                17.52650260925293
            ],
            [
                4.950500965118408,
                21.0833740234375
            ]
        ],
        [
            [
                1.0342832803726196,
                3.6551570892333984
            ],
            [
                2.1516690254211426,
                7.289711952209473
            ],
            [
                3.1485538482666016,
                10.747943878173828
            ],
            [
                3.216581344604492,
                14.726140975952148
            ],
            [
                4.007483959197998,
                18.47918701171875
            ],
            [
                4.865367889404297,
                22.18694496154785
            ]
        ],
        [
            [
                1.044080376625061,
                3.538301467895508
            ],
            [
                2.139025926589966,
                7.00392484664917
            ],
            [
                3.1118812561035156,
                10.288230895996094
            ],
            [
                3.060570240020752,
                14.10211181640625
            ],
            [
                3.818202018737793,
                17.7145938873291
            ],
            [
                4.662972927093506,
                21.300128936767578
            ]
        ],
        [
            [
                1.0698649883270264,
                3.612776756286621
            ],
            [
                2.2074828147888184,
                7.158575057983398
            ],
            [
                3.2131593227386475,
                10.51671314239502
            ],
            [
                3.21416974067688,
                14.40871524810791
            ],
            [
                3.985883951187134,
                18.070755004882812
            ],
            [
                4.823248386383057,
                21.693622589111328
            ]
        ],
        [
            [
                1.133191704750061,
                3.527994155883789
            ],
            [
                2.293733835220337,
                7.020501613616943
            ],
            [
                3.3039820194244385,
                10.337724685668945
            ],
            [
                3.1518125534057617,
                14.141531944274902
            ],
            [
                3.8802027702331543,
                17.59629249572754
            ],
            [
                4.678343772888184,
                21.044849395751953
            ]
        ]
    ],
    "tl_trigger": 5.031699288338132e-07,
    "tl_status": 0
}