{
    "speed": 2.357320086957527e-08,
    "steer": 0.0056470721028745174,
    "throttle": 0.0,
    "brake": 1.0,
    "wp_6": [
        -0.004956855904310942,
        0.13727381825447083
    ],
    "wp_5": [
        -0.0011433265171945095,
        0.07239125669002533
    ],
    "wp_4": [
        -0.0004245210438966751,
        0.02107158489525318
    ],
    "wp_3": [
        0.002373622264713049,
        -0.02029319666326046
    ],
    "wp_2": [
        0.0011044059647247195,
        -0.041836537420749664
    ],
    "wp_1": [
        0.001872655819170177,
        -0.03386080265045166
    ],
    "aim": [
        -0.0004245210438966751,
        0.02107158489525318
    ],
    "target": [
        0.22785765448996687,
        17.22035030565303
    ],
    "desired_speed": 0.07494876123964786,
    "angle": -0.012824011558197245,
    "angle_last": -0.037374898856835745,
    "angle_target": 0.008423186560770604,
    "angle_final": 0.008423186560770604,
    "delta": 0.074948737666447,
    "agent": "only_traj",
    "steer_traj": 0.005647072270977481,
    "throttle_traj": 0.0,
    "brake_traj": 1.0,
    "plan": [
        [
            0.001872655819170177,
            -0.03386080265045166
        ],
        [
            0.0011044059647247195,
            -0.041836537420749664
        ],
        [
            0.002373622264713049,
            -0.02029319666326046
        ],
        [
            -0.0004245210438966751,
            0.02107158489525318
        ],
        [
            -0.0011433265171945095,
            0.07239125669002533
        ],
        [
            -0.004956855904310942,
            0.13727381825447083
        ]
    ],
    "command": 3,
    "all_plan": [
        [
            [
                0.0018642005743458867,
                0.0018537640571594238
            ],
            [
                0.0002833345206454396,
                0.004902109503746033
            ],
            [
                0.000939000048674643,
                0.003176342695951462
            ],
            [
                -0.00019079900812357664,
                0.006077904254198074
            ],
            [
                -0.0002762448275461793,
                0.006853573024272919
            ],
            [
                -0.0004640930565074086,
                0.012994669377803802
            ]
        ],
        [
            [
                0.001831008237786591,
                0.004038870334625244
            ],
            [
                0.00016989943105727434,
                0.007513090968132019
            ],
            [
                0.0007788125658407807,
                0.006044667214155197
            ],
            [
                -0.00025643862318247557,
                0.00849233940243721
            ],
            [
                -0.0003644410753622651,
                0.009717129170894623
            ],
            [
                -0.0006177426548674703,
                0.017232708632946014
            ]
        ],
        [
            [
                0.0019344795728102326,
                -0.008379876613616943
            ],
            [
                0.0004685512976720929,
                -0.008057430386543274
            ],
            [
                0.0015582024352625012,
                -0.0070668794214725494
            ],
            [
                -0.00022801419254392385,
                0.0007442645728588104
            ],
            [
                -0.0003185212844982743,
                0.005620434880256653
            ],
            [
                -0.0009520911844447255,
                0.016338303685188293
            ]
        ],
        [
            [
                0.001872655819170177,
                -0.03386080265045166
            ],
            [
                0.0011044059647247195,
                -0.041836537420749664
            ],
            [
                0.002373622264713049,
                -0.02029319666326046
            ],
            [
                -0.0004245210438966751,
                0.02107158489525318
            ],
            [
                -0.0011433265171945095,
                0.07239125669002533
            ],
            [
                -0.004956855904310942,
                0.13727381825447083
            ]
        ],
        [
            [
                0.0017230008961632848,
                -0.06720191240310669
            ],
            [
                -0.0009672361193224788,
                -0.08783234655857086
            ],
            [
                0.004170646425336599,
                -0.042892683297395706
            ],
            [
                -0.002932119183242321,
                0.013253588229417801
            ],
            [
                -0.0038516183849424124,
                0.08652661740779877
            ],
            [
                -0.012482792139053345,
                0.203135147690773
            ]
        ],
        [
            [
                0.0017994755180552602,
                0.0061147212982177734
            ],
            [
                6.213609594851732e-05,
                0.009993523359298706
            ],
            [
                0.0006266344571486115,
                0.008769575506448746
            ],
            [
                -0.00031879625748842955,
                0.010786052793264389
            ],
            [
                -0.00044822751078754663,
                0.012437507510185242
            ],
            [
                -0.0007637097733095288,
                0.021258845925331116
            ]
        ]
    ],
    "tl_trigger": 7.263370207510889e-07,
    "tl_status": 0
}