{
    "speed": 3.256771867928981e-09,
    "steer": 0.0065338341519236565,
    "throttle": 0.0,
    "brake": 1.0,
    "wp_6": [
        -0.00022593617904931307,
        0.006425708532333374
    ],
    "wp_5": [
        -0.00013954064343124628,
        0.0024150609970092773
    ],
    "wp_4": [
        -8.90576047822833e-05,
        0.002335529774427414
    ],
    "wp_3": [
        0.0011872906470671296,
        -0.001269560307264328
    ],
    "wp_2": [
        0.0004591589095070958,
        0.0008550882339477539
    ],
    "wp_1": [
        0.001915648696012795,
        -0.0015331506729125977
    ],
    "aim": [
        -8.90576047822833e-05,
        0.002335529774427414
    ],
    "target": [
        0.21844939985226086,
        16.92575956904723
    ],
    "desired_speed": 0.005189368824358099,
    "angle": -0.02426359183508849,
    "angle_last": -0.013711632586335789,
    "angle_target": 0.008215967246458943,
    "angle_final": 0.008215967246458943,
    "delta": 0.005189365567586231,
    "agent": "only_traj",
    "steer_traj": 0.006533833956859841,
    "throttle_traj": 0.0,
    "brake_traj": 1.0,
    "plan": [
        [
            0.001915648696012795,
            -0.0015331506729125977
        ],
        [
            0.0004591589095070958,
            0.0008550882339477539
        ],
        [
            0.0011872906470671296,
            -0.001269560307264328
        ],
        [
            -8.90576047822833e-05,
            0.002335529774427414
        ],
        [
            -0.00013954064343124628,
            0.0024150609970092773
        ],
        [
            -0.00022593617904931307,
            0.006425708532333374
        ]
    ],
    "command": 3,
    "all_plan": [
        [
            [
                0.0019720755517482758,
                -0.005247831344604492
            ],
            [
                0.000651998445391655,
                -0.003583580255508423
            ],
            [
                0.0014596092514693737,
                -0.006145711988210678
            ],
            [
                2.252962440252304e-05,
                -0.0017690099775791168
            ],
            [
                1.0392861440777779e-05,
                -0.0024529844522476196
            ],
            [
                3.52680217474699e-05,
                -0.0007789582014083862
            ]
        ],
        [
            [
                0.0019953101873397827,
                -0.006777405738830566
            ],
            [
                0.0007314030081033707,
                -0.005411267280578613
            ],
            [
                0.0015717404894530773,
                -0.008153539150953293
            ],
            [
                6.847735494375229e-05,
                -0.003459114581346512
            ],
            [
                7.213023491203785e-05,
                -0.0044574737548828125
            ],
            [
                0.00014282274059951305,
                -0.0037455856800079346
            ]
        ],
        [
            [
                0.0020119063556194305,
                -0.007869958877563477
            ],
            [
                0.0007881205528974533,
                -0.0067167580127716064
            ],
            [
                0.0016518342308700085,
                -0.00958770141005516
            ],
            [
                0.00010129716247320175,
                -0.00466633215546608
            ],
            [
                0.00011622835882008076,
                -0.0058892518281936646
            ],
            [
                0.00021964753977954388,
                -0.0058646053075790405
            ]
        ],
        [
            [
                0.001915648696012795,
                -0.0015331506729125977
            ],
            [
                0.0004591589095070958,
                0.0008550882339477539
            ],
            [
                0.0011872906470671296,
                -0.001269560307264328
            ],
            [
                -8.90576047822833e-05,
                0.002335529774427414
            ],
            [
                -0.00013954064343124628,
                0.0024150609970092773
            ],
            [
                -0.00022593617904931307,
                0.006425708532333374
            ]
        ],
        [
            [
                0.0019261472625657916,
                -0.04379652440547943
            ],
            [
                8.7534892372787e-05,
                -0.055067941546440125
            ],
            [
                0.003314195666462183,
                -0.03309467062354088
            ],
            [
                -0.001374654471874237,
                -7.047131657600403e-05
            ],
            [
                -0.001809629611670971,
                0.0373196005821228
            ],
            [
                -0.00620752340182662,
                0.09640595316886902
            ]
        ],
        [
            [
                0.0019488410325720906,
                -0.003718256950378418
            ],
            [
                0.0005725939990952611,
                -0.0017558932304382324
            ],
            [
                0.001347478129900992,
                -0.004137884825468063
            ],
            [
                -2.341798972338438e-05,
                -7.89053738117218e-05
            ],
            [
                -5.1344395615160465e-05,
                -0.00044849514961242676
            ],
            [
                -7.228658068925142e-05,
                0.002187669277191162
            ]
        ]
    ],
    "tl_trigger": 7.40849202429672e-07,
    "tl_status": 0
}