{
    "speed": 3.414952179191741e-08,
    "steer": -0.01863405667245388,
    "throttle": 0.0,
    "brake": 1.0,
    "wp_6": [
        -0.0003949507372453809,
        0.011087551712989807
    ],
    "wp_5": [
        -0.00023655651602894068,
        0.005564972758293152
    ],
    "wp_4": [
        -0.00016126118134707212,
        0.004991408437490463
    ],
    "wp_3": [
        0.001011084415949881,
        0.0018855966627597809
    ],
    "wp_2": [
        0.000334380310960114,
        0.003727167844772339
    ],
    "wp_1": [
        0.0018791371257975698,
        0.0008704662322998047
    ],
    "aim": [
        -0.00016126118134707212,
        0.004991408437490463
    ],
    "target": [
        -1.092537225384829,
        16.683209907561075
    ],
    "desired_speed": 0.0058530507609248165,
    "angle": -0.020560566831070687,
    "angle_last": -0.01825401194835738,
    "angle_target": -0.0416310215452869,
    "angle_final": -0.020560566831070687,
    "delta": 0.0058530166114030245,
    "agent": "only_traj",
    "steer_traj": -0.018634055869211904,
    "throttle_traj": 0.0,
    "brake_traj": 1.0,
    "plan": [
        [
            0.0018791371257975698,
            0.0008704662322998047
        ],
        [
            0.000334380310960114,
            0.003727167844772339
        ],
        [
            0.001011084415949881,
            0.0018855966627597809
        ],
        [
            -0.00016126118134707212,
            0.004991408437490463
        ],
        [
            -0.00023655651602894068,
            0.005564972758293152
        ],
        [
            -0.0003949507372453809,
            0.011087551712989807
        ]
    ],
    "command": 3,
    "all_plan": [
        [
            [
                0.0019438621820881963,
                -0.003390491008758545
            ],
            [
                0.0005555787356570363,
                -0.0013642460107803345
            ],
            [
                0.0013234500074759126,
                -0.003707636147737503
            ],
            [
                -3.326393198221922e-05,
                0.00028325989842414856
            ],
            [
                -6.457383278757334e-05,
                -1.8961727619171143e-05
            ],
            [
                -9.533402044326067e-05,
                0.002823375165462494
            ]
        ],
        [
            [
                0.0019571390002965927,
                -0.004264533519744873
            ],
            [
                0.0006009526550769806,
                -0.002408638596534729
            ],
            [
                0.0013875248841941357,
                -0.004854965955018997
            ],
            [
                -7.008202373981476e-06,
                -0.0006825141608715057
            ],
            [
                -2.929545007646084e-05,
                -0.0011643841862678528
            ],
            [
                -3.387429751455784e-05,
                0.0011281594634056091
            ]
        ],
        [
            [
                0.0019604582339525223,
                -0.004483044147491455
            ],
            [
                0.0006122961640357971,
                -0.0026697367429733276
            ],
            [
                0.001403543632477522,
                -0.005141798406839371
            ],
            [
                -4.4424086809158325e-07,
                -0.0009239576756954193
            ],
            [
                -2.0475825294852257e-05,
                -0.0014507398009300232
            ],
            [
                -1.8509337678551674e-05,
                0.0007043555378913879
            ]
        ],
        [
            [
                0.0018791371257975698,
                0.0008704662322998047
            ],
            [
                0.000334380310960114,
                0.003727167844772339
            ],
            [
                0.001011084415949881,
                0.0018855966627597809
            ],
            [
                -0.00016126118134707212,
                0.004991408437490463
            ],
            [
                -0.00023655651602894068,
                0.005564972758293152
            ],
            [
                -0.0003949507372453809,
                0.011087551712989807
            ]
        ],
        [
            [
                0.0018920277943834662,
                -0.02793954312801361
            ],
            [
                0.00010434852447360754,
                -0.03434509038925171
            ],
            [
                0.0024697687476873398,
                -0.0200236476957798
            ],
            [
                -0.0010144230909645557,
                0.002949107438325882
            ],
            [
                -0.0013443655334413052,
                0.028538785874843597
            ],
            [
                -0.004391169175505638,
                0.07086377590894699
            ]
        ],
        [
            [
                0.001963777467608452,
                -0.004701554775238037
            ],
            [
                0.0006236396729946136,
                -0.0029308348894119263
            ],
            [
                0.0014195623807609081,
                -0.005428630858659744
            ],
            [
                6.119720637798309e-06,
                -0.0011654011905193329
            ],
            [
                -1.1656200513243675e-05,
                -0.0017370954155921936
            ],
            [
                -3.1443778425455093e-06,
                0.00028055161237716675
            ]
        ]
    ],
    "tl_trigger": 7.17697673735529e-07,
    "tl_status": 0
}