{
    "speed": 1.6696182415437608,
    "steer": 0.0033416503574699163,
    "throttle": 0.75,
    "brake": 0.0,
    "wp_6": [
        0.10621578246355057,
        6.084612846374512
    ],
    "wp_5": [
        0.07744687795639038,
        5.1609673500061035
    ],
    "wp_4": [
        0.0243268720805645,
        4.262887477874756
    ],
    "wp_3": [
        0.03405831754207611,
        3.353915214538574
    ],
    "wp_2": [
        0.01217690296471119,
        2.4668312072753906
    ],
    "wp_1": [
        -0.004806622862815857,
        1.3920440673828125
    ],
    "aim": [
        0.0243268720805645,
        4.262887477874756
    ],
    "target": [
        0.4627454241715606,
        29.67002636475933
    ],
    "desired_speed": 1.8780169963836668,
    "angle": 0.0036329497919945905,
    "angle_last": 0.019822471290685036,
    "angle_target": 0.009928167913833587,
    "angle_final": 0.0036329497919945905,
    "delta": 0.208398754839906,
    "agent": "only_traj",
    "steer_traj": 0.0033416504163089346,
    "throttle_traj": 0.75,
    "brake_traj": 0.0,
    "plan": [
        [
            -0.004806622862815857,
            1.3920440673828125
        ],
        [
            0.01217690296471119,
            2.4668312072753906
        ],
        [
            0.03405831754207611,
            3.353915214538574
        ],
        [
            0.0243268720805645,
            4.262887477874756
        ],
        [
            0.07744687795639038,
            5.1609673500061035
        ],
        [
            0.10621578246355057,
            6.084612846374512
        ]
    ],
    "command": 3,
    "all_plan": [
        [
            [
                0.013044167309999466,
                1.597168207168579
            ],
            [
                0.03481669723987579,
                2.739427328109741
            ],
            [
                0.06332321465015411,
                3.5513947010040283
            ],
            [
                0.04525962099432945,
                4.257399082183838
            ],
            [
                0.09810356795787811,
                4.955233573913574
            ],
            [
                0.1410534530878067,
                5.677814483642578
            ]
        ],
        [
            [
                0.025314774364233017,
                1.4883449077606201
            ],
            [
                0.0441763699054718,
                2.6681504249572754
            ],
            [
                0.06575418263673782,
                3.650055170059204
            ],
            [
                0.026168998330831528,
                4.545450210571289
            ],
            [
                0.059879425913095474,
                5.383834362030029
            ],
            [
                0.08417210727930069,
                6.223771572113037
            ]
        ],
        [
            [
                0.005374617874622345,
                1.559443712234497
            ],
            [
                0.02345561794936657,
                2.8033814430236816
            ],
            [
                0.046176716685295105,
                3.811846971511841
            ],
            [
                0.034233201295137405,
                4.777603626251221
            ],
            [
                0.08628173172473907,
                5.719374656677246
            ],
            [
                0.11956840753555298,
                6.680379390716553
            ]
        ],
        [
            [
                -0.004806622862815857,
                1.3920440673828125
            ],
            [
                0.01217690296471119,
                2.4668312072753906
            ],
            [
                0.03405831754207611,
                3.353915214538574
            ],
            [
                0.0243268720805645,
                4.262887477874756
            ],
            [
                0.07744687795639038,
                5.1609673500061035
            ],
            [
                0.10621578246355057,
                6.084612846374512
            ]
        ],
        [
            [
                0.011571135371923447,
                1.6145070791244507
            ],
            [
                0.024002937600016594,
                2.933887481689453
            ],
            [
                0.03704928979277611,
                4.015522480010986
            ],
            [
                0.015377096831798553,
                5.015932083129883
            ],
            [
                0.04810129106044769,
                5.97052526473999
            ],
            [
                0.06491178274154663,
                6.944816589355469
            ]
        ],
        [
            [
                0.038185037672519684,
                1.522692084312439
            ],
            [
                0.06027165800333023,
                2.7051548957824707
            ],
            [
                0.08403736352920532,
                3.675196409225464
            ],
            [
                0.024146508425474167,
                4.523115158081055
            ],
            [
                0.05431024730205536,
                5.29088020324707
            ],
            [
                0.07893886417150497,
                6.042431831359863
            ]
        ]
    ],
    "tl_trigger": 5.903225996917172e-07,
    "tl_status": 0
}