{
    "speed": 7.886525251721942,
    "steer": -0.05369521304965019,
    "throttle": 0.6610097289085388,
    "brake": 0.0,
    "wp_6": [
        -1.7478816509246826,
        23.683773040771484
    ],
    "wp_5": [
        -1.3615583181381226,
        19.7419376373291
    ],
    "wp_4": [
        -1.0975441932678223,
        15.726134300231934
    ],
    "wp_3": [
        -1.0747509002685547,
        11.653398513793945
    ],
    "wp_2": [
        -0.7990891337394714,
        7.609438896179199
    ],
    "wp_1": [
        -0.40664905309677124,
        3.679959297180176
    ],
    "aim": [
        -0.7990891337394714,
        7.609438896179199
    ],
    "target": [
        -2.474827848528389,
        27.264660884513223
    ],
    "desired_speed": 8.02414608001709,
    "angle": -0.06660909508737044,
    "angle_last": -0.06219390902589263,
    "angle_target": -0.05762839108890484,
    "angle_final": -0.06660909508737044,
    "delta": 0.1376208282951481,
    "log_entries": [
        "norm1:5.68",
        "norm2:9.68",
        "norm3:13.73",
        "norm4:17.78",
        "norm5:21.77",
        " ",
        " ",
        " ",
        " ",
        " ",
        " ",
        " ",
        " ",
        " ",
        " ",
        " ",
        " ",
        " ",
        " ",
        " ",
        " ",
        " ",
        " "
    ],
    "agent": "only_traj",
    "steer_traj": -0.05369521389347054,
    "throttle_traj": 0.6610097443268561,
    "brake_traj": 0.0,
    "plan": [
        [
            -0.40664905309677124,
            3.679959297180176
        ],
        [
            -0.7990891337394714,
            7.609438896179199
        ],
        [
            -1.0747509002685547,
            11.653398513793945
        ],
        [
            -1.0975441932678223,
            15.726134300231934
        ],
        [
            -1.3615583181381226,
            19.7419376373291
        ],
        [
            -1.7478816509246826,
            23.683773040771484
        ]
    ],
    "command": 3,
    "redefined_command": 3,
    "cmd_softmax_output": [
        0.9998050332069397,
        9.277970821131021e-05,
        0.00010224638390354812
    ],
    "all_plan": [
        [
            [
                -0.25689154863357544,
                3.6318516731262207
            ],
            [
                -0.5599223375320435,
                7.4411702156066895
            ],
            [
                -0.7970677018165588,
                11.335538864135742
            ],
            [
                -0.9751760363578796,
                15.190945625305176
            ],
            [
                -1.2710983753204346,
                19.0164737701416
            ],
            [
                -1.6500426530838013,
                22.767303466796875
            ]
        ],
        [
            [
                -0.33134105801582336,
                3.496997356414795
            ],
            [
                -0.6702569127082825,
                7.260843276977539
            ],
            [
                -0.8913525938987732,
                11.198179244995117
            ],
            [
                -1.0085582733154297,
                15.12387466430664
            ],
            [
                -1.2888288497924805,
                19.046871185302734
            ],
            [
                -1.6588250398635864,
                22.917667388916016
            ]
        ],
        [
            [
                -0.3475847542285919,
                3.6361069679260254
            ],
            [
                -0.6907196044921875,
                7.555873870849609
            ],
            [
                -0.9365473389625549,
                11.652454376220703
            ],
            [
                -0.9839959144592285,
                15.795957565307617
            ],
            [
                -1.2345044612884521,
                19.917394638061523
            ],
            [
                -1.5921090841293335,
                23.995208740234375
            ]
        ],
        [
            [
                -0.40664905309677124,
                3.679959297180176
            ],
            [
                -0.7990891337394714,
                7.609438896179199
            ],
            [
                -1.0747509002685547,
                11.653398513793945
            ],
            [
                -1.0975441932678223,
                15.726134300231934
            ],
            [
                -1.3615583181381226,
                19.7419376373291
            ],
            [
                -1.7478816509246826,
                23.683773040771484
            ]
        ],
        [
            [
                -0.3545253872871399,
                3.5887646675109863
            ],
            [
                -0.7273303270339966,
                7.461195945739746
            ],
            [
                -0.9985306262969971,
                11.518287658691406
            ],
            [
                -1.135278344154358,
                15.597274780273438
            ],
            [
                -1.4497181177139282,
                19.668367385864258
            ],
            [
                -1.8669806718826294,
                23.69202423095703
            ]
        ],
        [
            [
                -0.3010224997997284,
                3.5308146476745605
            ],
            [
                -0.6204515099525452,
                7.289994239807129
            ],
            [
                -0.8339621424674988,
                11.185848236083984
            ],
            [
                -0.9823388457298279,
                15.049606323242188
            ],
            [
                -1.2669364213943481,
                18.904664993286133
            ],
            [
                -1.6300678253173828,
                22.687728881835938
            ]
        ]
    ],
    "tl_trigger": 5.459263547891169e-07,
    "tl_status": 0
}