{
    "speed": 7.468130988688618,
    "steer": -0.010830901563167572,
    "throttle": 0.75,
    "brake": 0.0,
    "wp_6": [
        -0.16763681173324585,
        23.452104568481445
    ],
    "wp_5": [
        -0.11202897876501083,
        19.513368606567383
    ],
    "wp_4": [
        -0.11774766445159912,
        15.552587509155273
    ],
    "wp_3": [
        -0.2741139829158783,
        11.591815948486328
    ],
    "wp_2": [
        -0.194365456700325,
        7.7073564529418945
    ],
    "wp_1": [
        -0.10795006901025772,
        3.8116440773010254
    ],
    "aim": [
        -0.194365456700325,
        7.7073564529418945
    ],
    "target": [
        0.6663980016554367,
        16.78599943496636
    ],
    "desired_speed": 7.858287620544434,
    "angle": -0.016050972377065157,
    "angle_last": -0.008987266628428747,
    "angle_target": 0.02526030571791427,
    "angle_final": -0.016050972377065157,
    "delta": 0.25,
    "log_entries": [
        "norm1:5.76",
        "norm2:9.65",
        "norm3:13.57",
        "norm4:17.53",
        "norm5:21.48",
        " ",
        " ",
        " ",
        " ",
        " ",
        " ",
        " ",
        " ",
        " ",
        " ",
        " ",
        " "
    ],
    "agent": "only_traj",
    "steer_traj": -0.01083090180412042,
    "throttle_traj": 0.75,
    "brake_traj": 0.0,
    "plan": [
        [
            -0.10795006901025772,
            3.8116440773010254
        ],
        [
            -0.194365456700325,
            7.7073564529418945
        ],
        [
            -0.2741139829158783,
            11.591815948486328
        ],
        [
            -0.11774766445159912,
            15.552587509155273
        ],
        [
            -0.11202897876501083,
            19.513368606567383
        ],
        [
            -0.16763681173324585,
            23.452104568481445
        ]
    ],
    "command": 3,
    "redefined_command": 3,
    "cmd_softmax_output": [
        0.9984230995178223,
        1.236127172887791e-05,
        0.0015645632520318031
    ],
    "all_plan": [
        [
            [
                -0.04911547154188156,
                3.7671356201171875
            ],
            [
                -0.1165885329246521,
                7.574814796447754
            ],
            [
                -0.19011354446411133,
                11.365987777709961
            ],
            [
                -0.14644639194011688,
                15.17334270477295
            ],
            [
                -0.17914575338363647,
                19.025314331054688
            ],
            [
                -0.2597638666629791,
                22.885286331176758
            ]
        ],
        [
            [
                -0.07043398171663284,
                3.712815761566162
            ],
            [
                -0.14794887602329254,
                7.502147674560547
            ],
            [
                -0.22776833176612854,
                11.307138442993164
            ],
            [
                -0.14655721187591553,
                15.150115966796875
            ],
            [
                -0.16547492146492004,
                19.033723831176758
            ],
            [
                -0.23380380868911743,
                22.942974090576172
            ]
        ],
        [
            [
                -0.0926884189248085,
                3.8093318939208984
            ],
            [
                -0.1755250245332718,
                7.718090534210205
            ],
            [
                -0.25460755825042725,
                11.645537376403809
            ],
            [
                -0.12956489622592926,
                15.640305519104004
            ],
            [
                -0.13445399701595306,
                19.655269622802734
            ],
            [
                -0.19777753949165344,
                23.67144203186035
            ]
        ],
        [
            [
                -0.10795006901025772,
                3.8116440773010254
            ],
            [
                -0.194365456700325,
                7.7073564529418945
            ],
            [
                -0.2741139829158783,
                11.591815948486328
            ],
            [
                -0.11774766445159912,
                15.552587509155273
            ],
            [
                -0.11202897876501083,
                19.513368606567383
            ],
            [
                -0.16763681173324585,
                23.452104568481445
            ]
        ],
        [
            [
                -0.10768375545740128,
                3.7724666595458984
            ],
            [
                -0.21310089528560638,
                7.645296096801758
            ],
            [
                -0.31484711170196533,
                11.551148414611816
            ],
            [
                -0.20449426770210266,
                15.503290176391602
            ],
            [
                -0.23342841863632202,
                19.483055114746094
            ],
            [
                -0.32755622267723083,
                23.48639678955078
            ]
        ],
        [
            [
                -0.06327671557664871,
                3.7614431381225586
            ],
            [
                -0.13363026082515717,
                7.569211006164551
            ],
            [
                -0.20654866099357605,
                11.355169296264648
            ],
            [
                -0.12682247161865234,
                15.166160583496094
            ],
            [
                -0.1403447687625885,
                19.008554458618164
            ],
            [
                -0.20095711946487427,
                22.858909606933594
            ]
        ]
    ],
    "tl_trigger": 5.180907010071678e-07,
    "tl_status": 0
}