{
    "speed": 6.057631283331755,
    "steer": 0.0673106387257576,
    "throttle": 0.0,
    "brake": 0.0,
    "wp_6": [
        1.2261502742767334,
        17.55721664428711
    ],
    "wp_5": [
        0.8974877595901489,
        14.581172943115234
    ],
    "wp_4": [
        0.704727828502655,
        11.41721248626709
    ],
    "wp_3": [
        0.8782514929771423,
        8.231490135192871
    ],
    "wp_2": [
        0.6434643268585205,
        5.323310852050781
    ],
    "wp_1": [
        0.35535117983818054,
        2.531909465789795
    ],
    "aim": [
        0.704727828502655,
        11.41721248626709
    ],
    "target": [
        1.3301312015569255,
        18.43901227556316
    ],
    "desired_speed": 6.031312274932861,
    "angle": 0.039245556124441076,
    "angle_last": 0.07002200906956464,
    "angle_target": 0.04584429818914449,
    "angle_final": 0.039245556124441076,
    "delta": 0.0,
    "agent": "only_traj",
    "steer_traj": 0.06731064175318859,
    "throttle_traj": 0.0,
    "brake_traj": 0.0,
    "plan": [
        [
            0.35535117983818054,
            2.531909465789795
        ],
        [
            0.6434643268585205,
            5.323310852050781
        ],
        [
            0.8782514929771423,
            8.231490135192871
        ],
        [
            0.704727828502655,
            11.41721248626709
        ],
        [
            0.8974877595901489,
            14.581172943115234
        ],
        [
            1.2261502742767334,
            17.55721664428711
        ]
    ],
    "command": 3,
    "all_plan": [
        [
            [
                0.4535585641860962,
                2.616629123687744
            ],
            [
                0.8121891021728516,
                5.407769203186035
            ],
            [
                1.1050115823745728,
                8.281787872314453
            ],
            [
                0.824174165725708,
                11.433789253234863
            ],
            [
                1.0238767862319946,
                14.610647201538086
            ],
            [
                1.3700412511825562,
                17.62439727783203
            ]
        ],
        [
            [
                0.5368737578392029,
                2.6889915466308594
            ],
            [
                0.9846823215484619,
                5.473912239074707
            ],
            [
                1.3575708866119385,
                8.276853561401367
            ],
            [
                1.041285753250122,
                11.412673950195312
            ],
            [
                1.3012418746948242,
                14.531394004821777
            ],
            [
                1.7116608619689941,
                17.491600036621094
            ]
        ],
        [
            [
                0.42724892497062683,
                2.6939454078674316
            ],
            [
                0.774030864238739,
                5.640420913696289
            ],
            [
                1.069832682609558,
                8.727060317993164
            ],
            [
                0.837969958782196,
                12.065727233886719
            ],
            [
                1.056126594543457,
                15.484262466430664
            ],
            [
                1.4252684116363525,
                18.776010513305664
            ]
        ],
        [
            [
                0.35535117983818054,
                2.531909465789795
            ],
            [
                0.6434643268585205,
                5.323310852050781
            ],
            [
                0.8782514929771423,
                8.231490135192871
            ],
            [
                0.704727828502655,
                11.41721248626709
            ],
            [
                0.8974877595901489,
                14.581172943115234
            ],
            [
                1.2261502742767334,
                17.55721664428711
            ]
        ],
        [
            [
                0.4614289700984955,
                2.739184856414795
            ],
            [
                0.8238098621368408,
                5.648633003234863
            ],
            [
                1.124216914176941,
                8.640983581542969
            ],
            [
                0.8340425491333008,
                11.874077796936035
            ],
            [
                1.0306293964385986,
                15.170825004577637
            ],
            [
                1.3770689964294434,
                18.32980728149414
            ]
        ],
        [
            [
                0.5457525253295898,
                2.7732510566711426
            ],
            [
                0.9960303902626038,
                5.623370170593262
            ],
            [
                1.3726606369018555,
                8.483673095703125
            ],
            [
                1.0405937433242798,
                11.64204216003418
            ],
            [
                1.2917498350143433,
                14.804183006286621
            ],
            [
                1.6927878856658936,
                17.827777862548828
            ]
        ]
    ],
    "tl_trigger": 5.655364816448127e-07,
    "tl_status": 0
}