{
    "speed": 6.737702341148876,
    "steer": 0.003815834177657962,
    "throttle": 0.09390056133270264,
    "brake": 0.0,
    "wp_6": [
        0.08654473721981049,
        19.75542449951172
    ],
    "wp_5": [
        0.07059379667043686,
        17.92645835876465
    ],
    "wp_4": [
        0.07493941485881805,
        15.259377479553223
    ],
    "wp_3": [
        -0.02353982999920845,
        11.729061126708984
    ],
    "wp_2": [
        0.0060370732098817825,
        8.006970405578613
    ],
    "wp_1": [
        0.007085792720317841,
        4.01729679107666
    ],
    "aim": [
        0.007085792720317841,
        4.01729679107666
    ],
    "target": [
        0.29173181573722873,
        17.955126915107112
    ],
    "desired_speed": 6.295876741409302,
    "angle": 0.0011228552720149044,
    "angle_last": 0.00555200527579584,
    "angle_target": 0.010342778557691858,
    "angle_final": 0.0011228552720149044,
    "delta": 0.0,
    "log_entries": [
        "norm1:6.01",
        "norm2:9.87",
        "norm3:13.49",
        "norm4:16.59",
        "norm5:18.84",
        " ",
        " ",
        " ",
        " ",
        " ",
        " ",
        " ",
        " ",
        " "
    ],
    "agent": "only_traj",
    "steer_traj": 0.003815834114639165,
    "throttle_traj": 0.0939005587986282,
    "brake_traj": 0.0,
    "plan": [
        [
            0.007085792720317841,
            4.01729679107666
        ],
        [
            0.0060370732098817825,
            8.006970405578613
        ],
        [
            -0.02353982999920845,
            11.729061126708984
        ],
        [
            0.07493941485881805,
            15.259377479553223
        ],
        [
            0.07059379667043686,
            17.92645835876465
        ],
        [
            0.08654473721981049,
            19.75542449951172
        ]
    ],
    "command": 3,
    "redefined_command": 3,
    "cmd_softmax_output": [
        0.997473418712616,
        0.002152208471670747,
        0.0003743288980331272
    ],
    "all_plan": [
        [
            [
                0.024197332561016083,
                3.886003017425537
            ],
            [
                0.038642920553684235,
                7.726482391357422
            ],
            [
                0.03851611912250519,
                11.343982696533203
            ],
            [
                0.10958441346883774,
                14.765190124511719
            ],
            [
                0.14248567819595337,
                17.52461814880371
            ],
            [
                0.18261370062828064,
                19.6921443939209
            ]
        ],
        [
            [
                0.016793936491012573,
                3.9375457763671875
            ],
            [
                0.05948455631732941,
                7.853679656982422
            ],
            [
                0.11386392265558243,
                11.460707664489746
            ],
            [
                0.2793527841567993,
                14.891990661621094
            ],
            [
                0.3898977041244507,
                17.750732421875
            ],
            [
                0.511385440826416,
                20.126787185668945
            ]
        ],
        [
            [
                0.012065775692462921,
                4.025614261627197
            ],
            [
                0.019061418250203133,
                8.02247142791748
            ],
            [
                0.011493336409330368,
                11.837494850158691
            ],
            [
                0.08759577572345734,
                15.523685455322266
            ],
            [
                0.11507623642683029,
                18.536277770996094
            ],
            [
                0.144036665558815,
                20.877532958984375
            ]
        ],
        [
            [
                0.007085792720317841,
                4.01729679107666
            ],
            [
                0.0060370732098817825,
                8.006970405578613
            ],
            [
                -0.02353982999920845,
                11.729061126708984
            ],
            [
                0.07493941485881805,
                15.259377479553223
            ],
            [
                0.07059379667043686,
                17.92645835876465
            ],
            [
                0.08654473721981049,
                19.75542449951172
            ]
        ],
        [
            [
                -0.017427191138267517,
                3.9993577003479004
            ],
            [
                -0.030603384599089622,
                7.94252872467041
            ],
            [
                -0.04671994969248772,
                11.662873268127441
            ],
            [
                0.0575023852288723,
                15.238636016845703
            ],
            [
                0.08678904175758362,
                18.213512420654297
            ],
            [
                0.10660689324140549,
                20.607479095458984
            ]
        ],
        [
            [
                0.026493124663829803,
                3.7616872787475586
            ],
            [
                0.07907894998788834,
                7.520009994506836
            ],
            [
                0.14973822236061096,
                10.997095108032227
            ],
            [
                0.3054848909378052,
                14.305423736572266
            ],
            [
                0.4283919632434845,
                17.13569450378418
            ],
            [
                0.5598061084747314,
                19.585046768188477
            ]
        ]
    ],
    "tl_trigger": 0.9999828338623047,
    "tl_status": 2
}