{
    "speed": 6.854832380949434,
    "steer": -0.0010348893702030182,
    "throttle": 0.75,
    "brake": 0.0,
    "wp_6": [
        0.1280939280986786,
        21.940582275390625
    ],
    "wp_5": [
        0.09493834525346756,
        18.473125457763672
    ],
    "wp_4": [
        -0.008658945560455322,
        14.851384162902832
    ],
    "wp_3": [
        -0.21406587958335876,
        11.146308898925781
    ],
    "wp_2": [
        -0.2110481560230255,
        7.466753959655762
    ],
    "wp_1": [
        -0.14541183412075043,
        3.738659381866455
    ],
    "aim": [
        -0.008658945560455322,
        14.851384162902832
    ],
    "target": [
        -0.7032910388378102,
        16.735048340195917
    ],
    "desired_speed": 7.283932495117188,
    "angle": -0.00037113477243921796,
    "angle_last": 0.00608711265177095,
    "angle_target": -0.026738236561431386,
    "angle_final": -0.00037113477243921796,
    "delta": 0.25,
    "agent": "only_traj",
    "steer_traj": -0.0010348894172778308,
    "throttle_traj": 0.75,
    "brake_traj": 0.0,
    "plan": [
        [
            -0.14541183412075043,
            3.738659381866455
        ],
        [
            -0.2110481560230255,
            7.466753959655762
        ],
        [
            -0.21406587958335876,
            11.146308898925781
        ],
        [
            -0.008658945560455322,
            14.851384162902832
        ],
        [
            0.09493834525346756,
            18.473125457763672
        ],
        [
            0.1280939280986786,
            21.940582275390625
        ]
    ],
    "command": 3,
    "all_plan": [
        [
            [
                -0.015488110482692719,
                3.51712703704834
            ],
            [
                -0.009196480736136436,
                7.021503448486328
            ],
            [
                0.021862071007490158,
                10.479533195495605
            ],
            [
                0.08392154425382614,
                13.941201210021973
            ],
            [
                0.17000213265419006,
                17.357349395751953
            ],
            [
                0.2230948805809021,
                20.625696182250977
            ]
        ],
        [
            [
                -0.03219565004110336,
                3.439822196960449
            ],
            [
                -0.016939876601099968,
                6.931728363037109
            ],
            [
                0.04025707393884659,
                10.374404907226562
            ],
            [
                0.16756507754325867,
                13.842536926269531
            ],
            [
                0.30268919467926025,
                17.29018783569336
            ],
            [
                0.4154023230075836,
                20.659099578857422
            ]
        ],
        [
            [
                -0.09375294297933578,
                3.7398695945739746
            ],
            [
                -0.1303950846195221,
                7.55830192565918
            ],
            [
                -0.11742303520441055,
                11.318743705749512
            ],
            [
                0.041740380227565765,
                15.106974601745605
            ],
            [
                0.14255940914154053,
                18.881940841674805
            ],
            [
                0.18991145491600037,
                22.608741760253906
            ]
        ],
        [
            [
                -0.14541183412075043,
                3.738659381866455
            ],
            [
                -0.2110481560230255,
                7.466753959655762
            ],
            [
                -0.21406587958335876,
                11.146308898925781
            ],
            [
                -0.008658945560455322,
                14.851384162902832
            ],
            [
                0.09493834525346756,
                18.473125457763672
            ],
            [
                0.1280939280986786,
                21.940582275390625
            ]
        ],
        [
            [
                -0.1021873727440834,
                3.6785550117492676
            ],
            [
                -0.15083752572536469,
                7.437654495239258
            ],
            [
                -0.14727112650871277,
                11.138124465942383
            ],
            [
                0.002473980188369751,
                14.84814167022705
            ],
            [
                0.08900166302919388,
                18.541738510131836
            ],
            [
                0.11801281571388245,
                22.191518783569336
            ]
        ],
        [
            [
                -0.023863956332206726,
                3.4429244995117188
            ],
            [
                0.0060848090797662735,
                6.937504768371582
            ],
            [
                0.08192382007837296,
                10.38144302368164
            ],
            [
                0.2166091501712799,
                13.855687141418457
            ],
            [
                0.3710988163948059,
                17.296871185302734
            ],
            [
                0.5082024335861206,
                20.63530158996582
            ]
        ]
    ],
    "tl_trigger": 4.7646938128309557e-07,
    "tl_status": 0
}