{
    "speed": 3.8615037379429507,
    "steer": 0.008526365272700787,
    "throttle": 0.75,
    "brake": 0.0,
    "wp_6": [
        0.290559858083725,
        16.959543228149414
    ],
    "wp_5": [
        0.18409141898155212,
        14.31511116027832
    ],
    "wp_4": [
        0.13521182537078857,
        11.326766014099121
    ],
    "wp_3": [
        0.12195821851491928,
        8.106531143188477
    ],
    "wp_2": [
        0.09388852119445801,
        5.117071151733398
    ],
    "wp_1": [
        0.05025626718997955,
        2.359806537628174
    ],
    "aim": [
        0.13521182537078857,
        11.326766014099121
    ],
    "target": [
        -0.7035134908440304,
        50.02816003523572
    ],
    "desired_speed": 5.841113090515136,
    "angle": 0.007599240643020995,
    "angle_last": 0.02561735556450541,
    "angle_target": -0.00895177994744732,
    "angle_final": 0.007599240643020995,
    "delta": 0.25,
    "agent": "only_traj",
    "steer_traj": 0.008526365536955521,
    "throttle_traj": 0.75,
    "brake_traj": 0.0,
    "plan": [
        [
            0.05025626718997955,
            2.359806537628174
        ],
        [
            0.09388852119445801,
            5.117071151733398
        ],
        [
            0.12195821851491928,
            8.106531143188477
        ],
        [
            0.13521182537078857,
            11.326766014099121
        ],
        [
            0.18409141898155212,
            14.31511116027832
        ],
        [
            0.290559858083725,
            16.959543228149414
        ]
    ],
    "command": 3,
    "all_plan": [
        [
            [
                0.10319656878709793,
                2.5396676063537598
            ],
            [
                0.15977546572685242,
                5.333909034729004
            ],
            [
                0.19103261828422546,
                8.249098777770996
            ],
            [
                0.11438212543725967,
                11.270343780517578
            ],
            [
                0.12384779751300812,
                14.125371932983398
            ],
            [
                0.2027854323387146,
                16.687110900878906
            ]
        ],
        [
            [
                0.09721841663122177,
                2.46182918548584
            ],
            [
                0.14909984171390533,
                5.221545219421387
            ],
            [
                0.18555831909179688,
                8.118057250976562
            ],
            [
                0.11460671573877335,
                11.092782020568848
            ],
            [
                0.12475897371768951,
                13.94841480255127
            ],
            [
                0.20506617426872253,
                16.577577590942383
            ]
        ],
        [
            [
                0.06956439465284348,
                2.5291242599487305
            ],
            [
                0.12053224444389343,
                5.494692802429199
            ],
            [
                0.17183968424797058,
                8.737333297729492
            ],
            [
                0.1341894119977951,
                12.150396347045898
            ],
            [
                0.17827332019805908,
                15.516096115112305
            ],
            [
                0.2757890820503235,
                18.72081756591797
            ]
        ],
        [
            [
                0.05025626718997955,
                2.359806537628174
            ],
            [
                0.09388852119445801,
                5.117071151733398
            ],
            [
                0.12195821851491928,
                8.106531143188477
            ],
            [
                0.13521182537078857,
                11.326766014099121
            ],
            [
                0.18409141898155212,
                14.31511116027832
            ],
            [
                0.290559858083725,
                16.959543228149414
            ]
        ],
        [
            [
                0.07001792639493942,
                2.598982810974121
            ],
            [
                0.10826883465051651,
                5.491982460021973
            ],
            [
                0.1443328708410263,
                8.581262588500977
            ],
            [
                0.07779546827077866,
                11.773292541503906
            ],
            [
                0.09969151020050049,
                14.962679862976074
            ],
            [
                0.16412129998207092,
                18.033462524414062
            ]
        ],
        [
            [
                0.10005783289670944,
                2.5114078521728516
            ],
            [
                0.16759110987186432,
                5.3342790603637695
            ],
            [
                0.23187457025051117,
                8.254851341247559
            ],
            [
                0.1913069188594818,
                11.231163024902344
            ],
            [
                0.23476046323776245,
                14.111845970153809
            ],
            [
                0.3486207127571106,
                16.818435668945312
            ]
        ]
    ],
    "tl_trigger": 5.146200123817835e-07,
    "tl_status": 0
}