{
    "speed": 5.045088973483457,
    "steer": -0.001800020458176732,
    "throttle": 0.0,
    "brake": 1.0,
    "wp_6": [
        0.15858860313892365,
        4.50846004486084
    ],
    "wp_5": [
        0.096732959151268,
        3.6845147609710693
    ],
    "wp_4": [
        0.02146555483341217,
        2.9418182373046875
    ],
    "wp_3": [
        -0.104112908244133,
        2.252495765686035
    ],
    "wp_2": [
        -0.0899389386177063,
        1.673656940460205
    ],
    "wp_1": [
        -0.0752151757478714,
        0.9562717080116272
    ],
    "aim": [
        0.02146555483341217,
        2.9418182373046875
    ],
    "target": [
        0.41245053920832614,
        18.87717038243207
    ],
    "desired_speed": 1.4279924392700196,
    "angle": 0.004645107935999702,
    "angle_last": 0.04770315170069553,
    "angle_target": 0.013907402005946529,
    "angle_final": 0.004645107935999702,
    "delta": 0.0,
    "agent": "only_traj",
    "steer_traj": -0.0018000204769882018,
    "throttle_traj": 0.0,
    "brake_traj": 1.0,
    "plan": [
        [
            -0.0752151757478714,
            0.9562717080116272
        ],
        [
            -0.0899389386177063,
            1.673656940460205
        ],
        [
            -0.104112908244133,
            2.252495765686035
        ],
        [
            0.02146555483341217,
            2.9418182373046875
        ],
        [
            0.096732959151268,
            3.6845147609710693
        ],
        [
            0.15858860313892365,
            4.50846004486084
        ]
    ],
    "command": 4,
    "all_plan": [
        [
            [
                -0.05764880031347275,
                0.8412627577781677
            ],
            [
                -0.079985611140728,
                1.2138729095458984
            ],
            [
                -0.09112514555454254,
                1.3934003114700317
            ],
            [
                0.011223800480365753,
                1.476080060005188
            ],
            [
                0.042705144733190536,
                1.5889697074890137
            ],
            [
                0.07313952594995499,
                1.8136569261550903
            ]
        ],
        [
            [
                -0.059710510075092316,
                0.8539186716079712
            ],
            [
                -0.07620669901371002,
                1.3400042057037354
            ],
            [
                -0.0842832624912262,
                1.6478571891784668
            ],
            [
                0.013094998896121979,
                1.9129345417022705
            ],
            [
                0.06697505712509155,
                2.197998046875
            ],
            [
                0.10935437679290771,
                2.586386203765869
            ]
        ],
        [
            [
                -0.08006434887647629,
                0.9697956442832947
            ],
            [
                -0.09969145804643631,
                1.6345759630203247
            ],
            [
                -0.11542585492134094,
                2.1239192485809326
            ],
            [
                0.021610498428344727,
                2.666647434234619
            ],
            [
                0.09293460100889206,
                3.2483577728271484
            ],
            [
                0.15255339443683624,
                3.9302077293395996
            ]
        ],
        [
            [
                -0.06330588459968567,
                0.8351349234580994
            ],
            [
                -0.08694611489772797,
                1.2817981243133545
            ],
            [
                -0.10603109002113342,
                1.57416832447052
            ],
            [
                0.015739381313323975,
                1.8643419742584229
            ],
            [
                0.04663677513599396,
                2.2234838008880615
            ],
            [
                0.0817444771528244,
                2.6874966621398926
            ]
        ],
        [
            [
                -0.0752151757478714,
                0.9562717080116272
            ],
            [
                -0.0899389386177063,
                1.673656940460205
            ],
            [
                -0.104112908244133,
                2.252495765686035
            ],
            [
                0.02146555483341217,
                2.9418182373046875
            ],
            [
                0.096732959151268,
                3.6845147609710693
            ],
            [
                0.15858860313892365,
                4.50846004486084
            ]
        ],
        [
            [
                -0.059925228357315063,
                0.8777639269828796
            ],
            [
                -0.07470979541540146,
                1.3751955032348633
            ],
            [
                -0.07873708754777908,
                1.6750712394714355
            ],
            [
                0.012286432087421417,
                1.904378890991211
            ],
            [
                0.07463707774877548,
                2.131230354309082
            ],
            [
                0.11987942457199097,
                2.4638288021087646
            ]
        ]
    ],
    "tl_trigger": 5.051084031038044e-07,
    "tl_status": 0
}