{
    "speed": 7.075261518119305,
    "steer": -0.03293715417385101,
    "throttle": 0.75,
    "brake": 0.0,
    "wp_6": [
        -1.4941203594207764,
        22.216629028320312
    ],
    "wp_5": [
        -1.1794182062149048,
        18.536035537719727
    ],
    "wp_4": [
        -0.8662117123603821,
        14.746111869812012
    ],
    "wp_3": [
        -0.6165595054626465,
        11.006332397460938
    ],
    "wp_2": [
        -0.43679091334342957,
        7.224453926086426
    ],
    "wp_1": [
        -0.20423710346221924,
        3.5470452308654785
    ],
    "aim": [
        -0.8662117123603821,
        14.746111869812012
    ],
    "target": [
        -0.8596803561271436,
        10.858457278734528
    ],
    "desired_speed": 7.486349201202392,
    "angle": -0.03735319403347326,
    "angle_last": -0.054300866530035116,
    "angle_target": -0.05029722792879672,
    "angle_final": -0.03735319403347326,
    "delta": 0.25,
    "agent": "only_traj",
    "steer_traj": -0.03293715517935626,
    "throttle_traj": 0.75,
    "brake_traj": 0.0,
    "plan": [
        [
            -0.20423710346221924,
            3.5470452308654785
        ],
        [
            -0.43679091334342957,
            7.224453926086426
        ],
        [
            -0.6165595054626465,
            11.006332397460938
        ],
        [
            -0.8662117123603821,
            14.746111869812012
        ],
        [
            -1.1794182062149048,
            18.536035537719727
        ],
        [
            -1.4941203594207764,
            22.216629028320312
        ]
    ],
    "command": 4,
    "all_plan": [
        [
            [
                -0.07388794422149658,
                3.269049644470215
            ],
            [
                -0.19775378704071045,
                6.565482139587402
            ],
            [
                -0.31147894263267517,
                9.846610069274902
            ],
            [
                -0.47907745838165283,
                13.052998542785645
            ],
            [
                -0.6714576482772827,
                16.251083374023438
            ],
            [
                -0.8926147222518921,
                19.34246826171875
            ]
        ],
        [
            [
                -0.08200093358755112,
                3.2489004135131836
            ],
            [
                -0.2165982723236084,
                6.642139434814453
            ],
            [
                -0.32053613662719727,
                10.143546104431152
            ],
            [
                -0.5675754547119141,
                13.621662139892578
            ],
            [
                -0.8145418167114258,
                17.142906188964844
            ],
            [
                -1.0430303812026978,
                20.516599655151367
            ]
        ],
        [
            [
                -0.23047733306884766,
                3.6231884956359863
            ],
            [
                -0.43332937359809875,
                7.372237682342529
            ],
            [
                -0.5759677886962891,
                11.193669319152832
            ],
            [
                -0.6095810532569885,
                15.028013229370117
            ],
            [
                -0.7733050584793091,
                18.926464080810547
            ],
            [
                -0.9929256439208984,
                22.799062728881836
            ]
        ],
        [
            [
                -0.32507970929145813,
                3.2850747108459473
            ],
            [
                -0.5776509046554565,
                6.726146697998047
            ],
            [
                -0.7354492545127869,
                10.226404190063477
            ],
            [
                -0.5585153102874756,
                13.75742244720459
            ],
            [
                -0.6365513801574707,
                17.269926071166992
            ],
            [
                -0.8352634906768799,
                20.788393020629883
            ]
        ],
        [
            [
                -0.20423710346221924,
                3.5470452308654785
            ],
            [
                -0.43679091334342957,
                7.224453926086426
            ],
            [
                -0.6165595054626465,
                11.006332397460938
            ],
            [
                -0.8662117123603821,
                14.746111869812012
            ],
            [
                -1.1794182062149048,
                18.536035537719727
            ],
            [
                -1.4941203594207764,
                22.216629028320312
            ]
        ],
        [
            [
                -0.06296072900295258,
                2.998753070831299
            ],
            [
                -0.18803909420967102,
                6.174069404602051
            ],
            [
                -0.27648958563804626,
                9.489175796508789
            ],
            [
                -0.5860344767570496,
                12.760210037231445
            ],
            [
                -0.8442479372024536,
                16.092533111572266
            ],
            [
                -1.078033208847046,
                19.288143157958984
            ]
        ]
    ],
    "tl_trigger": 4.6613783410975884e-07,
    "tl_status": 0
}