{
    "speed": 4.968750621668445,
    "steer": 0.005860536824911833,
    "throttle": 0.75,
    "brake": 0.0,
    "wp_6": [
        -0.07540018111467361,
        17.673538208007812
    ],
    "wp_5": [
        -0.06599131226539612,
        15.214713096618652
    ],
    "wp_4": [
        -0.02316940575838089,
        12.26856517791748
    ],
    "wp_3": [
        0.007132481783628464,
        8.990943908691406
    ],
    "wp_2": [
        0.02849692292511463,
        5.834096908569336
    ],
    "wp_1": [
        0.028070129454135895,
        2.7839126586914062
    ],
    "aim": [
        0.028070129454135895,
        2.7839126586914062
    ],
    "target": [
        -0.11419535637670009,
        31.16560283481022
    ],
    "desired_speed": 5.956066703796386,
    "angle": 0.006418832172461236,
    "angle_last": -0.0024360527405156286,
    "angle_target": -0.0023326581172897877,
    "angle_final": 0.006418832172461236,
    "delta": 0.25,
    "log_entries": [
        "norm1:4.31",
        "norm2:7.41",
        "norm3:10.63",
        "norm4:13.74",
        "norm5:16.44",
        " ",
        " ",
        " ",
        " ",
        " ",
        " ",
        " ",
        " ",
        " ",
        " ",
        " ",
        " ",
        " ",
        " ",
        " ",
        " ",
        " ",
        " ",
        " ",
        " ",
        " ",
        " "
    ],
    "agent": "only_traj",
    "steer_traj": 0.005860536620047107,
    "throttle_traj": 0.75,
    "brake_traj": 0.0,
    "plan": [
        [
            0.028070129454135895,
            2.7839126586914062
        ],
        [
            0.02849692292511463,
            5.834096908569336
        ],
        [
            0.007132481783628464,
            8.990943908691406
        ],
        [
            -0.02316940575838089,
            12.26856517791748
        ],
        [
            -0.06599131226539612,
            15.214713096618652
        ],
        [
            -0.07540018111467361,
            17.673538208007812
        ]
    ],
    "command": 3,
    "redefined_command": 3,
    "cmd_softmax_output": [
        0.9989818930625916,
        0.0009990442777052522,
        1.9077360775554553e-05
    ],
    "all_plan": [
        [
            [
                0.06131909787654877,
                2.610612392425537
            ],
            [
                0.08045350760221481,
                5.552728652954102
            ],
            [
                0.08061110973358154,
                8.668659210205078
            ],
            [
                0.0010685399174690247,
                11.906695365905762
            ],
            [
                -0.03948350250720978,
                14.933430671691895
            ],
            [
                -0.03899761289358139,
                17.606914520263672
            ]
        ],
        [
            [
                0.044862017035484314,
                2.573751449584961
            ],
            [
                0.06265426427125931,
                5.524306297302246
            ],
            [
                0.0754593014717102,
                8.664913177490234
            ],
            [
                0.02196679636836052,
                11.946369171142578
            ],
            [
                0.0026026535779237747,
                15.035622596740723
            ],
            [
                0.018147509545087814,
                17.788774490356445
            ]
        ],
        [
            [
                0.03202926367521286,
                2.806211471557617
            ],
            [
                0.03968401253223419,
                5.931842803955078
            ],
            [
                0.0391998216509819,
                9.236590385437012
            ],
            [
                0.0003407038748264313,
                12.666032791137695
            ],
            [
                -0.018246283754706383,
                15.914593696594238
            ],
            [
                -0.012012805789709091,
                18.847375869750977
            ]
        ],
        [
            [
                0.028070129454135895,
                2.7839126586914062
            ],
            [
                0.02849692292511463,
                5.834096908569336
            ],
            [
                0.007132481783628464,
                8.990943908691406
            ],
            [
                -0.02316940575838089,
                12.26856517791748
            ],
            [
                -0.06599131226539612,
                15.214713096618652
            ],
            [
                -0.07540018111467361,
                17.673538208007812
            ]
        ],
        [
            [
                0.014044232666492462,
                2.7386574745178223
            ],
            [
                0.004894929006695747,
                5.835558891296387
            ],
            [
                -0.002387974876910448,
                9.115216255187988
            ],
            [
                -0.0479581281542778,
                12.509592056274414
            ],
            [
                -0.08612240850925446,
                15.726714134216309
            ],
            [
                -0.10724502056837082,
                18.622901916503906
            ]
        ],
        [
            [
                0.05151422321796417,
                2.5707955360412598
            ],
            [
                0.07034838199615479,
                5.509850978851318
            ],
            [
                0.08748523145914078,
                8.630967140197754
            ],
            [
                0.013685926795005798,
                11.867715835571289
            ],
            [
                -0.013388017192482948,
                14.95633316040039
            ],
            [
                -0.006313279736787081,
                17.744802474975586
            ]
        ]
    ],
    "tl_trigger": 4.4339506644064386e-07,
    "tl_status": 0
}