{
    "speed": 5.042458754677811,
    "steer": -0.02710988000035286,
    "throttle": 0.75,
    "brake": 0.0,
    "wp_6": [
        4.886022567749023,
        17.545921325683594
    ],
    "wp_5": [
        3.2535834312438965,
        13.687479019165039
    ],
    "wp_4": [
        1.7392394542694092,
        10.148178100585938
    ],
    "wp_3": [
        0.8834280967712402,
        6.908318042755127
    ],
    "wp_2": [
        0.08528253436088562,
        4.13441801071167
    ],
    "wp_1": [
        -0.13941755890846252,
        1.8033896684646606
    ],
    "aim": [
        0.8834280967712402,
        6.908318042755127
    ],
    "target": [
        4.871582205828145,
        9.790166707205241
    ],
    "desired_speed": 6.64739465713501,
    "angle": 0.08097072641810431,
    "angle_last": 0.25480412549131093,
    "angle_target": 0.2939435048454104,
    "angle_final": 0.08097072641810431,
    "delta": 0.25,
    "log_entries": [
        "norm1:2.97",
        "norm2:5.54",
        "norm3:8.63",
        "norm4:12.18",
        "norm5:16.14",
        " ",
        " ",
        " ",
        " ",
        " ",
        " ",
        " ",
        " ",
        " ",
        " ",
        " ",
        " ",
        " ",
        " ",
        " ",
        " ",
        " ",
        " ",
        " ",
        " ",
        " ",
        " ",
        " ",
        " ",
        " ",
        " ",
        " ",
        " ",
        " "
    ],
    "agent": "only_traj",
    "steer_traj": -0.027109880756827708,
    "throttle_traj": 0.75,
    "brake_traj": 0.0,
    "plan": [
        [
            -0.13941755890846252,
            1.8033896684646606
        ],
        [
            0.08528253436088562,
            4.13441801071167
        ],
        [
            0.8834280967712402,
            6.908318042755127
        ],
        [
            1.7392394542694092,
            10.148178100585938
        ],
        [
            3.2535834312438965,
            13.687479019165039
        ],
        [
            4.886022567749023,
            17.545921325683594
        ]
    ],
    "command": 3,
    "redefined_command": 4,
    "cmd_softmax_output": [
        0.003116447478532791,
        0.9968609809875488,
        2.2538479242939502e-05
    ],
    "all_plan": [
        [
            [
                -0.08222857117652893,
                2.3105053901672363
            ],
            [
                0.10675297677516937,
                4.914540767669678
            ],
            [
                0.7670706510543823,
                7.701780319213867
            ],
            [
                1.3641486167907715,
                10.597925186157227
            ],
            [
                2.4196882247924805,
                13.652531623840332
            ],
            [
                3.532048463821411,
                16.805696487426758
            ]
        ],
        [
            [
                -0.19713804125785828,
                1.8307093381881714
            ],
            [
                -0.03597816824913025,
                4.114398002624512
            ],
            [
                0.7501702308654785,
                6.797903060913086
            ],
            [
                1.6329667568206787,
                9.877595901489258
            ],
            [
                3.201516628265381,
                13.240267753601074
            ],
            [
                4.864029884338379,
                16.937686920166016
            ]
        ],
        [
            [
                0.05911663919687271,
                1.9168325662612915
            ],
            [
                0.48583900928497314,
                4.282293319702148
            ],
            [
                1.4193978309631348,
                7.006660461425781
            ],
            [
                2.195680618286133,
                10.125247955322266
            ],
            [
                3.6350812911987305,
                13.499884605407715
            ],
            [
                5.200302600860596,
                17.072721481323242
            ]
        ],
        [
            [
                0.25272437930107117,
                1.7982804775238037
            ],
            [
                0.76896071434021,
                3.9585306644439697
            ],
            [
                1.595692753791809,
                6.348840713500977
            ],
            [
                2.194979429244995,
                9.143026351928711
            ],
            [
                3.4339118003845215,
                12.056472778320312
            ],
            [
                4.810357093811035,
                15.022052764892578
            ]
        ],
        [
            [
                -0.13941755890846252,
                1.8033896684646606
            ],
            [
                0.08528253436088562,
                4.13441801071167
            ],
            [
                0.8834280967712402,
                6.908318042755127
            ],
            [
                1.7392394542694092,
                10.148178100585938
            ],
            [
                3.2535834312438965,
                13.687479019165039
            ],
            [
                4.886022567749023,
                17.545921325683594
            ]
        ],
        [
            [
                -0.27378392219543457,
                1.9494919776916504
            ],
            [
                -0.23065048456192017,
                4.323736667633057
            ],
            [
                0.46160709857940674,
                7.078946590423584
            ],
            [
                1.2714006900787354,
                10.10780143737793
            ],
            [
                2.7161202430725098,
                13.37817096710205
            ],
            [
                4.217169761657715,
                16.923601150512695
            ]
        ]
    ],
    "tl_trigger": 4.232551589211653e-07,
    "tl_status": 0
}