{
    "speed": 7.373837453356328,
    "steer": 0.00016277137910947204,
    "throttle": 0.75,
    "brake": 0.0,
    "wp_6": [
        0.08559372276067734,
        22.991662979125977
    ],
    "wp_5": [
        0.06270349025726318,
        19.214052200317383
    ],
    "wp_4": [
        0.0506112203001976,
        15.349874496459961
    ],
    "wp_3": [
        0.1548585742712021,
        11.51815128326416
    ],
    "wp_2": [
        0.1286366581916809,
        7.6733808517456055
    ],
    "wp_1": [
        0.09062590450048447,
        3.8065218925476074
    ],
    "aim": [
        0.0506112203001976,
        15.349874496459961
    ],
    "target": [
        -0.6877092680129921,
        53.554274627957255
    ],
    "desired_speed": 7.674769306182861,
    "angle": 0.0020990410863912824,
    "angle_last": 0.003857511233706454,
    "angle_target": -0.008174608994622254,
    "angle_final": 0.0020990410863912824,
    "delta": 0.25,
    "agent": "only_traj",
    "steer_traj": 0.00016277137803521877,
    "throttle_traj": 0.75,
    "brake_traj": 0.0,
    "plan": [
        [
            0.09062590450048447,
            3.8065218925476074
        ],
        [
            0.1286366581916809,
            7.6733808517456055
        ],
        [
            0.1548585742712021,
            11.51815128326416
        ],
        [
            0.0506112203001976,
            15.349874496459961
        ],
        [
            0.06270349025726318,
            19.214052200317383
        ],
        [
            0.08559372276067734,
            22.991662979125977
        ]
    ],
    "command": 3,
    "all_plan": [
        [
            [
                0.12814587354660034,
                3.8030738830566406
            ],
            [
                0.18515747785568237,
                7.725663185119629
            ],
            [
                0.2229602336883545,
                11.654109954833984
            ],
            [
                0.07280270755290985,
                15.574892044067383
            ],
            [
                0.07269235700368881,
                19.556079864501953
            ],
            [
                0.09908930957317352,
                23.47823715209961
            ]
        ],
        [
            [
                0.12053187936544418,
                3.856142997741699
            ],
            [
                0.1829456090927124,
                7.797983169555664
            ],
            [
                0.23259973526000977,
                11.721704483032227
            ],
            [
                0.11463586241006851,
                15.636795997619629
            ],
            [
                0.14341463148593903,
                19.611814498901367
            ],
            [
                0.19438371062278748,
                23.53622817993164
            ]
        ],
        [
            [
                0.09445365518331528,
                3.9097228050231934
            ],
            [
                0.13755357265472412,
                7.9074201583862305
            ],
            [
                0.1702871024608612,
                11.879968643188477
            ],
            [
                0.0689270868897438,
                15.847237586975098
            ],
            [
                0.08875186741352081,
                19.857952117919922
            ],
            [
                0.1191839948296547,
                23.804170608520508
            ]
        ],
        [
            [
                0.09062590450048447,
                3.8065218925476074
            ],
            [
                0.1286366581916809,
                7.6733808517456055
            ],
            [
                0.1548585742712021,
                11.51815128326416
            ],
            [
                0.0506112203001976,
                15.349874496459961
            ],
            [
                0.06270349025726318,
                19.214052200317383
            ],
            [
                0.08559372276067734,
                22.991662979125977
            ]
        ],
        [
            [
                0.09026006609201431,
                3.935722827911377
            ],
            [
                0.12528565526008606,
                7.936328411102295
            ],
            [
                0.1500461846590042,
                11.903221130371094
            ],
            [
                0.041122131049633026,
                15.850565910339355
            ],
            [
                0.05003735423088074,
                19.849666595458984
            ],
            [
                0.06520503014326096,
                23.792993545532227
            ]
        ],
        [
            [
                0.1333055943250656,
                3.861593723297119
            ],
            [
                0.21880817413330078,
                7.8282575607299805
            ],
            [
                0.29584601521492004,
                11.782318115234375
            ],
            [
                0.19731679558753967,
                15.743202209472656
            ],
            [
                0.2566618323326111,
                19.753700256347656
            ],
            [
                0.34099629521369934,
                23.704174041748047
            ]
        ]
    ],
    "tl_trigger": 8.054366844589822e-07,
    "tl_status": 0
}