{
    "speed": 7.6556525587011235,
    "steer": -0.001393399783410132,
    "throttle": 0.75,
    "brake": 0.0,
    "wp_6": [
        0.015926912426948547,
        23.641761779785156
    ],
    "wp_5": [
        0.022104253992438316,
        19.7330322265625
    ],
    "wp_4": [
        0.03414358198642731,
        15.767121315002441
    ],
    "wp_3": [
        0.17025333642959595,
        11.856279373168945
    ],
    "wp_2": [
        0.14723502099514008,
        7.90920352935791
    ],
    "wp_1": [
        0.10787420719861984,
        3.9304704666137695
    ],
    "aim": [
        0.03414358198642731,
        15.767121315002441
    ],
    "target": [
        -0.07571955699536215,
        43.22157798508625
    ],
    "desired_speed": 7.88557767868042,
    "angle": 0.001378607910936493,
    "angle_last": -0.00100611469227807,
    "angle_target": -0.0011152882442091666,
    "angle_final": -0.0011152882442091666,
    "delta": 0.22992511997929643,
    "agent": "only_traj",
    "steer_traj": -0.0013933998022200834,
    "throttle_traj": 0.75,
    "brake_traj": 0.0,
    "plan": [
        [
            0.10787420719861984,
            3.9304704666137695
        ],
        [
            0.14723502099514008,
            7.90920352935791
        ],
        [
            0.17025333642959595,
            11.856279373168945
        ],
        [
            0.03414358198642731,
            15.767121315002441
        ],
        [
            0.022104253992438316,
            19.7330322265625
        ],
        [
            0.015926912426948547,
            23.641761779785156
        ]
    ],
    "command": 3,
    "all_plan": [
        [
            [
                0.148173525929451,
                3.895524024963379
            ],
            [
                0.20784305036067963,
                7.837491989135742
            ],
            [
                0.24107146263122559,
                11.754828453063965
            ],
            [
                0.058223411440849304,
                15.626775741577148
            ],
            [
                0.035801611840724945,
                19.576801300048828
            ],
            [
                0.03540758788585663,
                23.482654571533203
            ]
        ],
        [
            [
                0.1491725742816925,
                3.850369453430176
            ],
            [
                0.21420979499816895,
                7.767986297607422
            ],
            [
                0.2549091577529907,
                11.679815292358398
            ],
            [
                0.08190299570560455,
                15.55984878540039
            ],
            [
                0.07100021094083786,
                19.519412994384766
            ],
            [
                0.08442963659763336,
                23.439525604248047
            ]
        ],
        [
            [
                0.12029977887868881,
                3.9294981956481934
            ],
            [
                0.16803544759750366,
                7.92589807510376
            ],
            [
                0.19670788943767548,
                11.904836654663086
            ],
            [
                0.050819188356399536,
                15.856223106384277
            ],
            [
                0.040600843727588654,
                19.867517471313477
            ],
            [
                0.042127639055252075,
                23.8243465423584
            ]
        ],
        [
            [
                0.10787420719861984,
                3.9304704666137695
            ],
            [
                0.14723502099514008,
                7.90920352935791
            ],
            [
                0.17025333642959595,
                11.856279373168945
            ],
            [
                0.03414358198642731,
                15.767121315002441
            ],
            [
                0.022104253992438316,
                19.7330322265625
            ],
            [
                0.015926912426948547,
                23.641761779785156
            ]
        ],
        [
            [
                0.1231350377202034,
                3.913393020629883
            ],
            [
                0.1667279601097107,
                7.893998146057129
            ],
            [
                0.189147487282753,
                11.865978240966797
            ],
            [
                0.027719557285308838,
                15.804697036743164
            ],
            [
                0.0039136167615652084,
                19.812406539916992
            ],
            [
                -0.00809943675994873,
                23.773120880126953
            ]
        ],
        [
            [
                0.14693689346313477,
                3.819650173187256
            ],
            [
                0.21309688687324524,
                7.702585697174072
            ],
            [
                0.2563404142856598,
                11.574851989746094
            ],
            [
                0.09140785038471222,
                15.415645599365234
            ],
            [
                0.08510517328977585,
                19.33241081237793
            ],
            [
                0.10256649553775787,
                23.206937789916992
            ]
        ]
    ],
    "tl_trigger": 7.794508860570204e-07,
    "tl_status": 0
}