{
    "speed": 5.043543638720247,
    "steer": 0.00039121872396208346,
    "throttle": 0.062030352652072906,
    "brake": 0.0,
    "wp_6": [
        0.017590824514627457,
        15.035848617553711
    ],
    "wp_5": [
        0.005189070478081703,
        13.703322410583496
    ],
    "wp_4": [
        0.017017368227243423,
        11.78071117401123
    ],
    "wp_3": [
        -0.030072592198848724,
        9.191787719726562
    ],
    "wp_2": [
        -0.004020543769001961,
        6.379662036895752
    ],
    "wp_1": [
        0.004519913345575333,
        3.243405818939209
    ],
    "aim": [
        0.017017368227243423,
        11.78071117401123
    ],
    "target": [
        0.8292611731657333,
        12.151102060333505
    ],
    "desired_speed": 4.71723895072937,
    "angle": 0.0009196191987116361,
    "angle_last": 0.005924781822496981,
    "angle_target": 0.04337933631417429,
    "angle_final": 0.0009196191987116361,
    "delta": 0.0,
    "agent": "only_traj",
    "steer_traj": 0.0003912187274332479,
    "throttle_traj": 0.062030352423557665,
    "brake_traj": 0.0,
    "plan": [
        [
            0.004519913345575333,
            3.243405818939209
        ],
        [
            -0.004020543769001961,
            6.379662036895752
        ],
        [
            -0.030072592198848724,
            9.191787719726562
        ],
        [
            0.017017368227243423,
            11.78071117401123
        ],
        [
            0.005189070478081703,
            13.703322410583496
        ],
        [
            0.017590824514627457,
            15.035848617553711
        ]
    ],
    "command": 3,
    "all_plan": [
        [
            [
                0.03560592979192734,
                3.3757338523864746
            ],
            [
                0.0483371764421463,
                6.6268391609191895
            ],
            [
                0.04404155910015106,
                9.438761711120605
            ],
            [
                0.0962262749671936,
                11.84385871887207
            ],
            [
                0.09970057755708694,
                13.541050910949707
            ],
            [
                0.1400231420993805,
                14.759566307067871
            ]
        ],
        [
            [
                0.043309442698955536,
                3.3306803703308105
            ],
            [
                0.06928856670856476,
                6.533692359924316
            ],
            [
                0.08000919967889786,
                9.306915283203125
            ],
            [
                0.15535303950309753,
                11.751311302185059
            ],
            [
                0.17987775802612305,
                13.560701370239258
            ],
            [
                0.25290945172309875,
                14.888514518737793
            ]
        ],
        [
            [
                0.018960364162921906,
                3.389840602874756
            ],
            [
                0.02226475067436695,
                6.71600866317749
            ],
            [
                0.006703551858663559,
                9.693018913269043
            ],
            [
                0.0705118328332901,
                12.40701961517334
            ],
            [
                0.06572406738996506,
                14.40733814239502
            ],
            [
                0.0927828699350357,
                15.807602882385254
            ]
        ],
        [
            [
                0.004519913345575333,
                3.243405818939209
            ],
            [
                -0.004020543769001961,
                6.379662036895752
            ],
            [
                -0.030072592198848724,
                9.191787719726562
            ],
            [
                0.017017368227243423,
                11.78071117401123
            ],
            [
                0.005189070478081703,
                13.703322410583496
            ],
            [
                0.017590824514627457,
                15.035848617553711
            ]
        ],
        [
            [
                0.009533323347568512,
                3.3982901573181152
            ],
            [
                0.0015320051461458206,
                6.723451614379883
            ],
            [
                -0.01876835897564888,
                9.657698631286621
            ],
            [
                0.04999752715229988,
                12.278494834899902
            ],
            [
                0.0343351885676384,
                14.214935302734375
            ],
            [
                0.049226775765419006,
                15.614018440246582
            ]
        ],
        [
            [
                0.04257936775684357,
                3.279665946960449
            ],
            [
                0.07021324336528778,
                6.458257675170898
            ],
            [
                0.08408956974744797,
                9.216960906982422
            ],
            [
                0.178044393658638,
                11.65892219543457
            ],
            [
                0.20744536817073822,
                13.48635196685791
            ],
            [
                0.2905096113681793,
                14.842097282409668
            ]
        ]
    ],
    "tl_trigger": 0.999980092048645,
    "tl_status": 2
}