{
    "speed": 0.13831794421126284,
    "steer": 0.0791843980550766,
    "throttle": 0.75,
    "brake": 0.0,
    "wp_6": [
        3.547213077545166,
        16.6861629486084
    ],
    "wp_5": [
        2.3838772773742676,
        12.882390975952148
    ],
    "wp_4": [
        1.4825562238693237,
        9.158856391906738
    ],
    "wp_3": [
        1.051998257637024,
        5.5445661544799805
    ],
    "wp_2": [
        0.4944237172603607,
        2.7765214443206787
    ],
    "wp_1": [
        0.15260079503059387,
        0.8831894993782043
    ],
    "aim": [
        1.4825562238693237,
        9.158856391906738
    ],
    "target": [
        3.6785339543889934,
        41.659467100498546
    ],
    "desired_speed": 6.478476095199585,
    "angle": 0.10216434806670921,
    "angle_last": 0.18895100839061457,
    "angle_target": 0.05606815431747514,
    "angle_final": 0.05606815431747514,
    "delta": 0.25,
    "log_entries": [
        "norm1:1.86",
        "norm2:4.23",
        "norm3:7.46",
        "norm4:11.19",
        "norm5:15.08",
        " ",
        " ",
        " ",
        " ",
        " ",
        " ",
        " ",
        " ",
        " ",
        " ",
        " "
    ],
    "agent": "only_traj",
    "steer_traj": 0.07918439517464235,
    "throttle_traj": 0.75,
    "brake_traj": 0.0,
    "plan": [
        [
            0.15260079503059387,
            0.8831894993782043
        ],
        [
            0.4944237172603607,
            2.7765214443206787
        ],
        [
            1.051998257637024,
            5.5445661544799805
        ],
        [
            1.4825562238693237,
            9.158856391906738
        ],
        [
            2.3838772773742676,
            12.882390975952148
        ],
        [
            3.547213077545166,
            16.6861629486084
        ]
    ],
    "command": 2,
    "redefined_command": 2,
    "cmd_softmax_output": [
        0.2556191384792328,
        0.6774796843528748,
        0.06690115481615067
    ],
    "all_plan": [
        [
            [
                0.1050880178809166,
                0.8560451865196228
            ],
            [
                0.3865366280078888,
                2.6245131492614746
            ],
            [
                0.877845048904419,
                5.183980464935303
            ],
            [
                1.229351282119751,
                8.482115745544434
            ],
            [
                2.0168492794036865,
                11.920242309570312
            ],
            [
                3.028140068054199,
                15.474142074584961
            ]
        ],
        [
            [
                0.08991581201553345,
                0.9085203409194946
            ],
            [
                0.4030388295650482,
                2.697193145751953
            ],
            [
                0.9847084283828735,
                5.243895530700684
            ],
            [
                1.4444563388824463,
                8.54033374786377
            ],
            [
                2.3686716556549072,
                11.968425750732422
            ],
            [
                3.5157456398010254,
                15.521913528442383
            ]
        ],
        [
            [
                0.15260079503059387,
                0.8831894993782043
            ],
            [
                0.4944237172603607,
                2.7765214443206787
            ],
            [
                1.051998257637024,
                5.5445661544799805
            ],
            [
                1.4825562238693237,
                9.158856391906738
            ],
            [
                2.3838772773742676,
                12.882390975952148
            ],
            [
                3.547213077545166,
                16.6861629486084
            ]
        ],
        [
            [
                0.1641787886619568,
                0.7928861379623413
            ],
            [
                0.49237534403800964,
                2.570420742034912
            ],
            [
                1.0130870342254639,
                5.232208251953125
            ],
            [
                1.3913261890411377,
                8.731366157531738
            ],
            [
                2.224745512008667,
                12.343145370483398
            ],
            [
                3.3362064361572266,
                16.024890899658203
            ]
        ],
        [
            [
                0.1114264503121376,
                0.9546521902084351
            ],
            [
                0.4432680308818817,
                2.866823196411133
            ],
            [
                1.0298411846160889,
                5.597454071044922
            ],
            [
                1.504616618156433,
                9.115066528320312
            ],
            [
                2.4459781646728516,
                12.75716781616211
            ],
            [
                3.6202120780944824,
                16.51449966430664
            ]
        ],
        [
            [
                0.09526850283145905,
                1.0625910758972168
            ],
            [
                0.4033321738243103,
                3.0011956691741943
            ],
            [
                0.9672025442123413,
                5.648332595825195
            ],
            [
                1.4074567556381226,
                9.018239974975586
            ],
            [
                2.334181785583496,
                12.53464126586914
            ],
            [
                3.4563586711883545,
                16.2008056640625
            ]
        ]
    ],
    "tl_trigger": 4.7439775130442285e-07,
    "tl_status": 0
}