{
    "speed": -0.02454533958924937,
    "steer": 0.3629727363586426,
    "throttle": 0.75,
    "brake": 0.0,
    "wp_6": [
        6.3970842361450195,
        11.523967742919922
    ],
    "wp_5": [
        4.3448262214660645,
        9.112326622009277
    ],
    "wp_4": [
        2.7320902347564697,
        6.663486003875732
    ],
    "wp_3": [
        1.6163671016693115,
        4.226498603820801
    ],
    "wp_2": [
        0.6703153848648071,
        2.5336761474609375
    ],
    "wp_1": [
        0.1751079112291336,
        1.1262978315353394
    ],
    "aim": [
        2.7320902347564697,
        6.663486003875732
    ],
    "target": [
        14.08638442062454,
        35.33006009038163
    ],
    "desired_speed": 4.884123897552491,
    "angle": 0.2477120365121236,
    "angle_last": 0.44885681972802016,
    "angle_target": 0.24152861079047136,
    "angle_final": 0.24152861079047136,
    "delta": 0.25,
    "log_entries": [
        "norm1:1.88",
        "norm2:3.57",
        "norm3:5.86",
        "norm4:8.65",
        "norm5:11.63",
        " ",
        " ",
        " ",
        " ",
        " ",
        " ",
        " ",
        " ",
        " ",
        " ",
        " ",
        " "
    ],
    "agent": "only_traj",
    "steer_traj": 0.3629727394788699,
    "throttle_traj": 0.75,
    "brake_traj": 0.0,
    "plan": [
        [
            0.1751079112291336,
            1.1262978315353394
        ],
        [
            0.6703153848648071,
            2.5336761474609375
        ],
        [
            1.6163671016693115,
            4.226498603820801
        ],
        [
            2.7320902347564697,
            6.663486003875732
        ],
        [
            4.3448262214660645,
            9.112326622009277
        ],
        [
            6.3970842361450195,
            11.523967742919922
        ]
    ],
    "command": 2,
    "redefined_command": 2,
    "cmd_softmax_output": [
        0.0477161668241024,
        0.9140632748603821,
        0.03822055086493492
    ],
    "all_plan": [
        [
            [
                0.137986421585083,
                1.1356844902038574
            ],
            [
                0.5848491191864014,
                2.5194218158721924
            ],
            [
                1.4337879419326782,
                4.131216049194336
            ],
            [
                2.4096579551696777,
                6.364898681640625
            ],
            [
                3.8145079612731934,
                8.594741821289062
            ],
            [
                5.575920104980469,
                10.797088623046875
            ]
        ],
        [
            [
                0.12771034240722656,
                1.1388306617736816
            ],
            [
                0.5886675119400024,
                2.5218732357025146
            ],
            [
                1.5429211854934692,
                4.1898417472839355
            ],
            [
                2.6825830936431885,
                6.5263261795043945
            ],
            [
                4.326845645904541,
                8.86671257019043
            ],
            [
                6.387498378753662,
                11.201531410217285
            ]
        ],
        [
            [
                0.1751079112291336,
                1.1262978315353394
            ],
            [
                0.6703153848648071,
                2.5336761474609375
            ],
            [
                1.6163671016693115,
                4.226498603820801
            ],
            [
                2.7320902347564697,
                6.663486003875732
            ],
            [
                4.3448262214660645,
                9.112326622009277
            ],
            [
                6.3970842361450195,
                11.523967742919922
            ]
        ],
        [
            [
                0.18656548857688904,
                0.9733304381370544
            ],
            [
                0.6370431780815125,
                2.223696708679199
            ],
            [
                1.472426414489746,
                3.7627296447753906
            ],
            [
                2.4642584323883057,
                6.011903762817383
            ],
            [
                3.901740550994873,
                8.265646934509277
            ],
            [
                5.7868804931640625,
                10.460977554321289
            ]
        ],
        [
            [
                0.14407500624656677,
                1.1961431503295898
            ],
            [
                0.6388200521469116,
                2.6569418907165527
            ],
            [
                1.6342114210128784,
                4.397206783294678
            ],
            [
                2.828770160675049,
                6.845188140869141
            ],
            [
                4.535264015197754,
                9.293566703796387
            ],
            [
                6.6606011390686035,
                11.72906494140625
            ]
        ],
        [
            [
                0.08278543502092361,
                1.2986618280410767
            ],
            [
                0.5397701859474182,
                2.8699073791503906
            ],
            [
                1.4880331754684448,
                4.662541389465332
            ],
            [
                2.639408588409424,
                7.051455497741699
            ],
            [
                4.239165782928467,
                9.407222747802734
            ],
            [
                6.162412166595459,
                11.771400451660156
            ]
        ]
    ],
    "tl_trigger": 5.746127840211557e-07,
    "tl_status": 0
}