{
    "speed": 0.010601018683197632,
    "steer": 0.44880521297454834,
    "throttle": 0.75,
    "brake": 0.0,
    "wp_6": [
        7.020414352416992,
        8.655866622924805
    ],
    "wp_5": [
        4.631781101226807,
        6.964553356170654
    ],
    "wp_4": [
        2.755946636199951,
        5.223879814147949
    ],
    "wp_3": [
        1.4888683557510376,
        3.3247106075286865
    ],
    "wp_2": [
        0.5263798236846924,
        2.0248851776123047
    ],
    "wp_1": [
        0.11648189276456833,
        1.002068281173706
    ],
    "aim": [
        2.755946636199951,
        5.223879814147949
    ],
    "target": [
        28.399403932294096,
        21.184258112674673
    ],
    "desired_speed": 4.1952661037445065,
    "angle": 0.30905168871828476,
    "angle_last": 0.6077659519007858,
    "angle_target": 0.5919917925360442,
    "angle_final": 0.30905168871828476,
    "delta": 0.25,
    "log_entries": [
        "norm1:1.55",
        "norm2:2.86",
        "norm3:4.77",
        "norm4:7.13",
        "norm5:9.74",
        " ",
        " ",
        " ",
        " ",
        " ",
        " ",
        " ",
        " ",
        " "
    ],
    "agent": "only_traj",
    "steer_traj": 0.448805226976689,
    "throttle_traj": 0.75,
    "brake_traj": 0.0,
    "plan": [
        [
            0.11648189276456833,
            1.002068281173706
        ],
        [
            0.5263798236846924,
            2.0248851776123047
        ],
        [
            1.4888683557510376,
            3.3247106075286865
        ],
        [
            2.755946636199951,
            5.223879814147949
        ],
        [
            4.631781101226807,
            6.964553356170654
        ],
        [
            7.020414352416992,
            8.655866622924805
        ]
    ],
    "command": 2,
    "redefined_command": 2,
    "cmd_softmax_output": [
        0.6219834685325623,
        0.35166075825691223,
        0.026355784386396408
    ],
    "all_plan": [
        [
            [
                0.06872057169675827,
                0.8413397073745728
            ],
            [
                0.3409191370010376,
                1.831770658493042
            ],
            [
                1.0302671194076538,
                3.065931797027588
            ],
            [
                1.968916893005371,
                4.821017742156982
            ],
            [
                3.366799831390381,
                6.463255882263184
            ],
            [
                5.1680426597595215,
                8.050952911376953
            ]
        ],
        [
            [
                0.09147364646196365,
                1.1361302137374878
            ],
            [
                0.5200326442718506,
                2.054640531539917
            ],
            [
                1.5766150951385498,
                3.1609225273132324
            ],
            [
                3.0012760162353516,
                4.80419397354126
            ],
            [
                5.10794734954834,
                6.156074523925781
            ],
            [
                7.767414093017578,
                7.428558349609375
            ]
        ],
        [
            [
                0.11648189276456833,
                1.002068281173706
            ],
            [
                0.5263798236846924,
                2.0248851776123047
            ],
            [
                1.4888683557510376,
                3.3247106075286865
            ],
            [
                2.755946636199951,
                5.223879814147949
            ],
            [
                4.631781101226807,
                6.964553356170654
            ],
            [
                7.020414352416992,
                8.655866622924805
            ]
        ],
        [
            [
                0.15392039716243744,
                0.9061737656593323
            ],
            [
                0.5683863759040833,
                1.9269499778747559
            ],
            [
                1.5357909202575684,
                3.2312841415405273
            ],
            [
                2.7505109310150146,
                5.12996768951416
            ],
            [
                4.57903528213501,
                6.933102607727051
            ],
            [
                6.952235221862793,
                8.70615005493164
            ]
        ],
        [
            [
                0.10580932348966599,
                1.1666111946105957
            ],
            [
                0.5672024488449097,
                2.18953275680542
            ],
            [
                1.6694408655166626,
                3.4555563926696777
            ],
            [
                3.152886390686035,
                5.290037155151367
            ],
            [
                5.338561058044434,
                6.843176364898682
            ],
            [
                8.063525199890137,
                8.332568168640137
            ]
        ],
        [
            [
                0.08591725677251816,
                1.0302997827529907
            ],
            [
                0.44433102011680603,
                1.9898552894592285
            ],
            [
                1.2838042974472046,
                3.134340763092041
            ],
            [
                2.3936970233917236,
                4.7164692878723145
            ],
            [
                4.051515579223633,
                6.049404621124268
            ],
            [
                6.112031936645508,
                7.3041605949401855
            ]
        ]
    ],
    "tl_trigger": 4.5368133783085796e-07,
    "tl_status": 0
}