{
    "speed": 0.018757696749571215,
    "steer": 0.4975842237472534,
    "throttle": 0.75,
    "brake": 0.0,
    "wp_6": [
        5.806709289550781,
        6.691970348358154
    ],
    "wp_5": [
        3.803682804107666,
        5.345826625823975
    ],
    "wp_4": [
        2.2618017196655273,
        3.998291492462158
    ],
    "wp_3": [
        1.2214046716690063,
        2.5605010986328125
    ],
    "wp_2": [
        0.42549440264701843,
        1.5551228523254395
    ],
    "wp_1": [
        0.11247681826353073,
        0.7434195280075073
    ],
    "aim": [
        2.2618017196655273,
        3.998291492462158
    ],
    "target": [
        31.014881031036087,
        16.745991976869508
    ],
    "desired_speed": 3.355226850509643,
    "angle": 0.32773885861446733,
    "angle_last": 0.6232970052179916,
    "angle_target": 0.684820855419049,
    "angle_final": 0.32773885861446733,
    "delta": 0.25,
    "log_entries": [
        "norm1:1.18",
        "norm2:2.22",
        "norm3:3.71",
        "norm4:5.57",
        "norm5:7.70",
        " ",
        " ",
        " ",
        " ",
        " ",
        " ",
        " ",
        " ",
        " "
    ],
    "agent": "only_traj",
    "steer_traj": 0.49758421110265943,
    "throttle_traj": 0.75,
    "brake_traj": 0.0,
    "plan": [
        [
            0.11247681826353073,
            0.7434195280075073
        ],
        [
            0.42549440264701843,
            1.5551228523254395
        ],
        [
            1.2214046716690063,
            2.5605010986328125
        ],
        [
            2.2618017196655273,
            3.998291492462158
        ],
        [
            3.803682804107666,
            5.345826625823975
        ],
        [
            5.806709289550781,
            6.691970348358154
        ]
    ],
    "command": 2,
    "redefined_command": 2,
    "cmd_softmax_output": [
        0.7633110284805298,
        0.14089295268058777,
        0.09579608589410782
    ],
    "all_plan": [
        [
            [
                0.048557162284851074,
                0.6281441450119019
            ],
            [
                0.22968822717666626,
                1.3516336679458618
            ],
            [
                0.8024777770042419,
                2.2552711963653564
            ],
            [
                1.5940126180648804,
                3.6071863174438477
            ],
            [
                2.77626371383667,
                4.902198791503906
            ],
            [
                4.400952339172363,
                6.1494035720825195
            ]
        ],
        [
            [
                0.12249062210321426,
                1.0189882516860962
            ],
            [
                0.5429179668426514,
                1.7722837924957275
            ],
            [
                1.6180882453918457,
                2.6403942108154297
            ],
            [
                2.997419834136963,
                4.004681587219238
            ],
            [
                5.087017059326172,
                5.132169723510742
            ],
            [
                7.797565937042236,
                6.198427677154541
            ]
        ],
        [
            [
                0.11247681826353073,
                0.7434195280075073
            ],
            [
                0.42549440264701843,
                1.5551228523254395
            ],
            [
                1.2214046716690063,
                2.5605010986328125
            ],
            [
                2.2618017196655273,
                3.998291492462158
            ],
            [
                3.803682804107666,
                5.345826625823975
            ],
            [
                5.806709289550781,
                6.691970348358154
            ]
        ],
        [
            [
                0.06899555772542953,
                0.6971007585525513
            ],
            [
                0.3219173550605774,
                1.5599427223205566
            ],
            [
                1.0651054382324219,
                2.652298927307129
            ],
            [
                2.1304874420166016,
                4.220983505249023
            ],
            [
                3.6570324897766113,
                5.6987810134887695
            ],
            [
                5.656210899353027,
                7.16453218460083
            ]
        ],
        [
            [
                0.09861134737730026,
                0.8689349889755249
            ],
            [
                0.44800278544425964,
                1.6358728408813477
            ],
            [
                1.3507753610610962,
                2.5707786083221436
            ],
            [
                2.559015989303589,
                3.9552974700927734
            ],
            [
                4.34175443649292,
                5.1780242919921875
            ],
            [
                6.621248245239258,
                6.38051700592041
            ]
        ],
        [
            [
                0.08868823200464249,
                0.8471060991287231
            ],
            [
                0.392019122838974,
                1.5183484554290771
            ],
            [
                1.1895544528961182,
                2.3248562812805176
            ],
            [
                2.2245936393737793,
                3.5645012855529785
            ],
            [
                3.784282922744751,
                4.628017902374268
            ],
            [
                5.8633246421813965,
                5.6053361892700195
            ]
        ]
    ],
    "tl_trigger": 4.286276578113757e-07,
    "tl_status": 0
}