{
    "speed": 6.487853512647089,
    "steer": 0.1512683928012848,
    "throttle": 0.75,
    "brake": 0.0,
    "wp_6": [
        1.1996303796768188,
        20.512767791748047
    ],
    "wp_5": [
        0.8835558295249939,
        17.32003402709961
    ],
    "wp_4": [
        0.6848205924034119,
        13.878742218017578
    ],
    "wp_3": [
        0.7288579940795898,
        10.286251068115234
    ],
    "wp_2": [
        0.5093252658843994,
        6.794427871704102
    ],
    "wp_1": [
        0.2688211500644684,
        3.272953987121582
    ],
    "aim": [
        0.6848205924034119,
        13.878742218017578
    ],
    "target": [
        2.6457427282931505,
        28.33984139699782
    ],
    "desired_speed": 6.910608959197997,
    "angle": 0.03138734759335063,
    "angle_last": 0.06281942280780464,
    "angle_target": 0.059261595162724834,
    "angle_final": 0.03138734759335063,
    "delta": 0.25,
    "agent": "only_traj",
    "steer_traj": 0.15126838690289804,
    "throttle_traj": 0.75,
    "brake_traj": 0.0,
    "plan": [
        [
            0.2688211500644684,
            3.272953987121582
        ],
        [
            0.5093252658843994,
            6.794427871704102
        ],
        [
            0.7288579940795898,
            10.286251068115234
        ],
        [
            0.6848205924034119,
            13.878742218017578
        ],
        [
            0.8835558295249939,
            17.32003402709961
        ],
        [
            1.1996303796768188,
            20.512767791748047
        ]
    ],
    "command": 3,
    "all_plan": [
        [
            [
                0.37874069809913635,
                3.2907843589782715
            ],
            [
                0.6865978837013245,
                6.72064208984375
            ],
            [
                0.9573960304260254,
                10.107672691345215
            ],
            [
                0.7919844388961792,
                13.562344551086426
            ],
            [
                0.998349666595459,
                17.01422691345215
            ],
            [
                1.3507148027420044,
                20.29945182800293
            ]
        ],
        [
            [
                0.4464685618877411,
                3.386237144470215
            ],
            [
                0.8286085724830627,
                6.863414287567139
            ],
            [
                1.1728858947753906,
                10.267118453979492
            ],
            [
                0.9913507103919983,
                13.769979476928711
            ],
            [
                1.2553441524505615,
                17.250295639038086
            ],
            [
                1.6681264638900757,
                20.56552505493164
            ]
        ],
        [
            [
                0.3335818350315094,
                3.3613405227661133
            ],
            [
                0.6303412914276123,
                7.0128278732299805
            ],
            [
                0.9126849174499512,
                10.716978073120117
            ],
            [
                0.8183655142784119,
                14.520519256591797
            ],
            [
                1.0493141412734985,
                18.302762985229492
            ],
            [
                1.4096204042434692,
                21.925811767578125
            ]
        ],
        [
            [
                0.2688211500644684,
                3.272953987121582
            ],
            [
                0.5093252658843994,
                6.794427871704102
            ],
            [
                0.7288579940795898,
                10.286251068115234
            ],
            [
                0.6848205924034119,
                13.878742218017578
            ],
            [
                0.8835558295249939,
                17.32003402709961
            ],
            [
                1.1996303796768188,
                20.512767791748047
            ]
        ],
        [
            [
                0.3524074852466583,
                3.388190269470215
            ],
            [
                0.6510063409805298,
                6.997681617736816
            ],
            [
                0.9286665916442871,
                10.617505073547363
            ],
            [
                0.7973350882530212,
                14.303295135498047
            ],
            [
                1.0063854455947876,
                17.971681594848633
            ],
            [
                1.3465046882629395,
                21.475282669067383
            ]
        ],
        [
            [
                0.4852578938007355,
                3.37088680267334
            ],
            [
                0.8928662538528442,
                6.829298973083496
            ],
            [
                1.2584848403930664,
                10.230188369750977
            ],
            [
                1.0269689559936523,
                13.70985221862793
            ],
            [
                1.2866888046264648,
                17.185466766357422
            ],
            [
                1.6964137554168701,
                20.538864135742188
            ]
        ]
    ],
    "tl_trigger": 5.981350454931089e-07,
    "tl_status": 0
}